coef,coef_bias,se,robust_se,p_value,robust_p_value,n_cont,n_treat,poly,h_bandwidth,b_bandwidth,threshold,sig,robust_sig,ci_lower,ci_upper,robust_ci_lower,robust_ci_upper,outcome_var,ins_princip
-0.00358113280209205,-0.00409394796180873,0.006644702328611,0.00822035733461191,0.589924420752793,0.618466035594722,9525,9414,1,1.12040476368914,2.23784988497501,16,"","",-0.0166047493661696,0.00944248376198551,-0.0202058483376481,0.0120179524140306,enrol_2_anytime_all_0914,cpge
-0.00618279507393993,-0.0109388244686719,0.00756927308772959,0.0234082787871199,0.414026662359623,0.64028110668338,7956,8487,1,1,1,16,"","",-0.0210185703258899,0.00865298017801006,-0.0568190508914268,0.034941401954083,enrol_2_anytime_all_0914,cpge
-0.0365157549790829,-0.0405926899409406,0.0218929022641236,0.0264234097469712,0.0953302899517398,0.124479612926793,2532,1406,1,0.797829469368386,1.62677858442354,16,*,"",-0.0794258434167652,0.00639433345859938,-0.0923825730450041,0.0111971931631229,enrol_2_anytime_all_0914,dut
-0.0372599466839665,-0.0372591434910601,0.0163665987564766,0.04807735267382,0.0228110433645788,0.438349551562629,3901,1593,1,1,1,16,**,"",-0.0693384802466606,-0.00518141312127238,-0.131490754731747,0.0569724677496272,enrol_2_anytime_all_0914,dut
-0.0108831448115079,-0.0125481289436302,0.0185448720778214,0.022543110536059,0.557301315100094,0.577781545956442,6155,4661,1,0.804358714683816,1.6436968336525,16,"","",-0.0472310940840378,0.025464804461022,-0.0567326255943059,0.0316363677070454,enrol_2_anytime_all_0914,licence/master
-0.00828780970802256,-0.0165612054012994,0.0136364855969914,0.0429901059532797,0.543341835787258,0.700064831968839,9109,5378,1,1,1,16,"","",-0.0350153214781258,0.0184397020620807,-0.100821813069728,0.0676994022671288,enrol_2_anytime_all_0914,licence/master
-0.0373792467417946,-0.0398531142288419,0.0307172609889085,0.0379075275602045,0.223649551704283,0.293109556946915,3213,3468,1,0.847332528929238,1.71268450366137,16,"","",-0.0975850782800552,0.022826584796466,-0.114151868246843,0.034445639789159,enrol_2_anytime_all_0914,medecine
-0.0264734461531884,-0.0827891058541153,0.0245309666962469,0.0742226583373973,0.280505358514723,0.264672397179093,4386,3878,1,1,1,16,"","",-0.0745541408778324,0.0216072485714556,-0.228265516195414,0.0626873044871834,enrol_2_anytime_all_0914,medecine
0.0840818097907428,0.0885992111636353,0.0950557403750639,0.104573796425271,0.376397938560767,0.396860787321104,797,942,1,0.485594058548219,1.10666601732802,16,"","",-0.102227441344383,0.270391060925868,-0.116365429829897,0.293563852157167,enrol_2_anytime_all_0914,bts
-0.0246170368259167,-0.0266160177154746,0.0213944851091114,0.064629346911961,0.249886401138901,0.680467277176996,4348,1490,1,1,1,16,"","",-0.0665502276397749,0.0173161539879416,-0.153289537662918,0.100057502231969,enrol_2_anytime_all_0914,bts
0.00588692093844045,0.00653955918919325,0.0188667984483911,0.023554143937621,0.755021195517119,0.781289157860454,3029,3301,1,0.944294515042335,1.87387498773082,16,"","",-0.0310920040204062,0.0428658458972871,-0.0396265629285439,0.0527056813069304,enrol_2_anytime_all_0914,other
0.00714551844394418,-0.00622880301446971,0.0175392749726953,0.0573650422350118,0.683713480872652,0.91353414888621,3304,3387,1,1,1,16,"","",-0.0272314605025386,0.041522497390427,-0.118664285795093,0.106206679766153,enrol_2_anytime_all_0914,other
0.00855770454533422,0.0116406803810341,0.0144460410194754,0.01759983205101,0.553588798140797,0.508350308401363,10211,9915,1,1.18098140296942,2.45414884296006,16,"","",-0.0197565358528376,0.0368719449435061,-0.0228549904389456,0.0461363512010137,enrol_2_ontime_all_0914,cpge
0.0154163338635618,0.0636487371171919,0.0175018326480314,0.0538914250292844,0.378403820246517,0.237580873926116,7956,8487,1,1,1,16,"","",-0.0188872581265797,0.0497199258537033,-0.0419784559402056,0.169275930174589,enrol_2_ontime_all_0914,cpge
-0.053129134545796,-0.0649201300384128,0.0328989024725041,0.0376172893998513,0.106327763991342,0.0843823856463755,2374,1398,1,0.779110149652511,1.76288057380521,16,"",*,-0.117610983391904,0.011352714300312,-0.138650017262121,0.00880975718529581,enrol_2_ontime_all_0914,dut
-0.0555763597039403,-0.0592014439803723,0.0240506772654849,0.0693295580031267,0.0208437788859079,0.393152931292721,3901,1593,1,1,1,16,**,"",-0.102715687144291,-0.00843703226358983,-0.195087377666501,0.0766844897057559,enrol_2_ontime_all_0914,dut
0.00261360277325107,0.00372949935555944,0.0393886905789337,0.047029668879812,0.947095878969782,0.936793217963639,4283,4082,1,0.67624964181285,1.41748783758952,16,"","",-0.0745882307614589,0.0798154363079611,-0.0884486516488721,0.095907650359991,enrol_2_ontime_all_0914,licence/master
-0.00297676642024536,0.0142079526284229,0.0210908857033268,0.0652672464284617,0.887759388982252,0.827671542086132,9109,5378,1,1,1,16,"","",-0.0443149023987658,0.0383613695582751,-0.113715850371362,0.142131755628208,enrol_2_ontime_all_0914,licence/master
0.102080981914284,0.119019960493185,0.0527880547807321,0.0622946598424351,0.0531390239641495,0.0560564515537786,2331,2920,1,0.6971677616411,1.51162173189538,16,*,*,-0.00138360545595108,0.205545569284519,-0.00307757279798833,0.241117493784357,enrol_2_ontime_all_0914,medecine
0.0284842155996803,0.223714609596121,0.0311981704830303,0.0928175481807135,0.361237721063631,0.01594106812417,4386,3878,1,1,1,16,"",**,-0.0326641985470592,0.0896326297464198,0.041792215161923,0.40563700403032,enrol_2_ontime_all_0914,medecine
0.0483241612002243,0.0471700744021804,0.0827206323447769,0.0938111982743189,0.559095782389999,0.615091372872871,1050,1018,1,0.531723937807998,1.16659838240708,16,"","",-0.113808278195538,0.210456600595987,-0.136699874215485,0.231040023019845,enrol_2_ontime_all_0914,bts
-0.0356966832368144,-0.0610013806212573,0.025453598072199,0.0754145042980626,0.16078929899065,0.418583438793187,4348,1490,1,1,1,16,"","",-0.0855857354583245,0.0141923689846956,-0.20881380904546,0.0868110478029454,enrol_2_ontime_all_0914,bts
0.0435896361070047,0.0584420802130312,0.0434315197639039,0.0510721578933745,0.315551882659761,0.25249753916913,2514,2970,1,0.84539297559435,1.85654635800218,16,"","",-0.0415361426302469,0.128715414844256,-0.0416593492579827,0.158543509684045,enrol_2_ontime_all_0914,other
0.0407987518919026,0.0655354930465246,0.0341532473977816,0.108854176630479,0.232251560720655,0.547141858266499,3304,3387,1,1,1,16,"","",-0.0261416130077493,0.107739116791555,-0.147818693149215,0.278889679242264,enrol_2_ontime_all_0914,other
0.00919458833709363,0.0116409520328897,0.0118664191085786,0.0145435535985228,0.438433604537987,0.4234674628352,9141,9219,1,1.08881090482735,2.19090167969101,16,"","",-0.0140635931157204,0.0324527697899076,-0.016864413020215,0.0401463170859945,enrol_3_anytime_all_0914,cpge
0.0109614271656739,0.0380888300548938,0.0131581791547173,0.0407540985916421,0.404816272796967,0.349993852711724,7956,8487,1,1,1,16,"","",-0.014828603977572,0.0367514583089199,-0.0417892031847247,0.117966863294512,enrol_3_anytime_all_0914,cpge
0.0799453122782894,0.0665053857260824,0.0983559364986455,0.112257105143422,0.416323365961799,0.553557261729153,1145,1097,1,0.566648680179727,1.24413373714139,16,"","",-0.112832323259056,0.272722947815635,-0.153518540355024,0.286529311807189,enrol_3_anytime_all_0914,dut
-0.0299430924025881,0.0518863631064943,0.0357225904942117,0.106360605053883,0.40191183134376,0.625667135426638,3901,1593,1,1,1,16,"","",-0.099959369771243,0.0400731849660668,-0.156580422799116,0.260353149012105,enrol_3_anytime_all_0914,dut
-0.0258357117822516,-0.0304768204490098,0.0278467263543712,0.0329061358930317,0.353520284446806,0.354355357669139,4414,4128,1,0.688913609533786,1.4700591209238,16,"","",-0.0804152954368193,0.028743871872316,-0.0949728467993518,0.0340192059013323,enrol_3_anytime_all_0914,licence/master
-0.00952362977746812,-0.0506357753073705,0.0156392591567956,0.0482669874350783,0.542553219174885,0.294142786374461,9109,5378,1,1,1,16,"","",-0.0401765777247876,0.0211293181698513,-0.145239070680124,0.0439675200653829,enrol_3_anytime_all_0914,licence/master
-0.0383420400980818,-0.0340781072590488,0.0345267342627903,0.0421959529118257,0.266782359544279,0.419311938531038,2833,3287,1,0.783529222544664,1.61323354732081,16,"","",-0.106014439253151,0.0293303590569872,-0.116782174966227,0.0486259604481296,enrol_3_anytime_all_0914,medecine
-0.0178377912000585,-0.0989068164060107,0.0246169585943542,0.0749011248517884,0.468688908481636,0.186668665951228,4386,3878,1,1,1,16,"","",-0.0660870300449926,0.0304114476448757,-0.245713021115516,0.0478993883034945,enrol_3_anytime_all_0914,medecine
0.018933880492878,0.0035010480084765,0.112178654967417,0.128615247060801,0.865967116140391,0.97828338963347,1273,1090,1,0.570661678554594,1.23987223483464,16,"","",-0.20093628324326,0.238804044229016,-0.248584836230694,0.255586932247647,enrol_3_anytime_all_0914,bts
-0.00439533407610315,0.0693633183570011,0.0422362534474234,0.12234031219702,0.917117420978397,0.570734388763152,4348,1490,1,1,1,16,"","",-0.087178390833053,0.0783877226808467,-0.170423693549159,0.309150330263161,enrol_3_anytime_all_0914,bts
-0.0700424277903098,-0.081312839754518,0.0467913317087842,0.053799963371518,0.13441659195671,0.130688580288387,1600,2329,1,0.657732151163562,1.50795846221293,16,"","",-0.161753437939527,0.0216685823589072,-0.186760767962693,0.0241350884536573,enrol_3_anytime_all_0914,other
-0.0564153089675967,-0.122292880016612,0.023726835181397,0.0757294257513256,0.0174209669878843,0.106339701790274,3304,3387,1,1,1,16,**,"",-0.102919905923135,-0.00991071201205859,-0.27072255448921,0.0261367944559863,enrol_3_anytime_all_0914,other
0.0531946358105606,0.0641853701345228,0.0402088295858297,0.0471805800547545,0.185848989465021,0.173697284852229,4679,6434,1,0.722528632481252,1.61341388487346,16,"","",-0.0256146701776655,0.132003941798787,-0.0282885667727961,0.156659307041842,enrol_3_ontime_all_0914,cpge
0.0434758375027853,0.0604198603951589,0.0247819712186419,0.0765693804663897,0.0793734119489865,0.43006148257371,7956,8487,1,1,1,16,*,"",-0.00509682608575294,0.0920485010913235,-0.0896561253189649,0.210495846109283,enrol_3_ontime_all_0914,cpge
-0.00901192422863639,-0.0309978063354128,0.122751038075454,0.137214270908222,0.941474865276361,0.821272948220363,985,1052,1,0.546997887819834,1.23431602328237,16,"","",-0.249603958856527,0.231580110399254,-0.299937777315527,0.237942164644701,enrol_3_ontime_all_0914,dut
-0.027222140360349,-0.00665834676421517,0.0413834900457336,0.121135276158351,0.510665402609965,0.956165385324775,3901,1593,1,1,1,16,"","",-0.108333780849987,0.053889500129289,-0.244083488034583,0.230766794506152,enrol_3_ontime_all_0914,dut
0.0017488327722881,0.00446476296605036,0.0524761291302505,0.0613711099026032,0.973414418267796,0.942004868805341,3494,3773,1,0.616666579259987,1.32472096294341,16,"","",-0.101104380323003,0.104602045867579,-0.115822612443052,0.124752138375153,enrol_3_ontime_all_0914,licence/master
-0.0130883517506757,-0.0221934335273675,0.0230888194703886,0.0708247266956887,0.570802723773018,0.754009345830088,9109,5378,1,1,1,16,"","",-0.0583424379126374,0.0321657344112861,-0.161009897850917,0.116623030796182,enrol_3_ontime_all_0914,licence/master
0.0582181115533039,0.0626317822644094,0.0403247518774524,0.0502073776275456,0.148814537754155,0.212228243442603,3203,3389,1,0.829062797444777,1.6375576337945,16,"","",-0.0208184021265028,0.137254625233111,-0.03577467788558,0.161038242414399,enrol_3_ontime_all_0914,medecine
0.0218592909363737,0.181369434303058,0.0312657029964119,0.0931189072549756,0.484460798555143,0.0514486347507551,4386,3878,1,1,1,16,"",*,-0.0394214869365935,0.083140068809341,-0.00114362391669393,0.36388249252281,enrol_3_ontime_all_0914,medecine
0.0267224592411146,0.027016247878342,0.0607394500374419,0.0740891666475053,0.659971673281033,0.715376381853699,2346,1288,1,0.746605245892336,1.48130230609893,16,"","",-0.0923268628322715,0.145771781314501,-0.118198518750768,0.172231014507452,enrol_3_ontime_all_0914,bts
0.0096376707097745,0.0705751761708111,0.0401968287361482,0.115606705722596,0.810514793257718,0.541546211100016,4348,1490,1,1,1,16,"","",-0.069148113613076,0.088423455032625,-0.156013967045477,0.297164319387099,enrol_3_ontime_all_0914,bts
0.016925315185085,0.0220832646029603,0.0342585001329447,0.0425153730469198,0.621272863830149,0.603469042886531,3596,3600,1,1.0594461587974,2.03449934753763,16,"","",-0.0502213450754866,0.0840719754456566,-0.0612468665690025,0.105413395774923,enrol_3_ontime_all_0914,other
0.0145368791574547,0.066375028950153,0.0368605356667756,0.11759488760379,0.693304090168903,0.572456050258334,3304,3387,1,1,1,16,"","",-0.0577097707494255,0.0867835290643349,-0.164110950753274,0.296861008653581,enrol_3_ontime_all_0914,other
-0.0289257346047223,-0.0374958456581527,0.0357391337387782,0.0434614796534743,0.418309562259197,0.388281842842659,5571,7020,1,0.790935347454283,1.65912039013888,16,"","",-0.0989744367327276,0.0411229675232831,-0.122680345778962,0.047688654462657,grad_5_all,cpge
-0.020062164561129,-0.043989306228909,0.0257169769225306,0.078950586063146,0.435323986559642,0.577407752535871,7956,8487,1,1,1,16,"","",-0.0704674393292889,0.030343110207031,-0.198732454912675,0.110753842454857,grad_5_all,cpge
-0.0535997800675343,-0.0621023569279666,0.0313961763338094,0.0366113716388018,0.0877835367306395,0.0898369019779036,2098,1340,1,0.730947222468578,1.57401024979213,16,*,*,-0.115136285681801,0.00793672554673214,-0.133860645340018,0.00965593148408496,grad_5_all,dut
-0.0380733370985995,-0.0770891027159384,0.0202782472931804,0.0600574062538809,0.0604433326056641,0.199285353643805,3901,1593,1,1,1,16,*,"",-0.0778187017932331,0.00167202759603406,-0.194801618973545,0.0406234135416682,grad_5_all,dut
-0.0149433939902663,-0.0116973295258371,0.0337343822076027,0.040192796238155,0.65778583241241,0.771027994135939,4563,4169,1,0.692558502119761,1.4572269934457,16,"","",-0.0810627831171677,0.051175995136635,-0.0904752101526209,0.0670805511009467,grad_5_all,licence/master
-0.0046184825151574,-0.0041728590860064,0.0191823101402581,0.0585552389526869,0.809735091315221,0.943187937906524,9109,5378,1,1,1,16,"","",-0.0422158103900633,0.0329788453597485,-0.118941127433273,0.11059540926126,grad_5_all,licence/master
-0.0510955429772245,-0.0625107103849178,0.0411018740887723,0.0485703067912759,0.213814820761281,0.19808908155185,3003,3287,1,0.798136279531495,1.72791283324394,16,"","",-0.131655216191218,0.0294641302367692,-0.157708511695819,0.0326870909259829,grad_5_all,medecine
-0.0337144936236557,-0.12440357648036,0.0294546971231016,0.0922350034289277,0.252365784852169,0.177411651560247,4386,3878,1,1,1,16,"","",-0.0914456999849349,0.0240167127376235,-0.305184183201058,0.0563770302403386,grad_5_all,medecine
0.0286818843243755,0.0370540698230368,0.0446369997951689,0.0551149791096955,0.520510608607693,0.501389618999502,2380,2793,1,0.909449290348213,1.83877537187864,16,"","",-0.0588066352741556,0.116170403922907,-0.0709712892319663,0.14507942887804,grad_5_all,other
0.0335972263228772,0.0564570704548937,0.0391481700312483,0.125496016005973,0.39077827345393,0.652803159072467,2710,3009,1,1,1,16,"","",-0.0431331869383695,0.110327639584124,-0.189515120916814,0.302429261826602,grad_5_all,other
0.00863809019456463,0.012699341979713,0.0139354811796584,0.0166041134182344,0.535347938787087,0.444372138617744,8263,8835,1,1.0207762893633,2.18832535407574,16,"","",-0.0186754529175659,0.0359516333066952,-0.0198447203200264,0.0452434042794525,grad_9_all,cpge
0.0094840634199409,0.0917313740184356,0.0143396554683696,0.044943280911643,0.508364084311859,0.0412460996096984,7956,8487,1,1,1,16,"",**,-0.0186216612980636,0.0375897881379454,0.00364254343161538,0.179820204605256,grad_9_all,cpge
-0.0391572414383785,-0.0485642930270096,0.0296380743826859,0.0339680345785218,0.186441237189861,0.152801500480049,2173,1341,1,0.743627128669085,1.6550512742033,16,"","",-0.0972478672284429,0.0189333843516859,-0.115141640800912,0.0180130547468931,grad_9_all,dut
-0.0353372443946345,-0.0441327508515426,0.0194971802911821,0.0583518193707617,0.0699200190864786,0.449456303475683,3901,1593,1,1,1,16,*,"",-0.0735517177653514,0.00287722897608247,-0.158502316818235,0.0702368151151503,grad_9_all,dut
-0.0182226379437944,-0.0188175854754005,0.0287275068406804,0.0344576454096024,0.525867332415909,0.584991907311195,4684,4211,1,0.701508304083638,1.46244454838776,16,"","",-0.074528551351528,0.0380832754639392,-0.0863545704782212,0.0487193995274203,grad_9_all,licence/master
-0.00853612002747939,-0.026113599835464,0.0166185998726873,0.0514184435635087,0.607497716658611,0.61154840358264,9109,5378,1,1,1,16,"","",-0.0411085757779465,0.0240363357229877,-0.126893749219941,0.074666549549013,grad_9_all,licence/master
-0.0465233554987914,-0.0396661482032128,0.0728881611837296,0.0868010882967124,0.523288750122018,0.647687185782058,1987,2820,1,0.653763650500885,1.38875733624176,16,"","",-0.189384151418901,0.0963374404213186,-0.209796281264769,0.130463984858343,grad_9_all,medecine
-0.0127668633695426,-0.0377616328716237,0.0364241953914585,0.112338309351439,0.72595972267029,0.736763728127158,4386,3878,1,1,1,16,"","",-0.0841582863368013,0.0586245595977161,-0.257944719200444,0.182421453457197,grad_9_all,medecine
0.00486124194749893,0.00132941618803351,0.0267663553283308,0.0331362924803798,0.855882814295448,0.967997742439932,2410,2860,1,0.929563670779172,1.86848993812334,16,"","",-0.0476008144960294,0.0573232983910272,-0.0636177170735108,0.0662765494495778,grad_9_all,other
0.00332605382407669,0.0345883716254258,0.0242194478249018,0.0793354607812541,0.890770054638786,0.662854007487109,2710,3009,1,1,1,16,"","",-0.0441440639127307,0.0507961715608841,-0.120909131505832,0.190085874756684,grad_9_all,other
-0.000601129512576737,0.0000202736790542168,0.0114507560268585,0.0141797479828816,0.958132743209198,0.99885921456317,10211,9915,1,1.18668562779772,2.38689090838936,16,"","",-0.0230446113252194,0.0218423523000659,-0.0277720323673937,0.0278125797255021,master_anytime_all,cpge
0.00228806948491922,0.0596550651950887,0.0139966554156637,0.0425513943766,0.870146354373335,0.16092921060963,7956,8487,1,1,1,16,"","",-0.0251453751297817,0.0297215140996202,-0.0237456677830473,0.143055798173225,master_anytime_all,cpge
-0.0169507790055885,-0.0283553220514889,0.150509644342917,0.168910134765751,0.910329811426861,0.86668379238212,861,1014,1,0.511363271400052,1.13590061410844,16,"","",-0.311949681917706,0.278048123906529,-0.359419186192361,0.302708542089383,master_anytime_all,dut
-0.0183028554996583,0.00391731360099357,0.042523504694974,0.12447302027449,0.666892054528911,0.974893770820025,3901,1593,1,1,1,16,"","",-0.101648924701807,0.0650432137024908,-0.240049806137006,0.247884433338993,master_anytime_all,dut
-0.0418416255676424,-0.0486158593287271,0.0355827865580663,0.0421119824419428,0.239636783594873,0.24831882835576,4684,4211,1,0.70088922991645,1.48962411286559,16,"","",-0.111583887221452,0.0279006360861675,-0.131155344914935,0.0339236262574807,master_anytime_all,licence/master
-0.0192170915801044,-0.0614661658008864,0.0206291204020888,0.0632972305332209,0.35156826937442,0.331512445115686,9109,5378,1,1,1,16,"","",-0.0596501675681984,0.0212159844079896,-0.185528737645999,0.0625964060442266,master_anytime_all,licence/master
-0.0425348505244683,-0.0463021259593046,0.042758882788365,0.0529759585592292,0.319852728700166,0.382106553509715,3602,3555,1,0.877099206001081,1.74649645974592,16,"","",-0.126342260789664,0.0412725597407272,-0.150135004735394,0.0575307528167846,master_anytime_all,medecine
-0.0183711791143548,-0.203651024923826,0.0357130036952453,0.11046009359709,0.606964334124123,0.0652324831163632,4386,3878,1,1,1,16,"",*,-0.0883686663570356,0.0516263081283259,-0.420152808374123,0.0128507585264709,master_anytime_all,medecine
0.056764691374577,0.0886168357633999,0.218593368896904,0.22911773663137,0.795109331909833,0.698923358079315,533,866,1,0.439635703239208,1.08090374773246,16,"","",-0.371678311663356,0.48520769441251,-0.360453928034085,0.537687599560885,master_anytime_all,bts
-0.0233407292650032,0.1173974887962,0.0358097250684607,0.101591686821975,0.514531094130757,0.247852318496016,4348,1490,1,1,1,16,"","",-0.0935277903991862,0.0468463318691799,-0.0817222173748703,0.316517194967271,master_anytime_all,bts
-0.0323948977147515,-0.03802778656706,0.0281955210174911,0.0344123274965548,0.250581661294733,0.269132333067925,3161,3386,1,0.979421367039368,1.98699893177511,16,"","",-0.0876581189090341,0.0228683234795311,-0.105475948460307,0.0294203753261873,master_anytime_all,other
-0.0295808805820341,-0.0742632873676166,0.0274221297770192,0.0880263456818184,0.28071125404883,0.398865899041466,3304,3387,1,1,1,16,"","",-0.0833282549449918,0.0241664937809236,-0.246794924903981,0.0982683501687474,master_anytime_all,other
-0.040866145258442,-0.0460104523216114,0.0342450313299816,0.0419447152371435,0.232734190135219,0.272671619743926,5310,7015,1,0.789483643265456,1.63847982096447,16,"","",-0.107986406665206,0.026254116148322,-0.128222094186413,0.03620118954319,master_select_anytime_all,cpge
-0.0345630416943148,-0.0584772831580598,0.0247474142336524,0.0751474502575317,0.162524127852629,0.436470433284313,7956,8487,1,1,1,16,"","",-0.0830679735922736,0.013941890203644,-0.205766285662822,0.0888117193467024,master_select_anytime_all,cpge
-0.0313555142295678,-0.0474402481323152,0.0934234919731075,0.107448007393744,0.737151612790762,0.658837906662554,1224,1127,1,0.589765871631226,1.28100221313366,16,"","",-0.214465558496859,0.151754530037723,-0.258038342624054,0.163157846359423,master_select_anytime_all,dut
-0.003888751082336,-0.0188474634827439,0.0385459468836758,0.111355442302934,0.919640860297698,0.865596083481193,3901,1593,1,1,1,16,"","",-0.0794388069743406,0.0716613048096686,-0.237104130396495,0.199409203431007,master_select_anytime_all,dut
0.00512831846011413,-0.00171409936343436,0.0246217725711397,0.0293591694364896,0.835007313209938,0.953442932407663,6155,4661,1,0.801047432704239,1.67585359637046,16,"","",-0.0431303557793197,0.0533869926995479,-0.0592580714589539,0.0558298727320852,master_select_anytime_all,licence/master
-0.000913242701657879,0.0312732382716082,0.0184251581112893,0.0538313649747179,0.960469049538173,0.561275319493725,9109,5378,1,1,1,16,"","",-0.0370265525997849,0.0352000671964691,-0.0742362370788389,0.136782713622055,master_select_anytime_all,licence/master
0.116857110888128,0.104103431629589,0.0790248727296668,0.0862294284168914,0.139210255111125,0.227322690452069,816,2094,1,0.47573807416992,1.09141617998455,16,"","",-0.0380316396620191,0.271745861438275,-0.0649062480675181,0.273113111326696,master_select_anytime_all,medecine
0.0286790663542906,-0.00365907005360956,0.0179556269811347,0.0516743160512483,0.110216926405342,0.94354879222893,4386,3878,1,1,1,16,"","",-0.00651396252873345,0.0638720952373146,-0.104940729514056,0.0976225894068371,master_select_anytime_all,medecine
-0.00338456521939245,-0.0158762134351014,0.0620756790078714,0.0706504376240321,0.956518317993932,0.822200990924891,1228,1068,1,0.568601974698143,1.25453930617287,16,"","",-0.12505289607482,0.118283765636035,-0.154351071178204,0.122598644308002,master_select_anytime_all,bts
-0.0533530049062231,-0.0284387143804406,0.0240289886861159,0.0679090797339678,0.0263943411935643,0.675379613829491,4348,1490,1,1,1,16,**,"",-0.10044982273101,-0.00625618708143583,-0.161540510659018,0.104663081898136,master_select_anytime_all,bts
-0.0533288910078578,-0.0563158018301913,0.0609966692868916,0.0741999602383874,0.381959335021381,0.447868422859338,1945,2538,1,0.72444719225066,1.51275371588378,16,"","",-0.172882362810165,0.0662245807944497,-0.201747723897431,0.089116120237048,master_select_anytime_all,other
-0.0217927424559634,-0.0971387392947873,0.0371582018133678,0.117902186154982,0.557549377160706,0.410000582609796,3304,3387,1,1,1,16,"","",-0.0946228180101643,0.0510373330982375,-0.328227024158552,0.133949545568978,master_select_anytime_all,other
-7.29354578833136,-8.6477631879967,6.73972524750134,8.26618306419368,0.27917585469336,0.295486434950608,5362,5316,1,1.14789571061454,2.32570791747602,16,"","",-20.503407273434,5.91631569677127,-24.8494819938163,7.55395561782292,max_ects_credits,cpge
-9.72133843795211,-34.9450104288704,7.89025964014321,24.5061469409211,0.217923587985316,0.153877236534214,4312,4703,1,1,1,16,"","",-25.1862473326328,5.74357045672857,-82.9770584330759,13.087037575335,max_ects_credits,cpge
8.55085980996353,12.9035523504483,20.3584857527133,24.0946192908429,0.674474839732933,0.592278802726637,1312,901,1,0.718295373130338,1.51090601422524,16,"","",-31.3517722653546,48.4534918852817,-34.3219014596037,60.1290061605004,max_ects_credits,dut
0.356135451897103,10.9887540272703,12.3652161112542,37.0523903354778,0.977022989685768,0.766792208029926,2550,1086,1,1,1,16,"","",-23.8796881261612,24.5919590299554,-61.6339310302662,83.6114390848067,max_ects_credits,dut
-11.3757161011941,-12.1322751451836,9.03980255573925,10.9668225256095,0.208245989701174,0.268609341597174,4901,4100,1,0.747691961052352,1.53193950696722,16,"","",-29.0937291104431,6.34229690805478,-33.6272472953782,9.36269700501098,max_ects_credits,licence/master
-7.27853506282804,-16.8463459353419,5.88099905939233,18.1860134215579,0.215851128311055,0.354271763909002,8364,5001,1,1,1,16,"","",-18.805293219237,4.24822309358092,-52.4909322415954,18.7982403709116,max_ects_credits,licence/master
1.15987237548393,-1.01133147202529,11.8666525906558,14.5572748393246,0.922137028994177,0.944613456191919,2758,2642,1,0.939213482559311,1.89333199915187,16,"","",-22.0987667022015,24.4185114531693,-29.5435901571015,27.5209272130509,max_ects_credits,medecine
1.28257286950895,-11.3153474623659,10.891789121225,33.3666515168085,0.906261041121155,0.734518235184638,3030,2762,1,1,1,16,"","",-20.065333808092,22.6304795471099,-76.7139844353105,54.0832895105788,max_ects_credits,medecine
8.96231076582728,9.69268311074131,24.3615853431622,29.6071937176381,0.712957487327515,0.743383555799145,683,423,1,0.742116360924586,1.49073280193224,16,"","",-38.7863965067706,56.7110180384252,-48.3374165758293,67.7227827973119,max_ects_credits,bts
-9.01056078974909,45.2731833787375,15.9726191820351,46.6397269119863,0.572668767181289,0.331697686904005,1225,494,1,1,1,16,"","",-40.3168943865379,22.2957728070397,-46.1406813687556,136.687048126231,max_ects_credits,bts
12.2966643359412,10.417667540542,18.8751610591123,23.0407944079812,0.514740977298634,0.651168042902592,980,1252,1,0.757686076104361,1.5584517079698,16,"","",-24.698651339919,49.2919800118014,-34.7422894991011,55.5776245801851,max_ects_credits,other
-4.61957589606664,54.5470272914279,12.3938946574107,39.6414401300232,0.709349433685052,0.168818465000454,1567,1623,1,1,1,16,"","",-28.9116094245916,19.6724576324583,-23.1501953634176,132.244249946273,max_ects_credits,other
-0.0162597523740988,-0.011242095270239,0.036809677250587,0.0452736914353345,0.658688262016032,0.803891401850885,9833,9595,1,1.14477042080059,2.33067351938087,16,"","",-0.0884067197852494,0.0558872150370517,-0.0999785304834946,0.0774943399430166,max_enrol_degetu,cpge
-0.0273680066012929,0.0653260403211977,0.0431640244717429,0.132868223488961,0.526050355673934,0.622959456174286,7956,8487,1,1,1,16,"","",-0.111969494565909,0.0572334813633232,-0.195095677717166,0.325747758359561,max_enrol_degetu,cpge
-0.0284752677983366,-0.0636367360903574,0.473953415012458,0.525297707024607,0.952091672479831,0.903576872274721,762,973,1,0.494655244736966,1.11208117866578,16,"","",-0.957423961222754,0.90047342562608,-1.09322024185859,0.965946769677873,max_enrol_degetu,dut
-0.0344833487425369,0.0168552529616672,0.117111786856314,0.344351625036631,0.768415479913712,0.96096089909337,3901,1593,1,1,1,16,"","",-0.264022450980913,0.195055753495839,-0.65807393211013,0.691784438033465,max_enrol_degetu,dut
-0.11778944928338,-0.159864036945489,0.161782103888516,0.180376598112038,0.466567888444537,0.375467065093137,3129,3638,1,0.588903007848226,1.37127908887498,16,"","",-0.434882372904873,0.199303474338112,-0.513402169245083,0.193674095354105,max_enrol_degetu,licence/master
-0.0846029925210861,-0.244392637102479,0.0638700186505023,0.196445193961332,0.185299877001846,0.213471806688503,9109,5378,1,1,1,16,"","",-0.209788229076071,0.0405822440338984,-0.629425217266689,0.140639943061731,max_enrol_degetu,licence/master
-0.0398299364511576,0.0123366478127203,0.217933618163552,0.251274977322602,0.854984936880577,0.960842627686795,1987,2820,1,0.655416867448658,1.47336198541673,16,"","",-0.46697982805172,0.387319955149405,-0.48016230773958,0.50483560336502,max_enrol_degetu,medecine
0.00857784750305868,-0.0435365375674301,0.111025488698846,0.342803730776895,0.938416580395432,0.898939327809173,4386,3878,1,1,1,16,"","",-0.20903211034668,0.226187805352797,-0.715431849890145,0.628358774755285,max_enrol_degetu,medecine
0.0592916406852133,0.0181712160548422,0.186446685318776,0.219229448366467,0.750478448777527,0.933941591293481,1967,1224,1,0.685433781048634,1.44624225861543,16,"","",-0.306143862539587,0.424727143910014,-0.411518502743433,0.447860934853118,max_enrol_degetu,bts
-0.109752066662784,0.163832266303587,0.105444447996701,0.305159208834953,0.29794423279113,0.591354150844328,4348,1490,1,1,1,16,"","",-0.316423184736319,0.0969190514107507,-0.434279783012921,0.761944315620094,max_enrol_degetu,bts
-0.164337720075277,-0.186168708636041,0.112680107837662,0.136162776010675,0.144717973090712,0.171546605606802,2598,2974,1,0.851451109701279,1.78445194397423,16,"","",-0.385190731437094,0.0565152912865393,-0.453047749616963,0.0807103323448813,max_enrol_degetu,other
-0.12535872998235,-0.194882049368983,0.0896271429269826,0.289808015302468,0.161912185408938,0.501295834655408,3304,3387,1,1,1,16,"","",-0.301027930119236,0.0503104701545356,-0.762905759361822,0.373141660623855,max_enrol_degetu,other
-0.0166662135978513,-0.021491382234025,0.0459343020059262,0.0570293074257554,0.716733981295072,0.706286543803877,10510,9946,1,1.20138496207347,2.36384565285326,16,"","",-0.106697445529467,0.0733650183337641,-0.133268824788506,0.0902860603204556,quality,cpge
-0.00197250049297537,0.0928876177150855,0.0565395018934541,0.172240213257471,0.97216974962285,0.589685994345705,7956,8487,1,1,1,16,"","",-0.112789924204145,0.108844923218195,-0.244703200269557,0.430478435699728,quality,cpge
0.282861745345656,0.292301305347749,0.128785943690127,0.15276548223391,0.0280653810497847,0.055697005381097,1485,1209,1,0.634656835798236,1.32010293492234,16,**,*,0.0304412957130072,0.535282194978305,-0.0071190398307146,0.591721650526213,quality,dut
0.124435558115831,0.277540860346267,0.0619197791336323,0.182006375237175,0.0444708556516375,0.127284948217372,3901,1593,1,1,1,16,**,"",0.00307279101391163,0.24579832521775,-0.079191635118595,0.634273355811129,quality,dut
0.0721884137335636,0.0855887301912333,0.0515729269747151,0.0616903088091193,0.161592788684769,0.165321822080162,7776,5083,1,0.901564980106302,1.84247865215602,16,"","",-0.0288945231368781,0.173271350604005,-0.0353242750746405,0.206501735457107,quality,licence/master
0.0732589107884074,0.044576924070693,0.0450474300507174,0.132989387239713,0.103893992746599,0.737480566184003,9109,5378,1,1,1,16,"","",-0.0150340521109986,0.161551873687813,-0.216082274919143,0.30523612306053,quality,licence/master
-0.0521626640304689,-0.0558104998290609,0.0308879863409308,0.0383262707102278,0.0912637674262186,0.145338894029866,5616,4408,1,1.15049748602893,2.20827740932455,16,*,"",-0.112703117258693,0.00837778919775549,-0.130929990421107,0.0193089907629855,quality,medecine
-0.0593048744018532,-0.21927774680956,0.0363484948586309,0.112959955336223,0.102771490549476,0.0522341503148924,4386,3878,1,1,1,16,"",*,-0.13054792432477,0.0119381755210634,-0.440679259268558,0.00212376564943798,quality,medecine
-0.150906844029201,-0.189549031780466,0.168860134052201,0.195365240218767,0.371493384568773,0.331932332704432,1607,1149,1,0.621308229458478,1.35360831398551,16,"","",-0.481872706771515,0.180059018713113,-0.572464902609248,0.193366839048317,quality,bts
-0.101342702532829,-0.118239795553137,0.0807111383527304,0.228509247419664,0.209252954165561,0.604849132843495,4348,1490,1,1,1,16,"","",-0.259536533704181,0.0568511286385225,-0.566117920495678,0.329638329389404,quality,bts
-0.0648937692033016,-0.124366322768644,0.137907967866125,0.15487043926347,0.637956035247468,0.421954730647584,3026,3221,1,0.932406178064073,2.25975106076977,16,"","",-0.335193386220906,0.205405847814303,-0.427912383725045,0.179179738187757,quality,other
-0.0934199594115839,0.438637390496851,0.125843980832223,0.399077261829453,0.457876844226974,0.271711803527752,3304,3387,1,1,1,16,"","",-0.340074161842741,0.153234243019573,-0.343554042688877,1.22082882368258,quality,other
-0.0489215497415572,-0.0595403801543668,0.087882666229389,0.109052268883677,0.577753649044428,0.585079544011993,6464,7552,1,0.886023706292958,1.78765418744708,16,"","",-0.22117157555116,0.123328476068045,-0.273282827166373,0.154202066857639,quality_bacyear_plus1,cpge
-0.0611109559236382,0.06506044211811,0.0751931891141211,0.226741642407252,0.416379013897486,0.774160979773222,7766,8328,1,1,1,16,"","",-0.208489606587316,0.0862676947400391,-0.379353177000105,0.509474061236325,quality_bacyear_plus1,cpge
0.304637458921036,0.321422028252371,0.165358835457211,0.192457810514907,0.0654340414330145,0.0949013903137625,1253,1095,1,0.592263673400699,1.26150470725942,16,*,*,-0.0194658585750984,0.62874077641717,-0.0557952803568462,0.698639336861589,quality_bacyear_plus1,dut
0.119147003239576,0.251864580402131,0.0682561470507,0.199460627454905,0.0808828440124861,0.206686837443134,3770,1546,1,1,1,16,*,"",-0.0146350449797963,0.252929051458948,-0.139078249409482,0.642807410213745,quality_bacyear_plus1,dut
0.0776892059463634,0.0624663171995792,0.0852714869214778,0.103255850478664,0.362252855013303,0.545201341203701,4606,4109,1,0.728845743249292,1.49086093686317,16,"","",-0.089442908419733,0.24482132031246,-0.139915149738602,0.26484778413776,quality_bacyear_plus1,licence/master
0.0681243497508355,0.0924727585178751,0.055590004873741,0.158866914192961,0.220395026812822,0.560514894193137,8407,5091,1,1,1,16,"","",-0.0408320598016969,0.177080759303368,-0.218906393300329,0.403851910336079,quality_bacyear_plus1,licence/master
0.0559075798387028,0.0543909565809457,0.0682918019473583,0.0857485351263444,0.41298198479717,0.52588002865374,4466,3854,1,1.04036855340819,1.9807117503963,16,"","",-0.0779443519781195,0.189759511655525,-0.113676172266689,0.222458085428581,quality_bacyear_plus1,medecine
0.0679355997284645,0.153891816883387,0.0717239346472397,0.216351640684754,0.343546188961351,0.476895789049529,4087,3692,1,1,1,16,"","",-0.0726433121801252,0.208514511637054,-0.270157398858731,0.577941032625506,quality_bacyear_plus1,medecine
0.0538966296136678,0.00828726870942376,0.30160305086021,0.334878727366751,0.858172841091598,0.980256706792902,880,928,1,0.513923963088928,1.15709816791657,16,"","",-0.537245350072345,0.64503860929968,-0.648075036929408,0.664649574348255,quality_bacyear_plus1,bts
-0.0765982166956363,-0.0873826198374204,0.0853393561260574,0.244662558420435,0.369413771315848,0.720975270801598,4035,1416,1,1,1,16,"","",-0.243863354702709,0.0906669213114362,-0.566921234341472,0.392155994666632,quality_bacyear_plus1,bts
-0.0497996339511317,-0.10028479720183,0.12024432556637,0.137159835727526,0.678761537560123,0.464685829902609,3678,3658,1,1.10054572090632,2.55821009206911,16,"","",-0.285478512061216,0.185879244158953,-0.369118075227781,0.168548480824121,quality_bacyear_plus1,other
-0.0356581456012393,0.495448616723685,0.134754851795063,0.423567346248125,0.791306117957962,0.242119920133323,3148,3311,1,1,1,16,"","",-0.299777655119563,0.228461363917084,-0.334743381922641,1.32564061537001,quality_bacyear_plus1,other
-0.219734673271034,-0.234480186272265,0.128385363031553,0.156126539598869,0.0869843625590467,0.133133299444443,4184,5961,1,0.707287446794166,1.48977338045969,16,*,"",-0.471369984812877,0.0319006382708086,-0.540488203886049,0.0715278313415194,quality_bacyear_plus2,cpge
-0.107822491488655,-0.355704534987801,0.0774213111632474,0.234258947209377,0.163719002444584,0.128907408278236,7555,8119,1,1,1,16,"","",-0.25956826136862,0.0439232783913101,-0.81485207151818,0.103443001542578,quality_bacyear_plus2,cpge
-0.0336871349377859,-0.103856418833267,0.225166416190283,0.253336944497003,0.881072362241156,0.681839908692603,1164,995,1,0.624009264908894,1.4331772653568,16,"","",-0.475013310670741,0.407639040795169,-0.600396830047394,0.39268399238086,quality_bacyear_plus2,dut
0.00498799711419196,-0.0855765209771811,0.107366660625094,0.307658072324291,0.962945529790225,0.78089365176667,3091,1353,1,1,1,16,"","",-0.205450657710992,0.215426651939376,-0.68858634273279,0.517433300778428,quality_bacyear_plus2,dut
0.0657197935696097,0.0656513829499694,0.0618190732275686,0.0769908595815303,0.287737067883231,0.393816490716207,7680,4865,1,0.96115587579935,1.82436818071841,16,"","",-0.0554455899564247,0.186885177095644,-0.08525070182983,0.216553467729769,quality_bacyear_plus2,licence/master
0.0661830029746255,0.129961752847503,0.0590707750987147,0.170140016678199,0.262542576610159,0.444955581801054,8105,4955,1,1,1,16,"","",-0.0495957162188554,0.181961722168106,-0.203512679841767,0.463436185536773,quality_bacyear_plus2,licence/master
0.0374179744841427,0.0573613258208283,0.0786754383834197,0.0956342438996814,0.63435995513822,0.548640186178959,5235,4164,1,1.23661694716175,2.49020466778203,16,"","",-0.11678588474736,0.191621833715645,-0.130081792222547,0.244804443864204,quality_bacyear_plus2,medecine
0.122539060758683,0.327909102170807,0.100331126128845,0.312162759608627,0.221954888226105,0.293514607499415,3740,3486,1,1,1,16,"","",-0.0741099464538538,0.31918806797122,-0.283929906662102,0.939748111003715,quality_bacyear_plus2,medecine
0.135504025838671,0.12571585602177,0.23801515070342,0.282853370649586,0.569146863808926,0.656712989092461,725,625,1,0.617818286165415,1.29607438805456,16,"","",-0.331005669540032,0.602013721217374,-0.428676750451419,0.680108462494959,quality_bacyear_plus2,bts
-0.09635544283136,0.134275770921455,0.109822934788542,0.32298209731018,0.380285234986879,0.677602094688706,1955,825,1,1,1,16,"","",-0.311608395016902,0.118897509354182,-0.498769139806498,0.767320681649408,quality_bacyear_plus2,bts
0.0379961544105356,-0.00694565389669322,0.124576414437461,0.1472394001788,0.760364024709564,0.962375727117376,3218,3412,1,1.02537267134204,2.16965754869336,16,"","",-0.206173617886888,0.282165926707959,-0.295534878247141,0.281643570453754,quality_bacyear_plus2,other
0.0470803693435045,0.675333490394671,0.128673953646745,0.405654974959248,0.714447991121246,0.095953112596841,3090,3273,1,1,1,16,"",*,-0.205120579804116,0.299281318491125,-0.119750260525455,1.4704172413148,quality_bacyear_plus2,other
-0.146439976991879,-0.171773022738343,0.0970833449009255,0.116229585387669,0.131453606959444,0.139440722506557,5137,6540,1,0.790300638835398,1.70261706545627,16,"","",-0.336723332997692,0.0438433790139354,-0.399583010098174,0.0560369646214883,quality_first_grad_degree,cpge
-0.0718880791844754,-0.338117640949044,0.0704961242252597,0.212963612400015,0.307849353297145,0.112359171618364,7306,7911,1,1,1,16,"","",-0.210060482665984,0.0662843242970336,-0.755526321253074,0.0792910393549863,quality_first_grad_degree,cpge
0.0528053333854217,0.0334358844746632,0.281575274487373,0.332793682248932,0.851240866218669,0.919970952608013,798,763,1,0.603228329459179,1.25818322826741,16,"","",-0.49908220460983,0.604692871380673,-0.618839732733243,0.68571150168257,quality_first_grad_degree,dut
0.0849448973698159,0.148171457721507,0.126315715209707,0.357008858248026,0.501277638261852,0.678115694565203,2275,1070,1,1,1,16,"","",-0.162633904441211,0.332523699180842,-0.551565904444625,0.847908819887638,quality_first_grad_degree,dut
0.0586325405657746,0.0728204465164808,0.0649402233948403,0.0793074015479762,0.36659521250466,0.358511591898635,7452,4535,1,1.01394173116602,1.96734992032134,16,"","",-0.0686502972881123,0.185915378419662,-0.0826220605175525,0.228262953550514,quality_first_grad_degree,licence/master
0.0594348162579159,0.226897453757559,0.0660914669144905,0.190446013186466,0.368502877775675,0.233496441199571,7112,4473,1,1,1,16,"","",-0.0701044588944854,0.188974091410317,-0.146376732087914,0.600171639603032,quality_first_grad_degree,licence/master
0.575252118691772,0.674190087656335,0.362371968827851,0.397866930525666,0.112407804314512,0.090168129062243,558,883,1,0.560119242724826,1.3489180648333,16,"",*,-0.134996940210815,1.28550117759436,-0.105629096173971,1.45400927148664,quality_first_grad_degree,medecine
0.350791342250155,0.786655481106735,0.127604515261064,0.382769210843997,0.00597680545123612,0.0398626678723644,1727,1378,1,1,1,16,***,**,0.10068649233847,0.600896192161839,0.0364278278525003,1.53688313436097,quality_first_grad_degree,medecine
-0.166173928913079,-0.141881663044085,0.301874348219531,0.365787497306331,0.581994421146199,0.698104821999744,488,341,1,0.742197743242022,1.49534578664101,16,"","",-0.75784765142336,0.425499793597202,-0.858825157764494,0.575061831676324,quality_first_grad_degree,bts
-0.0968604311368111,-0.245370956275924,0.190682874387257,0.57649584069718,0.611477135427425,0.670381229057595,845,403,1,1,1,16,"","",-0.470598864935834,0.276878002662212,-1.3753028040424,0.88456089149055,quality_first_grad_degree,bts
0.0530873995602192,-0.00890710270540041,0.167486069353719,0.193507592768038,0.751269355343058,0.963286552019148,2101,2637,1,0.832614016130423,1.89983318735175,16,"","",-0.27518529637307,0.381360095493509,-0.388181984530755,0.370367779119954,quality_first_grad_degree,other
-0.0124717953076114,0.337410079762087,0.128568801947271,0.416131849003291,0.922722555474051,0.417466212370084,2791,3071,1,1,1,16,"","",-0.264466647124262,0.23952305650904,-0.478208344284363,1.15302850380854,quality_first_grad_degree,other
0.0505879413843449,0.0499362438473394,0.0731975928204306,0.0910705090079645,0.489493385966966,0.583468711575794,10832,10220,1,1.23363223980124,2.42602776538854,16,"","",-0.0928793405436991,0.194055223312389,-0.128561953808271,0.22843444150295,tot_enrol_yrs,cpge
0.0247642910037236,0.505653167847964,0.0923385438827875,0.283296541599848,0.788552930947651,0.0742791588871857,7956,8487,1,1,1,16,"",*,-0.15621925500654,0.205747837013987,-0.0496080536877392,1.06091438938367,tot_enrol_yrs,cpge
0.0477318422792425,-0.0100784104130796,0.379045956491153,0.437767669692769,0.89979029021165,0.98163249979223,1224,1127,1,0.582678834993356,1.25796319530357,16,"","",-0.695198232443417,0.790661917001902,-0.868103043010908,0.847946222184748,tot_enrol_yrs,dut
0.0594201696650742,0.0377584991765012,0.152844938155197,0.442240770208004,0.6974528629516,0.931959324752499,3901,1593,1,1,1,16,"","",-0.240155909119112,0.358996248449261,-0.829033410431186,0.904550408784188,tot_enrol_yrs,dut
-0.0947596719691219,-0.101229045088703,0.128510679883949,0.158203810935601,0.460898547536369,0.522260519565841,6883,4844,1,0.853278560708836,1.68831742268993,16,"","",-0.346640604541661,0.157121260603417,-0.41130851452248,0.208850424345075,tot_enrol_yrs,licence/master
-0.0653664930023599,-0.198736993634029,0.104552969513698,0.314351356337329,0.531839949651286,0.527247746124622,9109,5378,1,1,1,16,"","",-0.270290313249207,0.139557327244488,-0.814865652055194,0.417391664787136,tot_enrol_yrs,licence/master
0.183156578848028,0.249188790022195,0.355312384703637,0.428338942791929,0.606217345416293,0.560730982327008,2678,3116,1,0.752542169670484,1.58164590226297,16,"","",-0.513255695171101,0.879568852867156,-0.590355537849985,1.08873311789438,tot_enrol_yrs,medecine
0.17220464873235,0.263629867716347,0.236898975415017,0.721886173154713,0.467280018894058,0.714965181675133,4386,3878,1,1,1,16,"","",-0.292117343081083,0.636526640545783,-1.15126703166689,1.67852676709958,tot_enrol_yrs,medecine
-0.00610005232839406,-0.0544108717192984,0.194922264644998,0.231703640014208,0.975034441301899,0.814340997207769,2573,1339,1,0.773635385323736,1.59770780454252,16,"","",-0.38814769103259,0.375947586375802,-0.508550006147146,0.399728262708549,tot_enrol_yrs,bts
-0.102285839728106,0.314710547547888,0.136463136403151,0.395091825526844,0.453526234048078,0.425712199544562,4348,1490,1,1,1,16,"","",-0.369753587078282,0.16518190762207,-0.459669430484727,1.0890905255805,tot_enrol_yrs,bts
-0.100299195687322,-0.155153061574461,0.244898311105415,0.286501442351452,0.682132808808449,0.588132860273024,1817,2431,1,0.690156684381861,1.52866924539343,16,"","",-0.580299885453935,0.37970149407929,-0.716695888583307,0.406389765434385,tot_enrol_yrs,other
-0.147957300635447,-0.27249110189398,0.13540273701291,0.432399411262604,0.274516684909479,0.528574340460257,3304,3387,1,1,1,16,"","",-0.413346665180751,0.117432063909857,-1.11999394796868,0.575011744180724,tot_enrol_yrs,other
