coef,coef_bias,se,robust_se,p_value,robust_p_value,n_cont,n_treat,poly,h_bandwidth,b_bandwidth,threshold,donut,controls,sig,robust_sig,ci_lower,ci_upper,robust_ci_lower,robust_ci_upper,outcome,placebo,mean_y,bandwidth
0.00917284081234016,0.0108242861212096,0.00375747515042577,0.00413153799031659,0.0146375475795797,0.00879512011655549,50675,36678,1,0.685264224037888,1.44552174785591,15,FALSE,FALSE,**,***,0.00180818951750565,0.0165374921071747,0.00272647166018904,0.0189221005822301,enrol_year_bac_all_0914,Grade 15,0.926,MSE-optimal
-0.0036366956529883,-0.00583663624486563,0.00480868488658681,0.00533259735728966,0.449483400138994,0.273726833882654,82436,43970,1,1.02848433415231,2.60049481548963,15,TRUE,FALSE,"","",-0.0130617180306984,0.00578832672472185,-0.0162885270651534,0.00461525457542211,enrol_year_bac_all_0914,Grade 15,0.926,MSE-optimal
0.00875545377329079,0.00952968400164134,0.00252880960823791,0.0029880850541801,0.000535614222598785,0.00142653401870584,157541,119807,1,1.27065551574455,2.28249446370536,14,FALSE,FALSE,***,***,0.00379898694114449,0.0137119206054371,0.00367303729544833,0.0153863307078343,enrol_year_bac_all_0914,Grade 14,0.912,MSE-optimal
0.00227154003373942,0.00156706862246336,0.00356628030993417,0.00435611387498367,0.524157816271886,0.719041538906987,128313,90585,1,1.19864673449179,2.36040563852334,14,TRUE,FALSE,"","",-0.00471836937373156,0.00926144944121039,-0.00697091457250463,0.0101050518174314,enrol_year_bac_all_0914,Grade 14,0.912,MSE-optimal
0.0718946664881579,0.0753643634926673,0.00828398456725242,0.00869540038861011,0.00000000000000000400127126948715,0.00000000000000000443060339539378,42807,60949,1,0.633802370864056,1.81481945998318,16,FALSE,FALSE,***,***,0.0556580567363432,0.0881312762399726,0.0583213787309915,0.0924073482543431,enrol_year_bac_all_0914,Grade 16 Not Eligible to Need-Based Grant,0.732,MSE-optimal
-0.015925698060725,-0.0183227091307514,0.00990341604534304,0.0118458101132497,0.107812953783133,0.121919420834122,56453,49994,1,0.821152506472394,1.72196763461886,16,TRUE,FALSE,"","",-0.0353363935095973,0.00348499738814738,-0.0415404969527208,0.00489507869121797,enrol_year_bac_all_0914,Grade 16 Not Eligible to Need-Based Grant,0.732,MSE-optimal
0.00401126374814043,0.00466437371773765,0.00218745570600891,0.00259392784433245,0.0666899690776213,0.0721469887681667,103595,52828,1,1.08080721421051,1.75170105844496,15,FALSE,FALSE,*,*,-0.000276149435637046,0.0082986769319179,-0.00041972485715396,0.00974847229262925,enrol_anytime_all_0914,Grade 15,0.958,MSE-optimal
0.00041878792889527,-0.00123447789746711,0.00392868203368435,0.00435107553493912,0.915108252356994,0.776626596414786,70496,35989,1,0.987432816135728,2.45075395208924,15,TRUE,FALSE,"","",-0.00728142885712605,0.00811900471491659,-0.00976258594594779,0.00729363015101357,enrol_anytime_all_0914,Grade 15,0.958,MSE-optimal
0.0108503241493605,0.0117484469169984,0.00231266274130804,0.002642871082706,0.00000270941727263368,0.00000877550751979927,123199,107405,1,1.06743979432728,2.10223545262517,14,FALSE,FALSE,***,***,0.00631750517639674,0.0153831431223242,0.00656841959489464,0.0169284742391021,enrol_anytime_all_0914,Grade 14,0.946,MSE-optimal
0.00569572583265865,0.00586777350711198,0.00333730308674192,0.0041422193979111,0.0878805769248028,0.15660658194218,99108,80940,1,1.02306600920667,1.9988851963679,14,TRUE,FALSE,*,"",-0.000845388217355523,0.0122368398826728,-0.00225097651279376,0.0139865235270177,enrol_anytime_all_0914,Grade 14,0.946,MSE-optimal
0.16765561739983,0.171827199709544,0.013359455308044,0.0136675794276564,0.0000000000000000000000000000000000039959973947263,0.00000000000000000000000000000000000301460011195794,17356,45278,1,0.389036411475962,1.37064742350842,16,FALSE,FALSE,***,***,0.141471084996064,0.193840149803596,0.145038744031337,0.198615655387751,enrol_anytime_all_0914,Grade 16 Not Eligible to Need-Based Grant,0.813,MSE-optimal
-0.0159482794806163,-0.01882642026291,0.0103071944469175,0.0120137489095094,0.121791915275991,0.117097654338631,46559,45853,1,0.741592828274105,1.63291138823992,16,TRUE,FALSE,"","",-0.0361503805965746,0.00425382163534205,-0.0423733681255485,0.00472052759972843,enrol_anytime_all_0914,Grade 16 Not Eligible to Need-Based Grant,0.813,MSE-optimal
0.00526263600857968,0.00749694977585191,0.0054269512812309,0.00623490566390486,0.332184901475887,0.229202427534352,103222,51463,1,1.0656357478842,1.89374846130093,15,FALSE,FALSE,"","",-0.00537418850263288,0.0158994605197922,-0.00472346532540161,0.0197173648771054,enrol_2_ontime_all_0914,Grade 15,0.679,MSE-optimal
0.000278828403126319,0.00362538565806148,0.00987221700961473,0.0114225320798515,0.977467745778139,0.750948477801706,57708,35942,1,0.949621208833072,2.08975929937466,15,TRUE,FALSE,"","",-0.0190707169357186,0.0196283737419712,-0.0187627772184475,0.0260135485345704,enrol_2_ontime_all_0914,Grade 15,0.679,MSE-optimal
0.0425873878069273,0.045583393545056,0.00673998045863545,0.00712775663680282,0.00000000026390616395036,0.000000000160342604719276,65712,82357,1,0.692118216323712,1.89692411483363,14,FALSE,FALSE,***,***,0.0293770261080018,0.0557977495058528,0.0316129905369225,0.0595537965531896,enrol_2_ontime_all_0914,Grade 14,0.628,MSE-optimal
-0.000297547942617271,0.00197937120851033,0.00696229047318033,0.0082128892408531,0.965911123549631,0.809548991806534,107195,82756,1,1.06556259916078,2.26076241496478,14,TRUE,FALSE,"","",-0.0139436372700507,0.0133485413848162,-0.0141178917035618,0.0180766341205824,enrol_2_ontime_all_0914,Grade 14,0.628,MSE-optimal
0.0902253238131135,0.0946776374621547,0.0110859025801251,0.0116137290298225,0.000000000000000399399253282922,0.000000000000000357312839665952,30326,53367,1,0.518366423742172,1.51092494916745,16,FALSE,FALSE,***,***,0.0684969547560684,0.111953692870159,0.0719147285637026,0.117440546360607,enrol_2_ontime_all_0914,Grade 16 Not Eligible to Need-Based Grant,0.562,MSE-optimal
-0.00698246687396575,-0.00617554470773141,0.0111514366910608,0.0137507044525483,0.53121686564094,0.653354099465321,56453,49994,1,0.828860451498019,1.65379436667566,16,TRUE,FALSE,"","",-0.0288392827884448,0.0148743490405133,-0.033126925434726,0.0207758360192632,enrol_2_ontime_all_0914,Grade 16 Not Eligible to Need-Based Grant,0.562,MSE-optimal
0.00952805042459404,0.0111886837453996,0.00409636766727129,0.0047108672935738,0.0200198630510392,0.0175451767773813,102424,45764,1,1.01636017181617,1.73687291048963,15,FALSE,FALSE,**,**,0.00149916979674231,0.0175569310524458,0.00195538384999495,0.0204219836408043,enrol_2_anytime_all_0914,Grade 15,0.852,MSE-optimal
-0.00127676419997069,-0.00178549359753788,0.00528034973348879,0.00650679898610628,0.808938714589264,0.783773941645933,96034,54867,1,1.2846653912748,2.42394662649674,15,TRUE,FALSE,"","",-0.0116262496776087,0.00907272127766734,-0.0145388196103062,0.0109678324152304,enrol_2_anytime_all_0914,Grade 15,0.852,MSE-optimal
0.067641355810561,0.0704297974186375,0.00672194799148522,0.00700379081344801,0.00000000000000000000000807027304701436,0.00000000000000000000000864798253724383,49010,73745,1,0.57426904636142,1.73789594438284,14,FALSE,FALSE,***,***,0.0544663377472499,0.080816373873872,0.0567023674242794,0.0841572274129956,enrol_2_anytime_all_0914,Grade 14,0.809,MSE-optimal
0.00302424432418347,0.00402604951659225,0.0063083790079024,0.00772486516092255,0.631653255999298,0.602240998213392,90702,77609,1,0.970244821699175,1.95458822620919,14,TRUE,FALSE,"","",-0.00934017853130524,0.0153886671796722,-0.011114686198816,0.0191667852320004,enrol_2_anytime_all_0914,Grade 14,0.809,MSE-optimal
0.186506956107707,0.191357021740338,0.0146272512859938,0.0149729051436036,0.000000000000000000000000000000000000309158198917802,0.000000000000000000000000000000000000211470517162648,16836,44993,1,0.378522838491109,1.32567479177133,16,FALSE,FALSE,***,***,0.157837543587159,0.215176368628255,0.162010127658875,0.220703915821801,enrol_2_anytime_all_0914,Grade 16 Not Eligible to Need-Based Grant,0.718,MSE-optimal
-0.00940949347530884,-0.00995795305024583,0.0102848253615527,0.0126401563585997,0.360248890245642,0.43081194830047,54193,49883,1,0.810271049185729,1.63199772597248,16,TRUE,FALSE,"","",-0.0295677511839522,0.0107487642333345,-0.0347326595131013,0.0148167534126096,enrol_2_anytime_all_0914,Grade 16 Not Eligible to Need-Based Grant,0.718,MSE-optimal
0.00689196949786841,0.00869667920583506,0.00629226712778167,0.00726445964055527,0.273381795229372,0.231246412736286,83147,40858,1,0.96258938579231,1.59830161926831,15,FALSE,FALSE,"","",-0.00544087407258367,0.0192248130683205,-0.00554166168965327,0.0229350201013234,enrol_3_ontime_all_0914,Grade 15,0.475,MSE-optimal
0.00928540588218629,0.00986142786780264,0.00836898130529735,0.0106093194791779,0.267213456170551,0.352626831487097,84597,49056,1,1.11584936879553,2.11531986971197,15,TRUE,FALSE,"","",-0.00711779747619652,0.0256886092405691,-0.0109328383113861,0.0306556940469914,enrol_3_ontime_all_0914,Grade 15,0.475,MSE-optimal
0.113542415005427,0.117213213723175,0.0084671317914447,0.00873926752597516,0.0000000000000000000000000000000000000000529923860847019,0.00000000000000000000000000000000000000005126186842641,40981,67823,1,0.503027936606703,1.65018999528805,14,FALSE,FALSE,***,***,0.0969468366941951,0.130137993316658,0.100084249372263,0.134342178074086,enrol_3_ontime_all_0914,Grade 14,0.395,MSE-optimal
0.00272689267483739,-0.000257820193217739,0.00789202686050774,0.00916525081209361,0.729699710013598,0.977558320115844,90702,77609,1,0.973219223103328,2.11991425633937,14,TRUE,FALSE,"","",-0.0127414799717578,0.0181952653214326,-0.0182217117849212,0.0177060713984857,enrol_3_ontime_all_0914,Grade 14,0.395,MSE-optimal
0.105075200183367,0.109750425338659,0.0115826258956236,0.0120606108241127,0.000000000000000000117072900196443,0.000000000000000000090410007897232,27522,51776,1,0.489693820628934,1.48343641858269,16,FALSE,FALSE,***,***,0.082373253427945,0.12777714693879,0.086111628123398,0.13338922255392,enrol_3_ontime_all_0914,Grade 16 Not Eligible to Need-Based Grant,0.463,MSE-optimal
-0.00169868641863014,-0.000485864318079843,0.00662925808730489,0.00812205674625382,0.797764903478079,0.952298713642845,121106,70512,1,1.28323573872782,2.44290739348773,16,TRUE,FALSE,"","",-0.0146920322697477,0.0112946594324875,-0.0164050955407373,0.0154333669045776,enrol_3_ontime_all_0914,Grade 16 Not Eligible to Need-Based Grant,0.463,MSE-optimal
0.00882213995009917,0.0110527009252355,0.0057149710149098,0.00646194810199021,0.122663605071056,0.0871866438337477,61756,39526,1,0.798966496830719,1.48355888298341,15,FALSE,FALSE,"",*,-0.00237920323912404,0.0200234831393224,-0.00161271735466533,0.0237181192051363,enrol_3_anytime_all_0914,Grade 15,0.715,MSE-optimal
0.00776584104627442,0.00434703293772554,0.00918066185954264,0.0103041504981168,0.397613443982139,0.673118423099879,62645,35954,1,0.95731233610445,2.28142005443035,15,TRUE,FALSE,"","",-0.0102282561984292,0.025759938290978,-0.0158491020385834,0.0245431679140344,enrol_3_anytime_all_0914,Grade 15,0.715,MSE-optimal
0.129666422746418,0.133207849166388,0.00824431716541507,0.00848100152194776,0.0000000000000000000000000000000000000000000000000000000972709574877061,0.000000000000000000000000000000000000000000000000000000136256991589633,42131,69836,1,0.525291359207369,1.78691193661651,14,FALSE,FALSE,***,***,0.113507561102205,0.145825284390632,0.11658508618337,0.149830612149405,enrol_3_anytime_all_0914,Grade 14,0.632,MSE-optimal
0.0104275056168033,0.00649784100147555,0.00954620493883446,0.0106666684431375,0.274692700891623,0.542410111185555,70089,67849,1,0.830762054643895,2.01569801805028,14,TRUE,FALSE,"","",-0.00828305606331226,0.0291380672969188,-0.014408829147074,0.0274045111500251,enrol_3_anytime_all_0914,Grade 14,0.632,MSE-optimal
0.203447961495863,0.208539828614963,0.0162794691729633,0.0166443903072357,0.00000000000000000000000000000000000773164334025649,0.00000000000000000000000000000000000517231185551577,12914,42949,1,0.346794824127552,1.22018841941653,16,FALSE,FALSE,***,***,0.171540201916855,0.235355721074871,0.175916823612781,0.241162833617145,enrol_3_anytime_all_0914,Grade 16 Not Eligible to Need-Based Grant,0.691,MSE-optimal
-0.00429122839941964,-0.00482862988496668,0.0110819028782805,0.0135787137305592,0.698587068153303,0.722137976837507,50692,48470,1,0.784181673156679,1.58958366795917,16,TRUE,FALSE,"","",-0.0260117580408494,0.0174293012420102,-0.0314429087968627,0.0217856490269294,enrol_3_anytime_all_0914,Grade 16 Not Eligible to Need-Based Grant,0.691,MSE-optimal
0.0262172086008263,0.0269506674216657,0.0187826267819269,0.0221151717473608,0.16276802477943,0.222976833349333,76491,38288,1,0.959945947091336,1.50175491246769,15,FALSE,FALSE,"","",-0.0105967398917504,0.0630311570934031,-0.0163950692031613,0.0702964040464928,quality,Grade 15,12.693,MSE-optimal
0.056936853232699,0.0445156748843871,0.0364553563335981,0.044151047059147,0.118329438295941,0.313330310700009,41073,32845,1,0.821904774777575,1.65509572290529,15,TRUE,FALSE,"","",-0.0145156451811532,0.128389351646551,-0.042020377351541,0.131051727120315,quality,Grade 15,12.693,MSE-optimal
0.131979697631783,0.139513647368467,0.0173176690409193,0.0185813595273279,0.0000000000000251521849964803,0.000000000000059919178845776,48376,69905,1,0.60749789354335,1.53603290652152,14,FALSE,FALSE,***,***,0.098037066311581,0.165922328951985,0.103094182694905,0.17593311204203,quality,Grade 14,12.261,MSE-optimal
-0.0350278648957669,-0.0453734808569948,0.0238929298380836,0.0270243744885735,0.142638826116808,0.0931552451428033,60939,61777,1,0.815516028901367,1.93429450495464,14,TRUE,FALSE,"",*,-0.0818580073784108,0.011802277586877,-0.0983412548545988,0.00759429314060926,quality,Grade 14,12.261,MSE-optimal
0.219669172079211,0.2382139450474,0.0424145364922695,0.0458152731812504,0.000000222957634804399,0.000000199885587770359,21991,40723,1,0.518802787130549,1.3185655845917,16,FALSE,FALSE,***,***,0.136536680554363,0.302801663604059,0.14841600961215,0.328011880482651,quality,Grade 16 Not Eligible to Need-Based Grant,13.765,MSE-optimal
0.0178861692171566,-0.00730261503611018,0.0643917067275618,0.0700276756857069,0.781187910310554,0.916945687047105,25528,32095,1,0.652410949054694,1.68437281345956,16,TRUE,FALSE,"","",-0.108321575968865,0.144093914403178,-0.144556859380096,0.129951629307875,quality,Grade 16 Not Eligible to Need-Based Grant,13.765,MSE-optimal
0.00828048229955769,0.00620622526458803,0.0190517205169764,0.022544004288493,0.663829757800869,0.78309050502106,72224,36927,1,0.956175785937798,1.47837983211711,15,FALSE,FALSE,"","",-0.029060889913716,0.0456218545128314,-0.0379800231408582,0.0503924736700343,quality_bacyear_plus1,Grade 15,12.735,MSE-optimal
0.0384461284428141,0.0260594126079283,0.0397122631529443,0.048549801900648,0.332985797557964,0.591435952920706,34458,30946,1,0.779315489899389,1.55668372514405,15,TRUE,FALSE,"","",-0.0393899073369567,0.116282164222585,-0.0690981991173417,0.121217024333198,quality_bacyear_plus1,Grade 15,12.735,MSE-optimal
0.0622462220288078,0.0675488768765877,0.0140266069750973,0.0159749512656571,0.00000909147403267862,0.0000235333358158374,69002,79416,1,0.818234062245487,1.65024339105628,14,FALSE,FALSE,***,***,0.0347540723576172,0.0897383716999984,0.0362379723958998,0.0988597813572757,quality_bacyear_plus1,Grade 14,12.298,MSE-optimal
-0.0593628742168733,-0.0705990598320838,0.0282299862889808,0.0321393723553429,0.0354805949540817,0.0280452131869591,47845,53382,1,0.742441563008043,1.72990197099521,14,TRUE,FALSE,**,**,-0.114693647343276,-0.00403210109047089,-0.133592229648556,-0.00760589001561174,quality_bacyear_plus1,Grade 14,12.298,MSE-optimal
0.117461891235948,0.132449298930322,0.0373971135053091,0.0426959612337323,0.00168409581013024,0.00192120235996218,27851,44280,1,0.599051294842784,1.27663869755719,16,FALSE,FALSE,***,***,0.0441635487655419,0.190760233706354,0.0487652149122064,0.216133382948437,quality_bacyear_plus1,Grade 16 Not Eligible to Need-Based Grant,13.866,MSE-optimal
-0.00715574038580513,-0.034636917270781,0.0784298315146791,0.0851630257539601,0.927303892357242,0.684218725987648,20563,28639,1,0.598531402199959,1.53028367517253,16,TRUE,FALSE,"","",-0.160878210154576,0.146566729382966,-0.201556447748543,0.132282613206981,quality_bacyear_plus1,Grade 16 Not Eligible to Need-Based Grant,13.866,MSE-optimal
0.0118963396064835,0.00870430819809087,0.0177959083355751,0.0215290051940648,0.503822554001765,0.685987637925996,75651,44181,1,1.11027990568053,1.70650573871671,15,FALSE,FALSE,"","",-0.0229836407312437,0.0467763199442107,-0.0334925419822762,0.0509011583784579,quality_bacyear_plus2,Grade 15,12.84,MSE-optimal
0.0410620782578022,0.0236548238805696,0.0370509986536252,0.0437255005780505,0.267750261818982,0.588518174703277,33414,28484,1,0.843956412182769,1.78999181182948,15,TRUE,FALSE,"","",-0.0315578791033032,0.113682035618908,-0.0620471572524094,0.109356805013549,quality_bacyear_plus2,Grade 15,12.84,MSE-optimal
-0.0000608504101933249,-0.00219091816995665,0.0147124423172651,0.0179823069595283,0.996699972489838,0.903027765301862,68797,73071,1,0.953731460562274,1.61567605653486,14,FALSE,FALSE,"","",-0.028897237352033,0.0287755365316463,-0.037436239810632,0.0330544034707188,quality_bacyear_plus2,Grade 14,12.418,MSE-optimal
-0.0145660831338645,-0.0221623694030271,0.0227040798244328,0.0270885826125166,0.521157376027676,0.413274796980792,55944,54278,1,0.937457896090027,1.97493449527641,14,TRUE,FALSE,"","",-0.0590660795897528,0.0299339133220238,-0.0752559913235596,0.0309312525175055,quality_bacyear_plus2,Grade 14,12.418,MSE-optimal
-0.0549226775180465,-0.0506311041825693,0.0388562600009244,0.0473983553149603,0.157513646278512,0.285428582266212,24984,42967,1,0.570468694871282,1.05933645442664,16,FALSE,FALSE,"","",-0.131080947119858,0.0212355920837653,-0.143531880599891,0.0422696722347528,quality_bacyear_plus2,Grade 16 Not Eligible to Need-Based Grant,13.915,MSE-optimal
-0.0926960999079469,-0.123471837410648,0.153488465042884,0.161770798536974,0.545891000170673,0.445313299685206,10410,21980,1,0.465262800178922,1.20101968688001,16,TRUE,FALSE,"","",-0.393533491392,0.208141291576106,-0.440542602543116,0.193598927721821,quality_bacyear_plus2,Grade 16 Not Eligible to Need-Based Grant,13.915,MSE-optimal
0.0349059814884711,0.0499103972179693,0.0377369439976446,0.0425227280283904,0.354975442081066,0.240501346389271,50675,36678,1,0.685621149774911,1.31074929352536,15,FALSE,FALSE,"","",-0.0390584287469123,0.108870391723855,-0.0334341497176758,0.133254944153614,tot_enrol_yrs,Grade 15,4.77,MSE-optimal
0.0409417163910284,0.0168395198453304,0.0658863254990651,0.0760465182288812,0.534336934048822,0.824752114024904,44423,35067,1,0.828654319360991,1.84089184329579,15,TRUE,FALSE,"","",-0.0881954815871392,0.170078914369196,-0.132211655883277,0.165890695573938,tot_enrol_yrs,Grade 15,4.77,MSE-optimal
0.466654667962085,0.481905616786702,0.0335577246960083,0.0353471092756055,0.0000000000000000000000000000000000000000000582240438853078,0.00000000000000000000000000000000000000000253063620907372,67280,83083,1,0.705043701641646,1.97384009655235,14,FALSE,FALSE,***,***,0.400881527557909,0.532427808366261,0.412625282606515,0.551185950966889,tot_enrol_yrs,Grade 14,4.241,MSE-optimal
0.0850646379183679,0.0672083738436573,0.0469918144162134,0.0542810831705817,0.0702645946626402,0.215658734843947,74410,70437,1,0.866832486373369,1.95527740878463,14,TRUE,FALSE,*,"",-0.00703931833741024,0.177168594174146,-0.0391825491706829,0.173599296857998,tot_enrol_yrs,Grade 14,4.241,MSE-optimal
0.984216908090887,1.01704274915427,0.0896025655247543,0.0930179651927377,0.000000000000000000000000000455006101861474,0.000000000000000000000000000794226242702656,22120,48553,1,0.438055039601319,1.35162525600975,16,FALSE,FALSE,***,***,0.808595879662369,1.15983793651941,0.834727537376505,1.19935796093204,tot_enrol_yrs,Grade 16 Not Eligible to Need-Based Grant,4.784,MSE-optimal
-0.0652885126217093,-0.0950019642177509,0.119442752242311,0.137240218954081,0.584647216252934,0.488792135561513,32532,40152,1,0.632623269722178,1.41714600588124,16,TRUE,FALSE,"","",-0.299396307016639,0.168819281773221,-0.363992793367749,0.173988864932247,tot_enrol_yrs,Grade 16 Not Eligible to Need-Based Grant,4.784,MSE-optimal
0.0293431480768414,0.0375683262967721,0.0211527873164813,0.0240352311460633,0.165380763681603,0.118040264743225,67803,40285,1,0.853015597688519,1.53494662252106,15,FALSE,FALSE,"","",-0.012116315063462,0.0708026112171447,-0.00954072674951195,0.0846773793430561,max_enrol_degetu,Grade 15,3.822,MSE-optimal
0.0386449149508668,0.0212526262292876,0.042341077699255,0.0466706815302876,0.3613976932929,0.648840022884652,44423,35067,1,0.823942251520177,2.07136359861076,15,TRUE,FALSE,"","",-0.0443435973396731,0.121633427241407,-0.0702219095700761,0.112727162028651,max_enrol_degetu,Grade 15,3.822,MSE-optimal
0.59680275261201,0.611236447790597,0.0354330196853791,0.036197619268885,0.00000000000000000000000000000000000000000000000000000000000000117846830652628,0.000000000000000000000000000000000000000000000000000000000000000569495334126627,29089,61205,1,0.424064236762389,1.55903067075427,14,FALSE,FALSE,***,***,0.527354034028667,0.666251471195353,0.540289114023583,0.682183781557612,max_enrol_degetu,Grade 14,3.416,MSE-optimal
0.063864655585876,0.0641175555569262,0.0293701300196044,0.0364940555917298,0.0296693733538611,0.0789294869827875,83903,74248,1,0.924204492201357,1.8211080724228,14,TRUE,FALSE,**,*,0.00629920074745136,0.121430110424301,-0.00741079340286423,0.135645904516717,max_enrol_degetu,Grade 14,3.416,MSE-optimal
1.03604947895636,1.05947785044616,0.073994903151682,0.0754482876555745,0.0000000000000000000000000000000000000000000152329817540943,0.00000000000000000000000000000000000000000000857132536247308,15069,44655,1,0.360247408891095,1.31787609427325,16,FALSE,FALSE,***,***,0.89101946877906,1.18107948913365,0.91159920664123,1.20735649425108,max_enrol_degetu,Grade 16 Not Eligible to Need-Based Grant,3.767,MSE-optimal
-0.0520630132342905,-0.0674285295728332,0.0708832261976199,0.0825828229623103,0.462650217741346,0.414216614516087,35401,41445,1,0.657369566994149,1.44233567035557,16,TRUE,FALSE,"","",-0.190994136581626,0.0868681101130446,-0.229290862578961,0.094433803433295,max_enrol_degetu,Grade 16 Not Eligible to Need-Based Grant,3.767,MSE-optimal
-0.00155747831915598,0.000237182782371392,0.00597960907127235,0.00716426121963037,0.794505181678249,0.973589751917715,83407,46945,1,1.11855537176439,1.76544616241682,15,FALSE,FALSE,"","",-0.0132775120988498,0.0101625554605378,-0.0138047692081041,0.0142791347728469,grad_5_all,Grade 15,0.634,MSE-optimal
-0.0115780857417358,-0.00796397168237206,0.0120181882865334,0.0148324575495315,0.335356712803753,0.591316887316112,42951,30858,1,0.906807844065531,1.76982153096282,15,TRUE,FALSE,"","",-0.0351337347833413,0.0119775632998697,-0.0370355884794538,0.0211076451147097,grad_5_all,Grade 15,0.634,MSE-optimal
0.105406992104797,0.109802304855122,0.0101528629555645,0.0105415689296233,0.00000000000000000000000029944507265559,0.000000000000000000000000209307035721394,31185,53958,1,0.512068200167942,1.60719157432402,14,FALSE,FALSE,***,***,0.0855073807118908,0.125306603497704,0.0891408297530602,0.130463779957183,grad_5_all,Grade 14,0.614,MSE-optimal
0.0129148654244435,0.0160391583461643,0.00960757133136677,0.0112696510128529,0.178871337884327,0.154673273349306,63381,59675,1,0.920831267717851,2.00191847185645,14,TRUE,FALSE,"","",-0.00591597438503533,0.0317457052339224,-0.00604935763902732,0.038127674331356,grad_5_all,Grade 14,0.614,MSE-optimal
0.144939855252188,0.151072634646536,0.0187117095446217,0.0192866781154342,0.00000000000000948742811218251,0.00000000000000476347613032637,9757,38371,1,0.308123363240976,1.00130120962402,16,FALSE,FALSE,***,***,0.108264904544729,0.181614805959646,0.113270745540285,0.188874523752787,grad_5_all,Grade 16 Not Eligible to Need-Based Grant,0.433,MSE-optimal
-0.0175712792388079,-0.0179690389287552,0.0155968036804755,0.0189043739516128,0.259913803008629,0.341846661862727,37976,41789,1,0.693071132350521,1.4334997293756,16,TRUE,FALSE,"","",-0.0481410144525399,0.0129984559749242,-0.0550216118739164,0.0190835340164059,grad_5_all,Grade 16 Not Eligible to Need-Based Grant,0.433,MSE-optimal
0.0018992723457969,0.00283736427782211,0.00501856962081485,0.00598911008157949,0.705097119049734,0.63567540983808,90128,51138,1,1.2592203377204,1.96988174480925,15,FALSE,FALSE,"","",-0.00793712411100021,0.011735668802594,-0.0089012914820737,0.0145760200377179,grad_7_all,Grade 15,0.744,MSE-optimal
0.00308517969938693,0.0053388530955587,0.0103664265026676,0.0129154708905171,0.765998815841731,0.679336407699824,45887,30953,1,0.938104822475845,1.80153676018246,15,TRUE,FALSE,"","",-0.0172330162458416,0.0234033756446154,-0.0199754698498548,0.0306531760409722,grad_7_all,Grade 15,0.744,MSE-optimal
0.129284510851932,0.133726978491719,0.0110642933425219,0.0113875023674827,0.000000000000000000000000000000152364036801495,0.0000000000000000000000000000000764345925248994,24036,49823,1,0.447561165300832,1.51005432484275,14,FALSE,FALSE,***,***,0.107598495900589,0.150970525803275,0.111407473851453,0.156046483131985,grad_7_all,Grade 14,0.694,MSE-optimal
0.0143870100649555,0.0168818014358323,0.00884203161058542,0.0105423250831326,0.103712488488984,0.109302587669585,65006,59717,1,0.937102863454189,1.9803610172614,14,TRUE,FALSE,"","",-0.00294337189179196,0.0317173920217029,-0.00378115572710767,0.0375447585987722,grad_7_all,Grade 14,0.694,MSE-optimal
0.193726436281861,0.199653659449028,0.0183120941583191,0.0186757566712222,0.0000000000000000000000000372310654735689,0.0000000000000000000000000112730003697641,11453,39880,1,0.328370700175317,1.20319988972536,16,FALSE,FALSE,***,***,0.157834731731556,0.229618140832167,0.163049176373432,0.236258142524623,grad_7_all,Grade 16 Not Eligible to Need-Based Grant,0.617,MSE-optimal
-0.00639748281368369,-0.00460884685456375,0.0117027686340702,0.0142652959164142,0.58460956171125,0.746633857463673,50282,47253,1,0.806453131569402,1.64592817971111,16,TRUE,FALSE,"","",-0.0293349093364613,0.016539943709094,-0.0325688268507356,0.0233511331416081,grad_7_all,Grade 16 Not Eligible to Need-Based Grant,0.617,MSE-optimal
0.00306365484771876,0.00431329640304745,0.00480294119514097,0.00566824598915892,0.523557935450434,0.4466822306008,91177,51834,1,1.27041058073608,2.05102756670323,15,FALSE,FALSE,"","",-0.00635010989475755,0.0124774195901951,-0.00679646573570404,0.0154230585417989,grad_9_all,Grade 15,0.767,MSE-optimal
0.000976582022069739,0.00356911104475932,0.0103213048581335,0.0128316860306337,0.924618190556449,0.780898556506697,43050,30882,1,0.917719305188556,1.77203178623014,15,TRUE,FALSE,"","",-0.0192531754998719,0.0212063395440114,-0.0215809935752828,0.0287192156648014,grad_9_all,Grade 15,0.767,MSE-optimal
0.126023107212493,0.130409950692524,0.0109951266514027,0.0113230689927907,0.00000000000000000000000000000205385239664196,0.0000000000000000000000000000010807682341275,24036,49823,1,0.442796405373547,1.48517335055949,14,FALSE,FALSE,***,***,0.104472658975744,0.147573555449242,0.108216735466655,0.152603165918394,grad_9_all,Grade 14,0.712,MSE-optimal
0.00836597207939116,0.00835138062660379,0.00690365949580269,0.00859867765507104,0.225582431577015,0.331428724797393,87574,69611,1,1.1256851650029,2.13229428138475,14,TRUE,FALSE,"","",-0.00516520053238212,0.0218971446911644,-0.00850202757733545,0.025204788830543,grad_9_all,Grade 14,0.712,MSE-optimal
0.199147583685418,0.20493161518566,0.0180720360048769,0.0184303681266878,0.000000000000000000000000000307237791060296,0.00000000000000000000000000010113416266662,11453,39880,1,0.32950567731746,1.20800001314294,16,FALSE,FALSE,***,***,0.163726393115859,0.234568774254976,0.168808093657352,0.241055136713968,grad_9_all,Grade 16 Not Eligible to Need-Based Grant,0.651,MSE-optimal
-0.00879117268615315,-0.00864324279309958,0.0125843296551496,0.0154215473447145,0.484813966215147,0.575162073806283,45242,45685,1,0.761520064586559,1.54700497997792,16,TRUE,FALSE,"","",-0.0334564588102464,0.0158741134379401,-0.0388694755887401,0.0215829900025409,grad_9_all,Grade 16 Not Eligible to Need-Based Grant,0.651,MSE-optimal
0.982217085841739,1.54537462081396,1.62298506962516,1.88183158527332,0.545051633143639,0.411527961358241,65932,36012,1,1.23558891529058,2.12768671031457,15,FALSE,FALSE,"","",-2.19883365062356,4.16326782230704,-2.14301528632175,5.23376452794967,max_ects_credits,Grade 15,256.157,MSE-optimal
1.0336259393672,2.15786508313215,2.78680848445795,3.42917187746498,0.710712369969315,0.529174198713572,49159,26987,1,1.03613845788533,2.09121931542721,15,TRUE,FALSE,"","",-4.42851869017037,6.49577056890477,-4.56331179669922,8.87904196296352,max_ects_credits,Grade 15,256.157,MSE-optimal
23.3440084960791,24.4549353293378,2.56847101463644,2.68512969172256,0.0000000000000000001002496517053,0.0000000000000000000842683495222362,30354,45190,1,0.607843692320258,1.8115741960047,14,FALSE,FALSE,***,***,18.3098053073917,28.3782116847666,19.1920811335616,29.717789525114,max_ects_credits,Grade 14,242.959,MSE-optimal
4.81448637911444,5.84503416776624,3.10033559953812,3.60962378382333,0.12044893608825,0.105384495738784,42585,41167,1,0.850184943167738,1.89717179817492,14,TRUE,FALSE,"","",-1.26217139598028,10.8911441542092,-1.22982844852749,12.91989678406,max_ects_credits,Grade 14,242.959,MSE-optimal
2.85962266102541,3.43171070050926,2.54402124513154,3.06099857627017,0.260989217066053,0.262241795263603,30693,34689,1,0.843448710456221,1.57102952652379,16,FALSE,FALSE,"","",-2.12665897943242,7.84590430148324,-2.56784650898027,9.43126790999878,max_ects_credits,Grade 16 Not Eligible to Need-Based Grant,260.988,MSE-optimal
-0.438474531093789,-0.491824957848849,4.55634982104583,5.60217817836519,0.923334943741256,0.930042204675232,21577,22231,1,0.753081176661839,1.52942680462237,16,TRUE,FALSE,"","",-9.36892018034362,8.49197111815604,-11.4720941874446,10.4884442717469,max_ects_credits,Grade 16 Not Eligible to Need-Based Grant,260.988,MSE-optimal
0.00620731641913108,0.00682249688668446,0.00540591040092781,0.0065187778820843,0.250866915643565,0.295288068842063,104825,54073,1,1.124132045259,1.73338015015715,15,FALSE,FALSE,"","",-0.00438826796668742,0.0168029008049496,-0.00595430776220077,0.0195993015355697,master_anytime_all,Grade 15,0.567,MSE-optimal
0.00185523707003488,-0.00316389156551766,0.012058211961359,0.0131271613040271,0.877722701710544,0.809540610585914,47762,35386,1,0.850018436227171,2.22457808594667,15,TRUE,FALSE,"","",-0.0217788583742288,0.0254893325142985,-0.0288931277214108,0.0225653445903755,master_anytime_all,Grade 15,0.567,MSE-optimal
0.145326056889462,0.149255102015317,0.00908863207887926,0.00932118847658733,0.00000000000000000000000000000000000000000000000000000000150341368011776,0.00000000000000000000000000000000000000000000000000000000104601448199419,34835,64170,1,0.462122110365126,1.62076371480989,14,FALSE,FALSE,***,***,0.127512338014858,0.163139775764065,0.130985572601206,0.167524631429428,master_anytime_all,Grade 14,0.469,MSE-optimal
0.0325048008999345,0.0354268604202057,0.0105673576770135,0.012484712771356,0.00209823902192137,0.0045451374906056,65017,65058,1,0.795847006049066,1.72458193111085,14,TRUE,FALSE,***,***,0.0117927798529881,0.0532168219468808,0.010956823388348,0.0598968974520634,master_anytime_all,Grade 14,0.469,MSE-optimal
0.22357328776073,0.229346779262423,0.0179091115721943,0.0182197133959145,0.00000000000000000000000000000000000915434266013034,0.00000000000000000000000000000000000246331646034216,12042,41517,1,0.321808136384916,1.21788441963798,16,FALSE,FALSE,***,***,0.188471429079229,0.258675146442231,0.193636141006431,0.265057417518415,master_anytime_all,Grade 16 Not Eligible to Need-Based Grant,0.597,MSE-optimal
-0.00355267237045243,-0.00360694240736947,0.0152047809883746,0.018367585195727,0.815252862872631,0.844316327287342,38557,42968,1,0.684234727819951,1.42099677210771,16,TRUE,FALSE,"","",-0.0333540431076666,0.0262486983667617,-0.0396074093909943,0.0323935245762554,master_anytime_all,Grade 16 Not Eligible to Need-Based Grant,0.597,MSE-optimal
0.00151961034780773,-0.000564520543767266,0.00479635671610405,0.00539980071217835,0.751375660735638,0.916737097387158,108681,56799,1,1.19348488374486,2.31653583081635,15,FALSE,FALSE,"","",-0.0078812488157562,0.0109204695113717,-0.0111481299396368,0.0100190888521023,master_select_anytime_all,Grade 15,0.226,MSE-optimal
0.00371221347682926,-0.00117352820025429,0.00981143626930634,0.0104787627766033,0.70516632427077,0.91083046105846,50723,35649,1,0.888116125690564,2.50714001020257,15,TRUE,FALSE,"","",-0.0155182016110112,0.0229426285646697,-0.0217119032423968,0.0193648468418882,master_select_anytime_all,Grade 15,0.226,MSE-optimal
0.0111675419687683,0.0112924874608022,0.00327029954995723,0.00399145863984013,0.000638200429913761,0.00466699093856198,152535,117930,1,1.24870820919354,2.00571487500195,14,FALSE,FALSE,***,***,0.00475775485085214,0.0175773290866845,0.00346922852671559,0.0191157463948889,master_select_anytime_all,Grade 14,0.153,MSE-optimal
0.00519990525924419,0.00399499106152468,0.00485310589678292,0.00588381147614645,0.283962978964385,0.497150454082005,121388,88558,1,1.15417569340263,2.27500146286274,14,TRUE,FALSE,"","",-0.00431218229845034,0.0147119928169387,-0.00753727943172236,0.0155272615547717,master_select_anytime_all,Grade 14,0.153,MSE-optimal
0.0494747863352301,0.0533274554570713,0.00902755302469831,0.00972935034883582,0.0000000424316234462952,0.0000000422710772485059,39807,59235,1,0.603248053841453,1.5184602422976,16,FALSE,FALSE,***,***,0.0317807824068214,0.0671687902636388,0.0342579287733531,0.0723969821407895,master_select_anytime_all,Grade 16 Not Eligible to Need-Based Grant,0.367,MSE-optimal
-0.0216617358276396,-0.0270185259856837,0.0175203023981776,0.0194764365594517,0.216317678665614,0.165368057801864,32532,40152,1,0.635792790968019,1.52714645595531,16,TRUE,FALSE,"","",-0.0560015285280678,0.0126780568727885,-0.0651923416422091,0.0111552896708417,master_select_anytime_all,Grade 16 Not Eligible to Need-Based Grant,0.367,MSE-optimal
-0.0131264041789692,-0.0161035268601815,0.0187862624832487,0.0227808953673991,0.484724808031569,0.479636482976596,58195,37089,1,1.16063425626111,1.77497329802923,15,FALSE,FALSE,"","",-0.0499474786461367,0.0236946702881984,-0.0607540817802838,0.0285470280599209,quality_first_grad_degree,Grade 15,13.22,MSE-optimal
-0.0194063397881195,-0.0422944806359666,0.041810861740737,0.047806149929114,0.642543222863401,0.376314169784695,24865,22851,1,0.831523979403709,1.90799496765401,15,TRUE,FALSE,"","",-0.101355628799964,0.0625429492237251,-0.13599453449703,0.0514055732250968,quality_first_grad_degree,Grade 15,13.22,MSE-optimal
-0.0626730736800862,-0.069694059821817,0.0224107992459966,0.0262043925771742,0.00516503265663079,0.00782259038306014,31918,45941,1,0.723610378196861,1.41050553469487,14,FALSE,FALSE,***,***,-0.106598240202239,-0.018747907157933,-0.121054669273078,-0.0183334503705555,quality_first_grad_degree,Grade 14,12.833,MSE-optimal
-0.0713640628333963,-0.0870466504780509,0.0402286021027166,0.0451977742702117,0.0760692247775093,0.0541161513017437,23886,32545,1,0.719853818669439,1.7430660707076,14,TRUE,FALSE,*,*,-0.150212122954721,0.0074839972879282,-0.175634288047666,0.00154098709156392,quality_first_grad_degree,Grade 14,12.833,MSE-optimal
-0.0700957085673863,-0.0742389967330688,0.0411715117397408,0.0494372998660235,0.0886561747819175,0.133179811885306,19949,36335,1,0.555117359052015,1.06523546242654,16,FALSE,FALSE,*,"",-0.150791871577278,0.0106004544425057,-0.171136104470475,0.0226581110043374,quality_first_grad_degree,Grade 16 Not Eligible to Need-Based Grant,14.154,MSE-optimal
-0.109038471518076,-0.129508435117941,0.0743234202305154,0.0836106786839851,0.142354044603891,0.12139467634837,17444,25192,1,0.605227654539474,1.42449258737219,16,TRUE,FALSE,"","",-0.254712375169886,0.0366354321337341,-0.293385365338552,0.0343684951026696,quality_first_grad_degree,Grade 16 Not Eligible to Need-Based Grant,14.154,MSE-optimal
0.00702959725429175,0.0123506181610644,0.00314776904097267,0.00458534016382994,0.0255357702300968,0.00707059405427003,91044,40891,1,1,1,15,FALSE,FALSE,**,***,0.000859969933985324,0.0131992245745982,0.00336335143995773,0.0213378848821711,enrol_year_bac_all_0914,Grade 15,0.926,"(15, 17)"
-0.0031762546518217,-0.0117277658051052,0.0051224800349743,0.014829347793021,0.535217041348575,0.429032469070439,71003,35992,1,1,1,15,TRUE,FALSE,"","",-0.0132163155203713,0.00686380621672794,-0.0407932874794263,0.017337755869216,enrol_year_bac_all_0914,Grade 15,0.926,"(15, 17)"
0.0119905825972941,0.028458188819428,0.00303347357084101,0.00560261402022298,0.0000772560201679011,0.00000037853231783666,110501,102398,1,1,1,14,FALSE,FALSE,***,***,0.00604497439844574,0.0179361907961425,0.0174770653397909,0.039439312299065,enrol_year_bac_all_0914,Grade 14,0.912,"(15, 17)"
0.00300574680767696,0.0151397418785209,0.00440333987470144,0.0137102547991697,0.494855757143062,0.269478600408694,94497,77749,1,1,1,14,TRUE,FALSE,"","",-0.00562479934673787,0.0116362929620918,-0.0117323575278518,0.0420118412848935,enrol_year_bac_all_0914,Grade 14,0.912,"(15, 17)"
0.0268047749052308,0.0987049566403713,0.00533984778147325,0.0105172853649199,0.000000517350377628959,0.00000000000000000000629031881390054,88319,78463,1,1,1,16,FALSE,FALSE,***,***,0.0163386732535432,0.0372708765569184,0.0780910773251284,0.119318835955614,enrol_year_bac_all_0914,Grade 16 Not Eligible to Need-Based Grant,0.732,"(15, 17)"
-0.0129095937952568,-0.0280644584066765,0.00754074483769657,0.0231610589930051,0.0869006121414564,0.225623879149953,78044,57666,1,1,1,16,TRUE,FALSE,*,"",-0.0276894536771421,0.00187026608662848,-0.0734601340329665,0.0173312172196136,enrol_year_bac_all_0914,Grade 16 Not Eligible to Need-Based Grant,0.732,"(15, 17)"
0.00447201661530117,0.00474579457547919,0.00234298822942076,0.00342887891328968,0.05630328327595,0.166338259596774,91044,40891,1,1,1,15,FALSE,FALSE,*,"",-0.000120240314363529,0.00906427354496586,-0.00197480809456858,0.011466397245527,enrol_anytime_all_0914,Grade 15,0.958,"(15, 17)"
0.000368541401791767,-0.0184413938124814,0.00385279719774829,0.0112288551979836,0.923794151752439,0.100523329145198,71003,35992,1,1,1,15,TRUE,FALSE,"","",-0.00718294110579488,0.00792002390937841,-0.0404499500005292,0.00356716237556635,enrol_anytime_all_0914,Grade 15,0.958,"(15, 17)"
0.0117944807985048,0.0264514426568102,0.00244202107371196,0.00462035907828079,0.00000136668172115307,0.0000000103448651362815,110501,102398,1,1,1,14,FALSE,FALSE,***,***,0.00700811949402931,0.0165808421029802,0.0173955388633799,0.0355073464502406,enrol_anytime_all_0914,Grade 14,0.946,"(15, 17)"
0.00584799577680784,0.0172271718573089,0.00344041441641867,0.0108222918924952,0.0891696808359084,0.111424507481397,94497,77749,1,1,1,14,TRUE,FALSE,*,"",-0.000895216479372752,0.0125912080329884,-0.00398452025198161,0.0384388639665995,enrol_anytime_all_0914,Grade 14,0.946,"(15, 17)"
0.030256780866365,0.105071310055647,0.00477730792010819,0.00968414976404768,0.00000000023975854063167,0.00000000000000000000000000199812084172094,88319,78463,1,1,1,16,FALSE,FALSE,***,***,0.0208932573429529,0.039620304389777,0.0860903765181139,0.124052243593181,enrol_anytime_all_0914,Grade 16 Not Eligible to Need-Based Grant,0.813,"(15, 17)"
-0.0117817614479581,-0.0161631455424121,0.00659866968283921,0.0204509559190567,0.074184261243839,0.429331029823156,78044,57666,1,1,1,16,TRUE,FALSE,*,"",-0.0247151540263229,0.00115163113040679,-0.0562470191437631,0.023920728058939,enrol_anytime_all_0914,Grade 16 Not Eligible to Need-Based Grant,0.813,"(15, 17)"
0.00490344707615287,0.00404701275070374,0.00575449403089632,0.00841357894803239,0.394154472712776,0.630509633020387,91044,40891,1,1,1,15,FALSE,FALSE,"","",-0.00637536122440393,0.0161822553767097,-0.0124436019874397,0.0205376274888472,enrol_2_ontime_all_0914,Grade 15,0.679,"(15, 17)"
0.000200212891480867,-0.0112197304200183,0.00913223919151697,0.0264001896311837,0.982508782841292,0.670846344038823,71003,35992,1,1,1,15,TRUE,FALSE,"","",-0.0176989759238924,0.0180994017068541,-0.0629641020971384,0.0405246412571018,enrol_2_ontime_all_0914,Grade 15,0.679,"(15, 17)"
0.0242654523315858,0.0606953445375221,0.00503101565109745,0.00900624209082988,0.00000141293238039126,0.0000000000159202919550684,110501,102398,1,1,1,14,FALSE,FALSE,***,***,0.0144046616554348,0.0341262430077368,0.0430431100394956,0.0783475790355487,enrol_2_ontime_all_0914,Grade 14,0.628,"(15, 17)"
0.000742996407309127,0.0383299939752324,0.00752530186043356,0.0231103560086729,0.921350184493011,0.0972037729359966,94497,77749,1,1,1,14,TRUE,FALSE,"",*,-0.0140065952391407,0.0154925880537589,-0.0069663038017664,0.0836262917522312,enrol_2_ontime_all_0914,Grade 14,0.628,"(15, 17)"
0.0296748727408417,0.0850815741635466,0.00600627330893372,0.0114697912285279,0.000000778639941857679,0.000000000000119006779441191,88319,78463,1,1,1,16,FALSE,FALSE,***,***,0.0179025770553316,0.0414471684263518,0.0626007833556319,0.107562364971461,enrol_2_ontime_all_0914,Grade 16 Not Eligible to Need-Based Grant,0.562,"(15, 17)"
-0.00415220829607232,-0.0137847123855275,0.00863054295045958,0.0262882709028441,0.630440974613594,0.600023023068458,78044,57666,1,1,1,16,TRUE,FALSE,"","",-0.0210680724789731,0.0127636558868285,-0.0653097233551019,0.0377402985840469,enrol_2_ontime_all_0914,Grade 16 Not Eligible to Need-Based Grant,0.562,"(15, 17)"
0.0095901162790879,0.0109343358921632,0.00416227904510112,0.00608739388906905,0.0212196044580882,0.072458562569058,91044,40891,1,1,1,15,FALSE,FALSE,**,*,0.0014320493506897,0.0177481832074861,-0.000996956130412134,0.0228656279147385,enrol_2_anytime_all_0914,Grade 15,0.852,"(15, 17)"
0.00597867824871123,0.00672348475818252,0.0068085809064733,0.0198862205379205,0.379884403731565,0.735289589020086,71003,35992,1,1,1,15,TRUE,FALSE,"","",-0.00736614032797643,0.0193234968253989,-0.0322535074961417,0.0457004770125068,enrol_2_anytime_all_0914,Grade 15,0.852,"(15, 17)"
0.0321855004420715,0.0767811401793955,0.00415326450070455,0.00765779298603425,0.00000000000000922940603427088,0.0000000000000000000000116532879706258,110501,102398,1,1,1,14,FALSE,FALSE,***,***,0.0240451020206906,0.0403258988634524,0.0617718659267684,0.0917904144320227,enrol_2_anytime_all_0914,Grade 14,0.809,"(15, 17)"
0.00259753817672692,0.0234069216648769,0.00607608580099015,0.0189152344241135,0.669013807258078,0.215914871152373,94497,77749,1,1,1,14,TRUE,FALSE,"","",-0.00931158999321378,0.0145066663466676,-0.0136669378063856,0.0604807811361394,enrol_2_anytime_all_0914,Grade 14,0.809,"(15, 17)"
0.0341781172869063,0.110117069372906,0.0054140381717342,0.0106105224832167,0.000000000273908190000253,0.000000000000000000000000311919220306238,88319,78463,1,1,1,16,FALSE,FALSE,***,***,0.0235666024703073,0.0447896321035054,0.089320445305801,0.13091369344001,enrol_2_anytime_all_0914,Grade 16 Not Eligible to Need-Based Grant,0.718,"(15, 17)"
-0.00781404018794429,-0.0134347028155477,0.00767668045315901,0.0235520510486306,0.308728753419114,0.568388783598585,78044,57666,1,1,1,16,TRUE,FALSE,"","",-0.022860333876136,0.00723225350024737,-0.0595967228708636,0.0327273172397682,enrol_2_anytime_all_0914,Grade 16 Not Eligible to Need-Based Grant,0.718,"(15, 17)"
0.00779719182232586,0.00192509819003517,0.00618313391193156,0.00898586857527051,0.207293699856321,0.830362880613193,91044,40891,1,1,1,15,FALSE,FALSE,"","",-0.00432175064506001,0.0199161342897117,-0.015687204217495,0.0195374005975654,enrol_3_ontime_all_0914,Grade 15,0.475,"(15, 17)"
0.00764531864984086,-0.0303276389703582,0.00983543172813105,0.0283862926116585,0.436967547823414,0.285344501954672,71003,35992,1,1,1,15,TRUE,FALSE,"","",-0.011632127537296,0.0269227648369777,-0.0859647724892089,0.0253094945484925,enrol_3_ontime_all_0914,Grade 15,0.475,"(15, 17)"
0.0508300194134259,0.114347346402001,0.00499673612920498,0.0086497406915332,0.00000000000000000000000262678856379588,0.000000000000000000000000000000000000000674944287065823,110501,102398,1,1,1,14,FALSE,FALSE,***,***,0.0410364166001841,0.0606236222266676,0.0973938546465963,0.131300838157406,enrol_3_ontime_all_0914,Grade 14,0.395,"(15, 17)"
0.00189954329433295,0.0421645844037151,0.00763630309118281,0.0232516821728449,0.80355286288846,0.0697702559401364,94497,77749,1,1,1,14,TRUE,FALSE,"",*,-0.0130676107643854,0.0168666973530513,-0.00340871265506101,0.0877378814624911,enrol_3_ontime_all_0914,Grade 14,0.395,"(15, 17)"
0.0353540499552906,0.09363139735635,0.00601782744402574,0.0113333172866706,0.00000000423134536433055,0.000000000000000143725939971153,88319,78463,1,1,1,16,FALSE,FALSE,***,***,0.0235591081650001,0.047148991745581,0.0714180954744757,0.115844699238224,enrol_3_ontime_all_0914,Grade 16 Not Eligible to Need-Based Grant,0.463,"(15, 17)"
-0.00115932151918519,-0.0140969149657524,0.00871795448103075,0.0264293948723612,0.894208478107674,0.593770445892395,78044,57666,1,1,1,16,TRUE,FALSE,"","",-0.0182465123020055,0.0159278692636351,-0.0658985289155804,0.0377046989840757,enrol_3_ontime_all_0914,Grade 16 Not Eligible to Need-Based Grant,0.463,"(15, 17)"
0.0101985624954639,0.00880102562291252,0.00518502982340138,0.00751735797749756,0.0491919088169546,0.2416950678281,91044,40891,1,1,1,15,FALSE,FALSE,**,"",0.0000359040415972081,0.0203612209493306,-0.00593299601298269,0.0235350472588077,enrol_3_anytime_all_0914,Grade 15,0.715,"(15, 17)"
0.0101334974611356,-0.00963574450949434,0.00858366065146077,0.0251512109759518,0.237778902673188,0.70163631656203,71003,35992,1,1,1,15,TRUE,FALSE,"","",-0.00669047741572754,0.0269574723379987,-0.0589321180223599,0.0396606290033712,enrol_3_anytime_all_0914,Grade 15,0.715,"(15, 17)"
0.059516958996799,0.136721105252336,0.00490838640914702,0.0087072110637926,0.000000000000000000000000000000000773249600344546,0.000000000000000000000000000000000000000000000000000000146421488488939,110501,102398,1,1,1,14,FALSE,FALSE,***,***,0.0498965216348708,0.0691373963587272,0.119654971567302,0.153787238937369,enrol_3_anytime_all_0914,Grade 14,0.632,"(15, 17)"
0.00104096363604955,0.0494227972588439,0.00739925907653402,0.0228665684429525,0.888118915841547,0.0306678422366591,94497,77749,1,1,1,14,TRUE,FALSE,"",**,-0.0134615841539571,0.0155435114260562,0.00460432311065698,0.0942412714070308,enrol_3_anytime_all_0914,Grade 14,0.632,"(15, 17)"
0.0355163639917386,0.109055493982322,0.00548674824296988,0.0106992532438799,0.0000000000960014795316156,0.00000000000000000000000213494198298296,88319,78463,1,1,1,16,FALSE,FALSE,***,***,0.0247623374355177,0.0462703905479596,0.088084957624317,0.130026030340326,enrol_3_anytime_all_0914,Grade 16 Not Eligible to Need-Based Grant,0.691,"(15, 17)"
-0.00361238550309473,-0.00325845565214311,0.00784120979244093,0.0240523856372494,0.645019331747053,0.892237686385983,78044,57666,1,1,1,16,TRUE,FALSE,"","",-0.018981156696279,0.0117563856900895,-0.050401131501152,0.0438842201968658,enrol_3_anytime_all_0914,Grade 16 Not Eligible to Need-Based Grant,0.691,"(15, 17)"
0.0272887609427137,0.0240676616008884,0.0184421371210437,0.0267763045212187,0.138954329692065,0.368736934811034,84089,38321,1,1,1,15,FALSE,FALSE,"","",-0.00885782781453189,0.0634353496999593,-0.0284138952607004,0.0765492184624771,quality,Grade 15,12.693,"(15, 17)"
0.0384491442397561,0.123056521439572,0.0282159980900632,0.0789376403773042,0.172985976602181,0.119018149536929,65519,33700,1,1,1,15,TRUE,FALSE,"","",-0.0168542120167678,0.09375250049628,-0.0316612536999437,0.277774296579089,quality,Grade 15,12.693,"(15, 17)"
0.0728701473646716,0.156215082076798,0.0119299006413753,0.0205440040645558,0.00000000100764835835388,0.0000000000000287280056188785,100323,94473,1,1,1,14,FALSE,FALSE,***,***,0.0494875421075761,0.0962527526217671,0.115948834110269,0.196481330043328,quality,Grade 14,12.261,"(15, 17)"
-0.0171453644477957,-0.111038884810007,0.0182118226930816,0.0544745426163666,0.346478689403931,0.0415136570871138,85810,71857,1,1,1,14,TRUE,FALSE,"",**,-0.0528405369262356,0.0185498080306443,-0.217808988338086,-0.00426878128192879,quality,Grade 14,12.261,"(15, 17)"
0.0657596645023197,0.215684431852605,0.0228696938331955,0.0441196568536687,0.00403507735182918,0.00000101543012866843,62373,60681,1,1,1,16,FALSE,FALSE,***,***,0.0209350645892565,0.110584264415383,0.129209904419414,0.302158959285795,quality,Grade 16 Not Eligible to Need-Based Grant,13.765,"(15, 17)"
-0.00441924697663154,-0.0115846594253597,0.0330838782465973,0.0988048099924881,0.893737030156601,0.906663586329729,55017,44993,1,1,1,16,TRUE,FALSE,"","",-0.0692636483399622,0.0604251543866992,-0.205242087010636,0.182072768159917,quality,Grade 16 Not Eligible to Need-Based Grant,13.765,"(15, 17)"
0.0101741968026694,0.00106808999839103,0.0186711179556936,0.0271339563281664,0.585811074437366,0.968600506417204,79270,36959,1,1,1,15,FALSE,FALSE,"","",-0.02642119439049,0.0467695879958288,-0.0521144644048151,0.0542506444015972,quality_bacyear_plus1,Grade 15,12.735,"(15, 17)"
0.0243894142299723,0.0740849592655692,0.0285025727111417,0.0794865254087405,0.39216834537424,0.351313655606815,61637,32542,1,1,1,15,TRUE,FALSE,"","",-0.0314756282838653,0.08025445674381,-0.0817086305355622,0.229878549066701,quality_bacyear_plus1,Grade 15,12.735,"(15, 17)"
0.0502931838328191,0.109693050171888,0.0121244806437703,0.0211937472610728,0.0000335291169577665,0.000000227025201304665,91508,89011,1,1,1,14,FALSE,FALSE,***,***,0.0265292017710292,0.074057165894609,0.0681533055401853,0.151232794803591,quality_bacyear_plus1,Grade 14,12.298,"(15, 17)"
-0.0195373620061758,-0.13556917884604,0.0183931746569419,0.0553075434269185,0.288141645397558,0.0142385621133261,78255,67850,1,1,1,14,TRUE,FALSE,"",**,-0.0555879843337821,0.0165132603214304,-0.243971963962801,-0.0271663937292802,quality_bacyear_plus1,Grade 14,12.298,"(15, 17)"
0.028960984623799,0.141491208002126,0.0231360102185923,0.0451164945389139,0.21065335204714,0.00171193093470536,61519,60480,1,1,1,16,FALSE,FALSE,"",***,-0.0163855954046419,0.07430756465224,0.0530628787058547,0.229919537298397,quality_bacyear_plus1,Grade 16 Not Eligible to Need-Based Grant,13.866,"(15, 17)"
-0.015473436580514,-0.0545300671099653,0.0332923763769122,0.099994391154609,0.642093187432652,0.585525709638973,54231,44839,1,1,1,16,TRUE,FALSE,"","",-0.080726494279262,0.0497796211182339,-0.250519073772999,0.141458939553068,quality_bacyear_plus1,Grade 16 Not Eligible to Need-Based Grant,13.866,"(15, 17)"
0.0091091357941302,0.00826460910183258,0.0194619072349996,0.0283824740559812,0.639749197362951,0.770908260612079,66422,32900,1,1,1,15,FALSE,FALSE,"","",-0.029036202386469,0.0472544739747294,-0.0473650400478906,0.0638942582515558,quality_bacyear_plus2,Grade 15,12.84,"(15, 17)"
0.0201348485523241,0.107807478651829,0.0297141179858315,0.0832607446677328,0.498013346479114,0.195383154641072,51203,29005,1,1,1,15,TRUE,FALSE,"","",-0.0381048226999057,0.0783745198045538,-0.0553835808969278,0.270998538200585,quality_bacyear_plus2,Grade 15,12.84,"(15, 17)"
0.00085233422558062,0.00331241910825852,0.0142072807759184,0.0255904542848481,0.95216138754902,0.897009785838309,71451,74366,1,1,1,14,FALSE,FALSE,"","",-0.0269939360952194,0.0286986045463807,-0.0468448712900436,0.0534697095065607,quality_bacyear_plus2,Grade 14,12.418,"(15, 17)"
-0.00815787599830031,-0.123733783601089,0.0209728454987571,0.0634364114146049,0.697295930290612,0.0511145578553657,61141,56908,1,1,1,14,TRUE,FALSE,"",*,-0.0492646531758642,0.0329489011792635,-0.248069149973715,0.000601582771536088,quality_bacyear_plus2,Grade 14,12.418,"(15, 17)"
-0.0681627342973616,-0.0531140420214467,0.0224640079278201,0.0445377623947351,0.00241087613383957,0.233040964149752,58367,59346,1,1,1,16,FALSE,FALSE,***,"",-0.112192189835889,-0.0241332787588342,-0.140408056315127,0.0341799722722341,quality_bacyear_plus2,Grade 16 Not Eligible to Need-Based Grant,13.915,"(15, 17)"
-0.0451749202005018,-0.119379048064388,0.0317876507151909,0.0956449342284738,0.155274067666538,0.211976806586821,51408,44117,1,1,1,16,TRUE,FALSE,"","",-0.107478715602276,0.0171288752012723,-0.306843119152197,0.0680850230234203,quality_bacyear_plus2,Grade 16 Not Eligible to Need-Based Grant,13.915,"(15, 17)"
0.0462661481778177,0.0358867954802236,0.0318439751983671,0.046175675592996,0.146251201699942,0.437052785600329,91044,40891,1,1,1,15,FALSE,FALSE,"","",-0.0161480432109818,0.108680339566617,-0.0546175286820485,0.126391119642496,tot_enrol_yrs,Grade 15,4.77,"(15, 17)"
0.0575648452186499,-0.0899040060674761,0.0508843301712695,0.14604616531346,0.257933785022021,0.538167651867339,71003,35992,1,1,1,15,TRUE,FALSE,"","",-0.0421684419170384,0.157298132354338,-0.376154490081858,0.196346477946906,tot_enrol_yrs,Grade 15,4.77,"(15, 17)"
0.298351808479108,0.654718808411911,0.0257395999594158,0.0450529986188906,0.000000000000000000000000000000456904999030677,0.00000000000000000000000000000000000000000000000757573177469849,110501,102398,1,1,1,14,FALSE,FALSE,***,***,0.247902192558653,0.348801424399563,0.566414931118885,0.743022685704936,tot_enrol_yrs,Grade 14,4.241,"(15, 17)"
0.0526817444771428,0.310200366602018,0.0388976813725897,0.118906738010868,0.175619251093154,0.00908682150787472,94497,77749,1,1,1,14,TRUE,FALSE,"",***,-0.0235577110131331,0.128921199967419,0.0771431601007166,0.54325757310332,tot_enrol_yrs,Grade 14,4.241,"(15, 17)"
0.163938317530923,0.679846541899742,0.0401043765958778,0.0772781181847048,0.000043549985671466,0.00000000000000000140022081676408,88319,78463,1,1,1,16,FALSE,FALSE,***,***,0.0853337394030027,0.242542895658844,0.528381430257721,0.831311653541764,tot_enrol_yrs,Grade 16 Not Eligible to Need-Based Grant,4.784,"(15, 17)"
-0.0680740212085595,-0.00903521037979083,0.0565298052219581,0.171545917851735,0.2285066141172,0.957995367744396,78044,57666,1,1,1,16,TRUE,FALSE,"","",-0.178872439443597,0.0427243970264782,-0.345265209369192,0.32719478860961,tot_enrol_yrs,Grade 16 Not Eligible to Need-Based Grant,4.784,"(15, 17)"
0.0368483922606959,0.0189439682026578,0.0197405718996359,0.0286894532408743,0.0619529315906119,0.509054123964442,91044,40891,1,1,1,15,FALSE,FALSE,*,"",-0.00184312866259047,0.0755399131839823,-0.0372873601494559,0.0751752965547715,max_enrol_degetu,Grade 15,3.822,"(15, 17)"
0.0520046134914338,-0.0509706189575425,0.0322452072783861,0.093816992487076,0.106791044961496,0.586924387399305,71003,35992,1,1,1,15,TRUE,FALSE,"","",-0.0111959927742029,0.115205219757071,-0.234851924232212,0.132910686317127,max_enrol_degetu,Grade 15,3.822,"(15, 17)"
0.243727466549058,0.521977621920704,0.0176168659052281,0.0310965813979301,0.000000000000000000000000000000000000000000156968400224859,0.00000000000000000000000000000000000000000000000000000000000000310590459708197,110501,102398,1,1,1,14,FALSE,FALSE,***,***,0.209198409374811,0.278256523723305,0.461028322380761,0.582926921460647,max_enrol_degetu,Grade 14,3.416,"(15, 17)"
0.0522735370123666,0.230418209148368,0.0265392299879962,0.0816494755845186,0.0488761520122257,0.00477190006994104,94497,77749,1,1,1,14,TRUE,FALSE,**,***,0.000256646235894074,0.104290427788839,0.0703852370027117,0.390451181294025,max_enrol_degetu,Grade 14,3.416,"(15, 17)"
0.166480259740948,0.59422410348779,0.025661105581622,0.0504611307271317,0.0000000000871857915330656,0.0000000000000000000000000000000519733026670885,88319,78463,1,1,1,16,FALSE,FALSE,***,***,0.116184492800969,0.216776026680927,0.495320287262612,0.693127919712968,max_enrol_degetu,Grade 16 Not Eligible to Need-Based Grant,3.767,"(15, 17)"
-0.0553857049860049,-0.0187793760234989,0.0361455177409792,0.110992969660819,0.125448911413421,0.865643825734005,78044,57666,1,1,1,16,TRUE,FALSE,"","",-0.126230919758324,0.0154595097863142,-0.236325596558704,0.198766844511706,max_enrol_degetu,Grade 16 Not Eligible to Need-Based Grant,3.767,"(15, 17)"
-0.00163801330159674,-0.00368805604405686,0.00655171598551096,0.0095579797967064,0.802577397626537,0.699599274420456,73170,35172,1,1,1,15,FALSE,FALSE,"","",-0.0144793766331982,0.0112033500300047,-0.0224216964456014,0.0150455843574877,grad_5_all,Grade 15,0.634,"(15, 17)"
-0.00493434785542513,-0.0485258659967518,0.0104603834604387,0.0303656126835549,0.637128313242794,0.110031126985547,56611,31024,1,1,1,15,TRUE,FALSE,"","",-0.025436699437885,0.0155680037270347,-0.108042466856519,0.0109907348630159,grad_5_all,Grade 15,0.634,"(15, 17)"
0.0458040711209381,0.109638704718432,0.0058117770693543,0.0104975205420824,0.00000000000000324120692206919,0.000000000000000000000000155684827471538,83385,81829,1,1,1,14,FALSE,FALSE,***,***,0.0344129880650037,0.0571951541768725,0.089063564455951,0.130213844980914,grad_5_all,Grade 14,0.614,"(15, 17)"
0.00896557531194331,0.0678403547303954,0.00863593202856145,0.0266910746673472,0.299190390844981,0.0110318948471811,71388,62578,1,1,1,14,TRUE,FALSE,"",**,-0.00796085146403713,0.0258920020879237,0.015525848382395,0.120154861078396,grad_5_all,Grade 14,0.614,"(15, 17)"
0.0351237373923629,0.0915015395208889,0.00612723531470246,0.0115490350876321,0.00000000990219244409537,0.00000000000000232084391603475,82851,75843,1,1,1,16,FALSE,FALSE,***,***,0.0231143561755461,0.0471331186091797,0.0688654307491299,0.114137648292648,grad_5_all,Grade 16 Not Eligible to Need-Based Grant,0.433,"(15, 17)"
-0.00975195418807506,-0.0169492198371852,0.00889955747697272,0.0270807265575706,0.273175205796487,0.531395235409612,73094,55944,1,1,1,16,TRUE,FALSE,"","",-0.0271950868429416,0.00769117846679146,-0.0700274438900236,0.0361290042156531,grad_5_all,Grade 16 Not Eligible to Need-Based Grant,0.433,"(15, 17)"
0.00386139527361529,0.0000886242047211105,0.00578492821586441,0.00841448672250501,0.504457700685123,0.991596566770157,73170,35172,1,1,1,15,FALSE,FALSE,"","",-0.00747706402947896,0.0151998545767095,-0.0164037697713887,0.0165810181808309,grad_7_all,Grade 15,0.744,"(15, 17)"
0.00308705782076979,-0.00812855725131367,0.00941853520878428,0.0275555862790229,0.743090024797062,0.76800332482457,56611,31024,1,1,1,15,TRUE,FALSE,"","",-0.0153732711884474,0.021547386829987,-0.0621375063581986,0.0458803918555712,grad_7_all,Grade 15,0.744,"(15, 17)"
0.052682265408738,0.120507240726656,0.00550419843100067,0.0100318080050051,0.0000000000000000000010558257566279,0.00000000000000000000000000000000305414492166832,83385,81829,1,1,1,14,FALSE,FALSE,***,***,0.0418940364839767,0.0634704943334993,0.100844897036846,0.140169584416466,grad_7_all,Grade 14,0.694,"(15, 17)"
0.010820262140004,0.065826854373807,0.00813126926557465,0.0253271141520967,0.183288466534433,0.00934776577465968,71388,62578,1,1,1,14,TRUE,FALSE,"",***,-0.00511702562052234,0.0267575499005303,0.0161857106356974,0.115467998111917,grad_7_all,Grade 14,0.694,"(15, 17)"
0.0476540528088408,0.126434556472716,0.00608191042868121,0.0116996954127348,0.00000000000000467443106278684,0.00000000000000000000000000320135908485753,82851,75843,1,1,1,16,FALSE,FALSE,***,***,0.0357335083686257,0.059574597249056,0.103503153463756,0.149365959481676,grad_7_all,Grade 16 Not Eligible to Need-Based Grant,0.617,"(15, 17)"
-0.0068773530861419,-0.00686729555567722,0.00868220274845006,0.0265395157754817,0.428290263202513,0.79582244431583,73094,55944,1,1,1,16,TRUE,FALSE,"","",-0.023894470473104,0.0101397643008202,-0.0588847464756213,0.0451501553642668,grad_7_all,Grade 16 Not Eligible to Need-Based Grant,0.617,"(15, 17)"
0.00604227703686466,0.00393848275943731,0.005549570606267,0.00806212271524982,0.276249677179057,0.625183796503091,73170,35172,1,1,1,15,FALSE,FALSE,"","",-0.00483488135141866,0.016919435425148,-0.0118632777624523,0.0197402432813269,grad_9_all,Grade 15,0.767,"(15, 17)"
0.00186188226711081,-0.0174871944282042,0.00910495775197476,0.0266478395753098,0.837969794204384,0.51167415341404,56611,31024,1,1,1,15,TRUE,FALSE,"","",-0.0159838349267597,0.0197075994609813,-0.0697169599958115,0.034742571139403,grad_9_all,Grade 15,0.767,"(15, 17)"
0.050459395194228,0.116195645178361,0.00539587910472108,0.0098574107698537,0.00000000000000000000864388701990737,0.0000000000000000000000000000000452011271634831,83385,81829,1,1,1,14,FALSE,FALSE,***,***,0.0398834721489747,0.0610353182394814,0.096875120069448,0.135516170287274,grad_9_all,Grade 14,0.712,"(15, 17)"
0.0109318132798313,0.0653410454976326,0.00797336523846183,0.02488659052192,0.170362072573442,0.00865085125482067,71388,62578,1,1,1,14,TRUE,FALSE,"",***,-0.00469598258755391,0.0265596091472165,0.0165633280746694,0.114118762920596,grad_9_all,Grade 14,0.712,"(15, 17)"
0.0438450496666789,0.12262775752288,0.0059573625084313,0.0115176223342211,0.000000000000184173683169332,0.0000000000000000000000000180136742404953,82851,75843,1,1,1,16,FALSE,FALSE,***,***,0.0321686191501536,0.0555214801832043,0.100053217747806,0.145202297297953,grad_9_all,Grade 16 Not Eligible to Need-Based Grant,0.651,"(15, 17)"
-0.00771864246101006,-0.0074569228455772,0.00848409589226111,0.0259800548097216,0.362939681893541,0.774093248339389,73094,55944,1,1,1,16,TRUE,FALSE,"","",-0.0243474704098418,0.00891018548782172,-0.0583778302726315,0.0434639845814771,grad_9_all,Grade 16 Not Eligible to Need-Based Grant,0.651,"(15, 17)"
1.34533079923295,0.977152389249056,1.85527717741123,2.69632182566471,0.468367765125475,0.71705165430083,54493,25055,1,1,1,15,FALSE,FALSE,"","",-2.29101246849305,4.98167406695896,-4.30763838905378,6.26194316755189,max_ects_credits,Grade 15,256.157,"(15, 17)"
0.744578377816652,-7.80863151038022,3.00664732108755,8.73421811295891,0.804409810098971,0.371307157679579,42358,21986,1,1,1,15,TRUE,FALSE,"","",-5.14845037151495,6.63760712714825,-24.9276990117797,9.31043599101924,max_ects_credits,Grade 15,256.157,"(15, 17)"
12.5845553381871,27.95066045465,1.68828612839253,3.09633859275467,0.0000000000000905233106798087,0.000000000000000000176436183952194,62957,61149,1,1,1,14,FALSE,FALSE,***,***,9.27551452653772,15.8935961498364,21.8818368128509,34.0194840964492,max_ects_credits,Grade 14,242.959,"(15, 17)"
2.74128553878745,16.4261492454425,2.48980035429082,7.68253149973593,0.270893974165376,0.032507269189169,54119,46468,1,1,1,14,TRUE,FALSE,"",**,-2.13872315562255,7.62129423319745,1.36838750596008,31.4839109849249,max_ects_credits,Grade 14,242.959,"(15, 17)"
2.18807741387479,6.54668566763655,2.18034597917004,4.35414837485521,0.315597510000781,0.132696925691748,39395,37865,1,1,1,16,FALSE,FALSE,"","",-2.08540070529849,6.46155553304808,-1.98744514707966,15.0808164823528,max_ects_credits,Grade 16 Not Eligible to Need-Based Grant,260.988,"(15, 17)"
0.0500575987630327,-0.925313118926852,3.03330970151953,9.25709116050603,0.986833401022834,0.920378286957287,34956,27814,1,1,1,16,TRUE,FALSE,"","",-5.89522941621525,5.99534461374132,-19.0692117935187,17.218585555665,max_ects_credits,Grade 16 Not Eligible to Need-Based Grant,260.988,"(15, 17)"
0.00571213726302156,-0.000660374285130549,0.00592868453901098,0.00859475166793335,0.335309379652973,0.938755127245112,91044,40891,1,1,1,15,FALSE,FALSE,"","",-0.00590808443343996,0.0173323589594831,-0.0175060875542799,0.0161853389840188,master_anytime_all,Grade 15,0.567,"(15, 17)"
0.0103600588648596,-0.0334677184566798,0.00959764571617144,0.0278659492174629,0.280392733692514,0.229741269994807,71003,35992,1,1,1,15,TRUE,FALSE,"","",-0.00845132673883645,0.0291714444685556,-0.088084978922907,0.0211495420095474,master_anytime_all,Grade 15,0.567,"(15, 17)"
0.0701210454800919,0.137041259741867,0.00501727687658297,0.00867615749904597,0.0000000000000000000000000000000000000000000218678536695108,0.0000000000000000000000000000000000000000000000000000000335961976982029,110501,102398,1,1,1,14,FALSE,FALSE,***,***,0.0602871828019893,0.0799549081581945,0.120035991043737,0.154046528439997,master_anytime_all,Grade 14,0.469,"(15, 17)"
0.0220310549039782,0.0692713207826476,0.00769670749517216,0.0235268429631348,0.0042044602249803,0.00323631083187768,94497,77749,1,1,1,14,TRUE,FALSE,***,***,0.00694550821344073,0.0371166015945156,0.0231587085749035,0.115383932990392,master_anytime_all,Grade 14,0.469,"(15, 17)"
0.0409226476514393,0.131738340512973,0.00589224561544184,0.0112701117457631,0.00000000000378004772200128,0.00000000000000000000000000000014478133726789,88319,78463,1,1,1,16,FALSE,FALSE,***,***,0.0293738462451733,0.0524714490577053,0.109648921491277,0.153827759534668,master_anytime_all,Grade 16 Not Eligible to Need-Based Grant,0.597,"(15, 17)"
-0.0109386263111118,0.00512285074486152,0.00846376288017946,0.0257982818204531,0.196216237151255,0.84259651723355,78044,57666,1,1,1,16,TRUE,FALSE,"","",-0.0275276015562635,0.00565034893403998,-0.0454417816232265,0.0556874831129496,master_anytime_all,Grade 16 Not Eligible to Need-Based Grant,0.597,"(15, 17)"
0.000432906741772654,0.0019618576544419,0.00542659522389861,0.00789656897714052,0.936416192250868,0.803790651268,91044,40891,1,1,1,15,FALSE,FALSE,"","",-0.0102032198970686,0.0110690333806139,-0.0135154175407535,0.0174391328496373,master_select_anytime_all,Grade 15,0.226,"(15, 17)"
-0.000188293657741978,0.0232416584425204,0.00837801716240342,0.0237355807047048,0.982069270962084,0.327485792939467,71003,35992,1,1,1,15,TRUE,FALSE,"","",-0.0166092072960527,0.0162326199805687,-0.0232800797387011,0.0697633966237418,master_select_anytime_all,Grade 15,0.226,"(15, 17)"
0.0122343865488258,0.0178911453280258,0.00380759224297932,0.006596396946873,0.00131285118346667,0.00668261004810928,110501,102398,1,1,1,14,FALSE,FALSE,***,***,0.00477150575258632,0.0196972673450652,0.00496220731215475,0.0308200833438969,master_select_anytime_all,Grade 14,0.153,"(15, 17)"
0.00487635324736402,-0.00829223949083369,0.00570809356866576,0.017083061999273,0.392945685938192,0.627387600835129,94497,77749,1,1,1,14,TRUE,FALSE,"","",-0.00631151014722087,0.0160642166419489,-0.0417750410094087,0.0251905620277414,master_select_anytime_all,Grade 14,0.153,"(15, 17)"
0.0130835018213838,0.0627975592985612,0.00579449239488347,0.0108136813366988,0.0239506307638505,0.00000000635139954801301,88319,78463,1,1,1,16,FALSE,FALSE,**,***,0.00172629672741224,0.0244407069153555,0.0416027438786316,0.0839923747184908,master_select_anytime_all,Grade 16 Not Eligible to Need-Based Grant,0.367,"(15, 17)"
-0.0197512411075149,-0.0269946984551368,0.0084132161961738,0.0253291257613783,0.0188925411394037,0.286533407647747,78044,57666,1,1,1,16,TRUE,FALSE,**,"",-0.0362411448520156,-0.00326133736301426,-0.0766397849474383,0.0226503880371647,master_select_anytime_all,Grade 16 Not Eligible to Need-Based Grant,0.367,"(15, 17)"
-0.0140412358772544,-0.0030631070326308,0.0210320613631665,0.0307106739740957,0.504381923374717,0.920550112397955,50596,26381,1,1,1,15,FALSE,FALSE,"","",-0.0552640761490607,0.027181604394552,-0.0632560280218584,0.0571298139565968,quality_first_grad_degree,Grade 15,13.22,"(15, 17)"
-0.0285064082422011,0.0254295467125161,0.0325972761598458,0.0932408201262473,0.381844513272962,0.785060954650504,38704,23348,1,1,1,15,TRUE,FALSE,"","",-0.0923970695154988,0.0353842530310966,-0.157322460734929,0.208181554159961,quality_first_grad_degree,Grade 15,13.22,"(15, 17)"
-0.0476445355471125,-0.07552247064244,0.0171252994973095,0.0316828147398984,0.00540060654619716,0.0171393549531009,49380,56372,1,1,1,14,FALSE,FALSE,***,**,-0.0812101225618391,-0.0140789485323858,-0.137620787532641,-0.0134241537522391,quality_first_grad_degree,Grade 14,12.833,"(15, 17)"
-0.0314173015364929,-0.117363616776046,0.0247358938000983,0.0755033168693364,0.204045515381256,0.120085051871486,42228,43443,1,1,1,14,TRUE,FALSE,"","",-0.0798996533846856,0.0170650503116998,-0.265350117839946,0.030622884287853,quality_first_grad_degree,Grade 14,12.833,"(15, 17)"
-0.0660702703696607,-0.0777755963346625,0.022993404726539,0.0458656841409467,0.00406022520351995,0.0899379341570807,49978,51396,1,1,1,16,FALSE,FALSE,***,*,-0.111137343633677,-0.0210031971056442,-0.167672337250918,0.0121211445815931,quality_first_grad_degree,Grade 16 Not Eligible to Need-Based Grant,14.154,"(15, 17)"
-0.0367453693024871,-0.154261267162347,0.0323657752491171,0.0980731872780974,0.256243111394635,0.115737368406487,44069,38227,1,1,1,16,TRUE,FALSE,"","",-0.100182288790756,0.0266915501857823,-0.346484714227418,0.0379621799027236,quality_first_grad_degree,Grade 16 Not Eligible to Need-Based Grant,14.154,"(15, 17)"
