coef,coef_bias,se,robust_se,p_value,robust_p_value,n_cont,n_treat,poly,h_bandwidth,b_bandwidth,threshold,donut,controls,sig,robust_sig,ci_lower,ci_upper,robust_ci_lower,robust_ci_upper,pcs_depp,mean_y,outcome,bandwidth
-0.000504245247929802,0.00235868492094182,0.0108553221323018,0.013196341867476,0.962950444645779,0.858143598439078,9042,8173,1,1.05509303026565,2.07731986187601,16,TRUE,FALSE,"","",-0.0217806766272413,0.0207721861313817,-0.0235061451393111,0.0282235149811947,Very High SES,0.946099290780142,enrol_year_bac_all_0914,mse
-0.0143854448887626,-0.0219377897632564,0.022091637574332,0.024220825561707,0.514935782313055,0.36507306525831,4619,4196,1,0.681087654037132,1.68315844564885,16,TRUE,FALSE,"","",-0.0576850545344533,0.0289141647569281,-0.0694106078642021,0.0255350283376892,Low SES,0.948421520675856,enrol_year_bac_all_0914,mse
0.00265192103765122,0.000901364414257255,0.011503534042922,0.0141247896479053,0.817679188974015,0.949118043784072,11016,7417,1,1.00303712917896,1.95801387110998,16,TRUE,FALSE,"","",-0.0198950056864759,0.0251988477617784,-0.026783223295637,0.0285859521241516,Middle SES,0.938886726352666,enrol_year_bac_all_0914,mse
-0.000212801484862357,-0.00181651967080843,0.0104187675144363,0.0127726768647143,0.983704481896911,0.886906879812151,8566,5062,1,1.27891440626647,2.47970104555122,16,TRUE,FALSE,"","",-0.0206335858131574,0.0202079828434327,-0.0268509663256485,0.0232179269840317,High SES,0.952744961779013,enrol_year_bac_all_0914,mse
0.13051924428505,0.143442495676886,0.0965468312275595,0.109947140935614,0.176415316842295,0.192012183678407,449,484,1,0.615884454769651,1.36486124265491,16,TRUE,FALSE,"","",-0.0587125449209671,0.319751033491066,-0.0720539005569177,0.35893889191069,Missing,0.897689768976898,enrol_year_bac_all_0914,mse
-0.00343051082988977,-0.0415156269929096,0.01160452903233,0.035504498529744,0.767521617303605,0.242280323130032,8244,7672,1,1,1,16,TRUE,FALSE,"","",-0.0261753877332565,0.0193143660734769,-0.111104444111208,0.0280731901253886,Very High SES,0.946099290780142,enrol_year_bac_all_0914,"(15, 17)"
-0.0212251428249211,-0.00844129503368674,0.0118472352737684,0.0375318533904107,0.0732019869486804,0.822049167674461,9601,5502,1,1,1,16,TRUE,FALSE,*,"",-0.0444457239615071,0.00199543831166498,-0.0820037276788917,0.0651211376115182,Low SES,0.948421520675856,enrol_year_bac_all_0914,"(15, 17)"
0.0027125560081056,0.0273287788303134,0.011555951809797,0.0350116441712184,0.814416458438348,0.435059815550771,10549,7279,1,1,1,16,TRUE,FALSE,"","",-0.0199371095390966,0.0253622215553078,-0.0412940437452747,0.0959516014059014,Middle SES,0.938886726352666,enrol_year_bac_all_0914,"(15, 17)"
-0.00452524305340019,0.0103445568826346,0.0137582807427941,0.0433906354370189,0.742223334607495,0.811566767412745,5610,4200,1,1,1,16,TRUE,FALSE,"","",-0.0314914733092766,0.0224409872024762,-0.0747010885739224,0.0953902023391915,High SES,0.952744961779013,enrol_year_bac_all_0914,"(15, 17)"
0.040401872528701,0.154779137583966,0.0403806127118726,0.127315264542192,0.317055786661437,0.224093326241773,1230,704,1,1,1,16,TRUE,FALSE,"","",-0.0387441283865694,0.119547873443971,-0.0947587809187299,0.404317056086663,Missing,0.897689768976898,enrol_year_bac_all_0914,"(15, 17)"
-0.000516396034915267,-0.000501924345968519,0.00484302499396863,0.00597025984014174,0.915085092911581,0.933000163961792,15447,10353,1,1.47672545306876,2.76633569087632,16,TRUE,FALSE,"","",-0.0100087250230938,0.00897593295326325,-0.0122036336326463,0.0111997849407093,Very High SES,0.97919621749409,enrol_anytime_all_0914,mse
-0.00735650594265724,-0.0106172376812772,0.00825354773346605,0.00930512914082946,0.372760525747509,0.253866106846229,10689,5774,1,1.05638753895412,2.46236266793101,16,TRUE,FALSE,"","",-0.0235334595002507,0.00882044761493621,-0.028855290797303,0.00762081543474854,Low SES,0.973766118274789,enrol_anytime_all_0914,mse
-0.000384676508918158,-0.000304248164629595,0.00725381230601652,0.00902994623022067,0.957707253226561,0.973121767924762,12930,7928,1,1.11346612716077,2.05029851616038,16,TRUE,FALSE,"","",-0.0146021486287105,0.0138327956108742,-0.0180029427758621,0.0173944464466029,Middle SES,0.968470221876217,enrol_anytime_all_0914,mse
0.00162206472592219,0.000857905803929526,0.0104054330674858,0.0128031900037712,0.876122624219876,0.946575978109739,4160,3712,1,0.845673740602464,1.72218573525632,16,TRUE,FALSE,"","",-0.01877258408635,0.0220167135381943,-0.0242363466034621,0.0259521582113212,High SES,0.979847116052814,enrol_anytime_all_0914,mse
0.0461211254305529,0.0449846974758139,0.0450007246970173,0.0548812798348335,0.305411604797549,0.412402606310878,869,625,1,0.838255126322973,1.68635937796328,16,TRUE,FALSE,"","",-0.0420802949756011,0.134322545836707,-0.0625826110004598,0.152552005952088,Missing,0.930693069306931,enrol_anytime_all_0914,mse
-0.00138121677925751,-0.025768754850549,0.00703452241719545,0.0213655632482568,0.844337530065064,0.227783463777836,8244,7672,1,1,1,16,TRUE,FALSE,"","",-0.0151688807169606,0.0124064471584456,-0.0676452588171322,0.0161077491160343,Very High SES,0.97919621749409,enrol_anytime_all_0914,"(15, 17)"
-0.00732428220070647,0.0177352769547348,0.00887428034682902,0.0294558383995151,0.409179633620257,0.547109457885959,9601,5502,1,1,1,16,TRUE,FALSE,"","",-0.0247178716804913,0.0100693072790784,-0.0399981663083149,0.0754687202177844,Low SES,0.973766118274789,enrol_anytime_all_0914,"(15, 17)"
0.00250044174389608,0.0411741483490884,0.0082188844202846,0.023840137835866,0.76095169405181,0.0841508633420024,10549,7279,1,1,1,16,TRUE,FALSE,"",*,-0.0136085717198617,0.0186094552076539,-0.00555252180920903,0.0879008185073858,Middle SES,0.968470221876217,enrol_anytime_all_0914,"(15, 17)"
0.000485364291991086,-0.00491060331388749,0.00851779107208067,0.0256396347007815,0.954559204462246,0.848115142904906,5610,4200,1,1,1,16,TRUE,FALSE,"","",-0.016209506209287,0.0171802347932692,-0.0551642873274193,0.0453430806996443,High SES,0.979847116052814,enrol_anytime_all_0914,"(15, 17)"
0.0291175243076132,0.158146236839976,0.0341132242784124,0.114102596680381,0.393351419744676,0.165746802223162,1230,704,1,1,1,16,TRUE,FALSE,"","",-0.0377443952780751,0.0959794438933015,-0.0654948526535714,0.381787326333523,Missing,0.930693069306931,enrol_anytime_all_0914,"(15, 17)"
0.00634331338920857,0.00481301133606649,0.0183913698715541,0.0228281246997946,0.730164239657235,0.833014533685626,11976,9195,1,1.24022086057092,2.37715069050764,16,TRUE,FALSE,"","",-0.0297037715590375,0.0423903983374546,-0.039930113075531,0.049556135747664,Very High SES,0.706382978723404,enrol_2_ontime_all_0914,mse
-0.0195098709282386,-0.0268099309229521,0.0227046317955207,0.0267736613254183,0.390180348639772,0.316655368750327,10099,5602,1,1.01600033179991,2.0713617316169,16,TRUE,FALSE,"","",-0.0640109492474593,0.024991207390982,-0.0792863071207721,0.0256664452748678,Low SES,0.733214762116496,enrol_2_ontime_all_0914,mse
0.00327095630933449,-0.00770810994209237,0.0320063223777442,0.0365963055280072,0.918600155651906,0.833179623593376,6387,6017,1,0.750137227358148,1.71077167705593,16,TRUE,FALSE,"","",-0.0594614355510441,0.066003348169713,-0.0794368687769865,0.0640206488928017,Middle SES,0.731023744647723,enrol_2_ontime_all_0914,mse
0.0336599079140947,0.045770265931353,0.042459830242244,0.0502087234304862,0.427925174229099,0.361979388977051,3466,3385,1,0.769525383787858,1.65080074985822,16,TRUE,FALSE,"","",-0.0495613593607036,0.116881175188893,-0.0526388319924,0.144179363855106,High SES,0.732453092425295,enrol_2_ontime_all_0914,mse
-0.0407127875444508,-0.0599774089428804,0.0880883975072576,0.106167012874444,0.643951495604762,0.572118312628657,796,602,1,0.796789181596061,1.62871527352383,16,TRUE,FALSE,"","",-0.213366046658676,0.131940471569774,-0.26806475417679,0.148109936291029,Missing,0.6996699669967,enrol_2_ontime_all_0914,mse
0.0102926237644769,0.0217295075980035,0.0235449095100596,0.072624971761121,0.662003597696153,0.764786230166841,8244,7672,1,1,1,16,TRUE,FALSE,"","",-0.0358553988752398,0.0564406464041937,-0.120615437053794,0.164074452249801,Very High SES,0.706382978723404,enrol_2_ontime_all_0914,"(15, 17)"
-0.0189241216943477,0.0800255492252495,0.0232102312272855,0.0715758199977386,0.41488038697522,0.263544424040376,9601,5502,1,1,1,16,TRUE,FALSE,"","",-0.0644161748998272,0.0265679315111319,-0.0602630579703181,0.220314156420817,Low SES,0.733214762116496,enrol_2_ontime_all_0914,"(15, 17)"
-0.0096547978649022,0.0386686128451146,0.021093142429182,0.0642124467410293,0.647152094202075,0.547042286266516,10549,7279,1,1,1,16,TRUE,FALSE,"","",-0.0509973570260989,0.0316877612962945,-0.0871877827673029,0.164525008457532,Middle SES,0.731023744647723,enrol_2_ontime_all_0914,"(15, 17)"
0.00909516285659961,0.0928126026177765,0.0288658605667667,0.089907223537684,0.75269808562899,0.301924434983571,5610,4200,1,1,1,16,TRUE,FALSE,"","",-0.0474819238542631,0.0656722495674623,-0.0834055555160841,0.269030760751637,High SES,0.732453092425295,enrol_2_ontime_all_0914,"(15, 17)"
-0.0505938406092497,0.0213891463857698,0.0652653773132452,0.190538088480716,0.4382204008564,0.910620000672174,1230,704,1,1,1,16,TRUE,FALSE,"","",-0.17851398014321,0.077326298924711,-0.352065507036434,0.394843799807974,Missing,0.6996699669967,enrol_2_ontime_all_0914,"(15, 17)"
-0.0169671004257483,-0.0189416806669227,0.0132024226702075,0.016350664853346,0.198739688636421,0.246674134488893,9042,8173,1,1.05792482600516,2.0292747391549,16,TRUE,FALSE,"","",-0.042843848859355,0.00890964800785829,-0.0509889837794808,0.0131056224456354,Very High SES,0.913947990543735,enrol_2_anytime_all_0914,mse
-0.0350402318111498,-0.043283986654298,0.0196000168912291,0.0213600162346673,0.0738138671620009,0.0427235724457169,7322,4969,1,0.853049969341599,2.1354958689368,16,TRUE,FALSE,*,**,-0.0734562649179588,0.00337580129565927,-0.0851496184742459,-0.00141835483435011,Low SES,0.906625166740774,enrol_2_anytime_all_0914,mse
0.00461037400819109,0.00584842531399366,0.0110666050940694,0.0136170215460942,0.676969269051132,0.667563959109901,15911,8552,1,1.2585372120399,2.4197137447589,16,TRUE,FALSE,"","",-0.0170801719761849,0.026300919992567,-0.0208409369163511,0.0325377875443384,Middle SES,0.894900739587388,enrol_2_anytime_all_0914,mse
-0.0203994176128623,-0.0226015934154669,0.0218142524161885,0.0267584595357238,0.349715266411932,0.398305019510055,4336,3724,1,0.854058374327513,1.72825427349986,16,TRUE,FALSE,"","",-0.0631553523485918,0.0223565171228671,-0.0750481741054855,0.0298449872745517,High SES,0.921473245309243,enrol_2_anytime_all_0914,mse
-0.00902903059623794,-0.0194760283031257,0.046992606403255,0.0569795734664744,0.84763468998552,0.732495992905234,1436,746,1,1.07817304240489,2.05969668804948,16,TRUE,FALSE,"","",-0.101134539146618,0.0830764779541418,-0.131155992297416,0.0922039356911642,Missing,0.838283828382838,enrol_2_anytime_all_0914,mse
-0.0209567687037677,-0.0918940199400105,0.0141184844688729,0.0427994529786528,0.137716161874367,0.0317865962585055,8244,7672,1,1,1,16,TRUE,FALSE,"",**,-0.0486289982627586,0.00671546085522315,-0.17578094777817,-0.00800709210185097,Very High SES,0.913947990543735,enrol_2_anytime_all_0914,"(15, 17)"
-0.0365748153694865,-0.0112650088263768,0.0156925457401424,0.0496473120127502,0.0197685150171452,0.820500973742226,9601,5502,1,1,1,16,TRUE,FALSE,**,"",-0.0673322050201656,-0.00581742571880741,-0.108573740371367,0.0860437227186135,Low SES,0.906625166740774,enrol_2_anytime_all_0914,"(15, 17)"
0.0072301990430641,0.0160623613138187,0.0143539192842195,0.0439481288179254,0.614465847990285,0.714749750738273,10549,7279,1,1,1,16,TRUE,FALSE,"","",-0.0209034827540062,0.0353638808401344,-0.0700759711693152,0.102200693796952,Middle SES,0.894900739587388,enrol_2_anytime_all_0914,"(15, 17)"
-0.0164523888349337,-0.0430080414529779,0.0176095126451754,0.0550049684691072,0.350154401331355,0.434277014246283,5610,4200,1,1,1,16,TRUE,FALSE,"","",-0.0509670336194774,0.01806225594961,-0.150817779652428,0.0648016967464722,High SES,0.921473245309243,enrol_2_anytime_all_0914,"(15, 17)"
-0.00148586098530545,0.0894753748425461,0.0512871715091408,0.153665453163775,0.976887403236571,0.560382237389668,1230,704,1,1,1,16,TRUE,FALSE,"","",-0.102008717143221,0.0990369951726105,-0.211708913358454,0.390659663043546,Missing,0.838283828382838,enrol_2_anytime_all_0914,"(15, 17)"
0.0209070863047589,0.0257524627220365,0.0280904125246053,0.0345006672182776,0.456708087224701,0.455405432445084,7457,7288,1,0.938252555683327,1.87446354264728,16,TRUE,FALSE,"","",-0.0341501222434674,0.0759642948529852,-0.0418688450257877,0.0933737704698606,Very High SES,0.583451536643026,enrol_3_ontime_all_0914,mse
-0.013373155982418,-0.0204341770360901,0.0302417592360125,0.0364787640778335,0.658338503408856,0.575365960033817,7885,5183,1,0.8941144813138,1.80763766274038,16,TRUE,FALSE,"","",-0.0726470040850024,0.0459006921201665,-0.0919325546286437,0.0510642005564636,Low SES,0.531347265451312,enrol_3_ontime_all_0914,mse
0.0191422555581637,0.0119163947675707,0.0300648453667283,0.0361763369891692,0.524320955888056,0.741855261257701,7806,6536,1,0.840143124508922,1.73340723414054,16,TRUE,FALSE,"","",-0.0397848413606237,0.0780693524769512,-0.058989225731201,0.0828220152663423,Middle SES,0.567925262748151,enrol_3_ontime_all_0914,mse
0.0124884079250498,0.0101035776944407,0.0263781870795728,0.0327058454933523,0.635901487311169,0.757380338044167,7551,4842,1,1.18305850607716,2.23260515830634,16,TRUE,FALSE,"","",-0.0392128387509129,0.0641896546010125,-0.0539998794725297,0.0742070348614112,High SES,0.591382904794997,enrol_3_ontime_all_0914,mse
-0.0498653272900369,-0.0455931106046952,0.113029784985949,0.137717621309424,0.659090076968714,0.740597437810822,662,571,1,0.731640126569143,1.46585045186571,16,TRUE,FALSE,"","",-0.271403705862497,0.171673051282423,-0.315519648371167,0.224333427161777,Missing,0.481848184818482,enrol_3_ontime_all_0914,mse
0.0173871614223027,0.0843474639969446,0.025807016125894,0.0798932866207628,0.500478046347956,0.291081722681147,8244,7672,1,1,1,16,TRUE,FALSE,"","",-0.0331945901844496,0.067968913029055,-0.0722433777797504,0.24093830577364,Very High SES,0.583451536643026,enrol_3_ontime_all_0914,"(15, 17)"
-0.0178416114478812,0.0220900949348546,0.0260897742386923,0.07914572113243,0.494067001183561,0.780163000755959,9601,5502,1,1,1,16,TRUE,FALSE,"","",-0.0689775689557182,0.0332943460599558,-0.133035518484708,0.177215708354417,Low SES,0.531347265451312,enrol_3_ontime_all_0914,"(15, 17)"
0.00792544947749452,0.0646962749693874,0.0237600117322775,0.0719328195257946,0.738709701742292,0.368440400973232,10549,7279,1,1,1,16,TRUE,FALSE,"","",-0.0386441735177693,0.0544950724727584,-0.0762920513011701,0.205684601239945,Middle SES,0.567925262748151,enrol_3_ontime_all_0914,"(15, 17)"
0.0255487518585202,0.120410523352927,0.0319675133618082,0.0991353586835237,0.424168735966327,0.224515930218212,5610,4200,1,1,1,16,TRUE,FALSE,"","",-0.0371075743306238,0.0882050780476643,-0.0738947796667792,0.314715826372634,High SES,0.591382904794997,enrol_3_ontime_all_0914,"(15, 17)"
-0.0573841100327015,-0.0173501500511388,0.0716919061449173,0.212510541620506,0.423463663609668,0.934930037927692,1230,704,1,1,1,16,TRUE,FALSE,"","",-0.197900246076739,0.0831320260113363,-0.433870811627331,0.399170511525053,Missing,0.481848184818482,enrol_3_ontime_all_0914,"(15, 17)"
-0.0202454678240342,-0.018184946331901,0.0177738196588712,0.0219954128093811,0.254677641466642,0.408372620497605,8238,7672,1,0.984126799116388,1.94008057778547,16,TRUE,FALSE,"","",-0.0550821543554218,0.0145912187073533,-0.0612959554382881,0.024926062774486,Very High SES,0.864775413711584,enrol_3_anytime_all_0914,mse
-0.0139854213067889,-0.0233113718525502,0.0243479849428503,0.0275602080954711,0.565698854688641,0.397645136734336,8236,5197,1,0.909907003941394,2.04501033429088,16,TRUE,FALSE,"","",-0.0617074717947755,0.0337366291811976,-0.0773293797196734,0.0307066360145731,Low SES,0.768341485104491,enrol_3_anytime_all_0914,mse
-0.00818091585738023,-0.0128289426751915,0.0161870323396256,0.0192501995146256,0.613278365131487,0.505135223134834,12602,7904,1,1.10871692093997,2.28312560861318,16,TRUE,FALSE,"","",-0.0399074992430464,0.0235456675282859,-0.0505593337238578,0.0249014483734747,Middle SES,0.815881666017906,enrol_3_anytime_all_0914,mse
-0.0270485523931563,-0.0326750203014892,0.0224414960086178,0.027109238217732,0.22809065214054,0.228083872874206,5854,4272,1,1.01472542817656,2.02464840533547,16,TRUE,FALSE,"","",-0.0710338845700471,0.0169367797837345,-0.0858091272082438,0.0204590866052655,High SES,0.854760250173732,enrol_3_anytime_all_0914,mse
-0.0211279353389617,-0.0367952309727055,0.0590479885037097,0.0709813461543706,0.720485828751795,0.604193944858919,1474,748,1,1.08123766092254,2.09013651286684,16,TRUE,FALSE,"","",-0.136861992806233,0.0946061221283093,-0.175918669435272,0.102328207489861,Missing,0.696369636963696,enrol_3_anytime_all_0914,mse
-0.0188900716604374,-0.0666089466559443,0.0174113648465972,0.0537535299566212,0.277953687499011,0.21528816223841,8244,7672,1,1,1,16,TRUE,FALSE,"","",-0.0530163467597679,0.0152362034388931,-0.171965865370922,0.0387479720590332,Very High SES,0.864775413711584,enrol_3_anytime_all_0914,"(15, 17)"
-0.0164265216338972,0.0252283907602,0.0214865153737264,0.0665907567946586,0.444567101261645,0.704793873978453,9601,5502,1,1,1,16,TRUE,FALSE,"","",-0.058540091766401,0.0256870484986065,-0.105289492557331,0.155746274077731,Low SES,0.768341485104491,enrol_3_anytime_all_0914,"(15, 17)"
-0.00836762777808398,0.0180415934348783,0.0182792671059841,0.055459377902757,0.64712053405655,0.744945054891543,10549,7279,1,1,1,16,TRUE,FALSE,"","",-0.0441949913058129,0.0274597357496449,-0.0906587872545254,0.126741974124282,Middle SES,0.815881666017906,enrol_3_anytime_all_0914,"(15, 17)"
-0.0290085512594924,-0.0801274211416945,0.0228935683611578,0.0718825268829221,0.205117805428334,0.264979189324452,5610,4200,1,1,1,16,TRUE,FALSE,"","",-0.0738799452473617,0.0158628427283768,-0.221017173832222,0.0607623315488328,High SES,0.854760250173732,enrol_3_anytime_all_0914,"(15, 17)"
-0.00756915001409597,0.00380772011450059,0.0644582700223003,0.194217734967496,0.906521581727976,0.984358140750637,1230,704,1,1,1,16,TRUE,FALSE,"","",-0.133907359257805,0.118769059229613,-0.376859040421792,0.384474480650794,Missing,0.696369636963696,enrol_3_anytime_all_0914,"(15, 17)"
-0.0408171910961315,-0.0734497042916615,0.0826178133510929,0.0959688460684138,0.621272061460062,0.444063480796142,8893,7899,1,1.07483007719865,2.37425925347486,16,TRUE,FALSE,"","",-0.202748105264274,0.121113723072011,-0.261548642585753,0.11464923400243,Very High SES,13.6701826656853,quality,mse
-0.119217865255806,-0.150241780571037,0.169089544727532,0.197635027461428,0.480774403639827,0.447136155740934,3887,3813,1,0.644413388361279,1.39052279683078,16,TRUE,FALSE,"","",-0.450633372921768,0.212197642410157,-0.537606434395436,0.237122873253363,Low SES,12.9409996360504,quality,mse
0.0832178834571735,0.0810811700231255,0.104390900506357,0.12980470012123,0.425349028565687,0.532207552047527,6836,6075,1,0.817437721774352,1.60003526249696,16,TRUE,FALSE,"","",-0.121388281535287,0.287824048449634,-0.173336042214486,0.335498382260737,Middle SES,13.2331335168715,quality,mse
0.01555587536253,-0.0189731309804415,0.118200570877132,0.142087631316711,0.895296133353714,0.893773296372755,4656,3894,1,0.927222878328915,1.89847510050292,16,TRUE,FALSE,"","",-0.216117243556649,0.247228994281709,-0.297464888361195,0.259518626400312,High SES,13.3726232804333,quality,mse
-0.401738578095809,-0.513049858275878,0.352592470132241,0.410673660607433,0.254542601827195,0.211559593204856,661,545,1,0.774972259085148,1.67578815063535,16,TRUE,FALSE,"","",-1.092819819555,0.289342663363383,-1.31797023306645,0.291870516514692,Missing,12.9699585352623,quality,mse
-0.0640582116250457,-0.419090253298819,0.0903332671031304,0.273963503002301,0.478242558022798,0.12608351692632,7775,7312,1,1,1,16,TRUE,FALSE,"","",-0.241111415147181,0.11299499189709,-0.956058719183329,0.117878212585691,Very High SES,13.6701826656853,quality,"(15, 17)"
0.000776722964797472,-0.258500950481192,0.0835905247284625,0.24825268306007,0.992586165170694,0.29774487478443,8964,5259,1,1,1,16,TRUE,FALSE,"","",-0.163060705502989,0.164614151432584,-0.74507620927893,0.228074308316545,Low SES,12.9409996360504,quality,"(15, 17)"
0.037558132753297,0.192354829002035,0.0801219531957529,0.236360988087837,0.639239713500369,0.415749215955414,9872,6931,1,1,1,16,TRUE,FALSE,"","",-0.119480895510379,0.194597161016973,-0.270912707650125,0.655622365654195,Middle SES,13.2331335168715,quality,"(15, 17)"
-0.00446786532933885,0.0107952338023196,0.10751738262784,0.32486010394766,0.966853591654767,0.973490849417085,5299,4056,1,1,1,16,TRUE,FALSE,"","",-0.215201935279905,0.206266204621228,-0.625930569935094,0.647521037539733,High SES,13.3726232804333,quality,"(15, 17)"
-0.288608736250879,-0.673178427586905,0.246925298232692,0.734409775209584,0.242480225706699,0.359339131262185,1094,655,1,1,1,16,TRUE,FALSE,"","",-0.772582320786956,0.195364848285198,-2.11262158699769,0.766264731823879,Missing,12.9699585352623,quality,"(15, 17)"
0.0140207131777217,-0.01017763095345,0.100384428574898,0.122773602792767,0.888920572828306,0.933933001653932,6637,6855,1,0.928174221479073,1.85929609826243,16,TRUE,FALSE,"","",-0.182732766829079,0.210774193184522,-0.250813892427274,0.230458630520374,Very High SES,13.6896735534796,quality_bacyear_plus1,mse
-0.0306576108180039,-0.0789994418458377,0.176600642528171,0.199926227508646,0.862180992362948,0.692737383726588,3433,3591,1,0.62933399899218,1.43758760585355,16,TRUE,FALSE,"","",-0.376794870173218,0.31547964853721,-0.470854847762784,0.312855964071109,Low SES,13.0185415612062,quality_bacyear_plus1,mse
0.0515735375537219,0.0233309469116421,0.0995510800555652,0.119357218896417,0.604415671433024,0.845023766363738,7057,6109,1,0.846859592918235,1.75070391710465,16,TRUE,FALSE,"","",-0.143546579355186,0.24669365446263,-0.210609202125336,0.25727109594862,Middle SES,13.2823589603156,quality_bacyear_plus1,mse
0.088960414071245,0.0692591976038059,0.134511870327371,0.165662543952152,0.508383170842996,0.675893035034489,3831,3518,1,0.843414588831814,1.68206917561009,16,TRUE,FALSE,"","",-0.174682851770402,0.352603679912892,-0.255439388542412,0.393957783750024,High SES,13.4039217220719,quality_bacyear_plus1,mse
-0.250092191331248,-0.325573275986066,0.261871025828925,0.31438160623832,0.339567343052703,0.300389260271698,990,623,1,0.961549618423486,1.926057687897,16,TRUE,FALSE,"","",-0.763359401955942,0.263175019293446,-0.941761224213174,0.290614672241041,Missing,13.0040629221251,quality_bacyear_plus1,mse
0.0161314811977107,-0.0475643401845218,0.0911188521929772,0.276417480110808,0.859478697824924,0.863379128989587,7575,7216,1,1,1,16,TRUE,FALSE,"","",-0.162461469100525,0.194724431495946,-0.589342601201705,0.494213920832661,Very High SES,13.6896735534796,quality_bacyear_plus1,"(15, 17)"
-0.0479262519767509,-0.196046479994894,0.0832645700088986,0.246387685331555,0.56489235706551,0.426216340096027,8581,5140,1,1,1,16,TRUE,FALSE,"","",-0.211124809194192,0.11527230524069,-0.678966343244743,0.286873383254954,Low SES,13.0185415612062,quality_bacyear_plus1,"(15, 17)"
0.0438137363264062,0.0839097895060519,0.080485060334836,0.235822489108865,0.586186167430974,0.721977175912852,9500,6807,1,1,1,16,TRUE,FALSE,"","",-0.113936981929872,0.201564454582685,-0.378302289147323,0.546121868159426,Middle SES,13.2823589603156,quality_bacyear_plus1,"(15, 17)"
0.0477012096561325,0.156222842466526,0.107191463292901,0.325301453806214,0.656312955042725,0.631056589250445,5151,3979,1,1,1,16,TRUE,FALSE,"","",-0.162394058397953,0.257796477710218,-0.481368006993653,0.793813691926706,High SES,13.4039217220719,quality_bacyear_plus1,"(15, 17)"
-0.237412856447456,-1.12123107490108,0.249943242831451,0.755582310069002,0.342179799573198,0.137827556162393,1033,638,1,1,1,16,TRUE,FALSE,"","",-0.7273016123971,0.252475899502188,-2.60217240263633,0.359710252834161,Missing,13.0040629221251,quality_bacyear_plus1,"(15, 17)"
-0.0122457894106986,-0.0392415518299316,0.0876682092825389,0.105323181779693,0.888910179947348,0.709459358833106,7134,6983,1,0.994261124125857,2.01877401903039,16,TRUE,FALSE,"","",-0.184075479604475,0.159583900783078,-0.24567498811813,0.167191884458266,Very High SES,13.6903164298262,quality_bacyear_plus2,mse
-0.0592339654573237,-0.0818512756688463,0.102740440666786,0.124535122860707,0.564250295092415,0.511017257773815,5581,4272,1,0.858449030114357,1.73925229453574,16,TRUE,FALSE,"","",-0.260605229164225,0.142137298249577,-0.325940116475832,0.162237565138139,Low SES,13.1185849182694,quality_bacyear_plus2,mse
0.0818238758671228,0.0786216483746287,0.13399708491626,0.163774343892784,0.541438449811161,0.631184135613705,4356,4937,1,0.690989846538787,1.41077836833192,16,TRUE,FALSE,"","",-0.180810410568746,0.344458162302992,-0.242376065655229,0.399619362404486,Middle SES,13.349737293801,quality_bacyear_plus2,mse
0.0791994761832555,0.0601484893366617,0.111500569284707,0.137702381933722,0.477514662256473,0.662255930726296,4271,3732,1,0.940564961975109,1.85357825185632,16,TRUE,FALSE,"","",-0.13934163961477,0.297740591981281,-0.209748179253434,0.330045157926757,High SES,13.4035775599517,quality_bacyear_plus2,mse
-0.237068895025544,-0.321076911870208,0.234030647542627,0.27314408949533,0.311068632957566,0.239800541844072,1028,606,1,1.10479895186334,2.3625642231653,16,TRUE,FALSE,"","",-0.695768964209093,0.221631174158005,-0.856439327281054,0.214285503540639,Missing,13.195358371706,quality_bacyear_plus2,mse
-0.0119683653830975,-0.015684560652268,0.0870660872108394,0.265381492016146,0.890664838271527,0.952870914546798,7134,6983,1,1,1,16,TRUE,FALSE,"","",-0.182617896316343,0.158681165550148,-0.535832285003915,0.504463163699379,Very High SES,13.6903164298262,quality_bacyear_plus2,"(15, 17)"
-0.00504352215352455,-0.320205778271568,0.0844807504200261,0.251100298121573,0.952394370421626,0.202234687271428,7203,4745,1,1,1,16,TRUE,FALSE,"","",-0.170625792976776,0.160538748669727,-0.81236236258985,0.171950806046715,Low SES,13.1185849182694,quality_bacyear_plus2,"(15, 17)"
0.00910248234756494,0.179328028202725,0.0779203026314103,0.229575382260809,0.907004397096236,0.434726526060564,8415,6432,1,1,1,16,TRUE,FALSE,"","",-0.143621310809999,0.161826275505129,-0.270639721028459,0.62929577743391,Middle SES,13.349737293801,quality_bacyear_plus2,"(15, 17)"
0.0670453198188099,-0.00448683145364015,0.103288904869671,0.316868053965761,0.516270665289048,0.988702382996546,4692,3804,1,1,1,16,TRUE,FALSE,"","",-0.135400933725746,0.269491573363366,-0.625548217226531,0.616574554319251,High SES,13.4035775599517,quality_bacyear_plus2,"(15, 17)"
-0.30674278778357,-1.31554179943063,0.261613578382438,0.80084632305686,0.240995042154164,0.100447204383305,846,557,1,1,1,16,TRUE,FALSE,"","",-0.819505401413148,0.206019825846009,-2.88520059262208,0.254116993760813,Missing,13.195358371706,quality_bacyear_plus2,"(15, 17)"
-0.0127583167365284,0.012685841396225,0.150603712460572,0.185394637982317,0.932488375796799,0.945446405540722,6795,7131,1,0.894092657745786,1.79227662485796,16,TRUE,FALSE,"","",-0.307941593159249,0.282424959686192,-0.350687649049117,0.376059331841567,Very High SES,5.90260047281324,tot_enrol_yrs,mse
-0.0582793261685044,-0.12794204302897,0.219608962969298,0.250082734617464,0.790718496903116,0.608931780432061,5047,4332,1,0.715115016892301,1.62149135949573,16,TRUE,FALSE,"","",-0.488712893588329,0.37215424125132,-0.6181042028792,0.36222011682126,Low SES,5.17607825700311,tot_enrol_yrs,mse
0.0676808572540324,0.0377179976853768,0.108355381649853,0.129788760867959,0.532220982196182,0.771349104950198,13127,8068,1,1.1307763189606,2.27000103596199,16,TRUE,FALSE,"","",-0.14469569077968,0.280057405287745,-0.216667973615823,0.292103968986577,Middle SES,5.37446477228494,tot_enrol_yrs,mse
0.0387135371986265,0.0585099356602274,0.190242155871273,0.235419018956143,0.838747291923302,0.803720263986026,4646,3929,1,0.895569093609451,1.76695547061297,16,TRUE,FALSE,"","",-0.334161088309068,0.411588162706321,-0.402911341493812,0.519931212814267,High SES,5.62473940236275,tot_enrol_yrs,mse
0.172851466355661,0.142968078241394,0.530897295472017,0.656397929474578,0.744739402498031,0.827579473176343,812,611,1,0.807418858627044,1.57349538971109,16,TRUE,FALSE,"","",-0.867707232769491,1.21341016548081,-1.14357186352878,1.42950802001157,Missing,4.74917491749175,tot_enrol_yrs,mse
0.0113400808624782,-0.00119169462064939,0.130453703847443,0.396228899375412,0.930728735089088,0.997600292893756,8244,7672,1,1,1,16,TRUE,FALSE,"","",-0.24434917867851,0.267029340403467,-0.777800337396457,0.775416948155158,Very High SES,5.90260047281324,tot_enrol_yrs,"(15, 17)"
-0.0668371345783481,-0.0668529347197193,0.134012216623923,0.400408910699301,0.617963183548973,0.867400219620968,9601,5502,1,1,1,16,TRUE,FALSE,"","",-0.329501079161237,0.195826810004541,-0.851654399690349,0.71794853025091,Low SES,5.17607825700311,tot_enrol_yrs,"(15, 17)"
0.0735519072697848,0.100510752907621,0.124849105172794,0.376125798768799,0.555776466652235,0.789294830783861,10549,7279,1,1,1,16,TRUE,FALSE,"","",-0.171152338868891,0.31825615340846,-0.636695812679225,0.837717318494467,Middle SES,5.37446477228494,tot_enrol_yrs,"(15, 17)"
0.0434918836143066,0.243919039827267,0.165036806226909,0.508784736411778,0.792143345616595,0.631643416897586,5610,4200,1,1,1,16,TRUE,FALSE,"","",-0.279980256590435,0.366964023819048,-0.753299043539817,1.24113712319435,High SES,5.62473940236275,tot_enrol_yrs,"(15, 17)"
-0.0268075610323137,0.749919024292536,0.396448189166106,1.17645563893492,0.94608866729902,0.523838755535696,1230,704,1,1,1,16,TRUE,FALSE,"","",-0.803846011797882,0.750230889733254,-1.5559340280199,3.05577207660497,Missing,4.74917491749175,tot_enrol_yrs,"(15, 17)"
-0.109109428338158,-0.112119219495138,0.0941075009930323,0.116099658099672,0.246288017569975,0.334186646977276,5642,6408,1,0.795990428397953,1.61712497880115,16,TRUE,FALSE,"","",-0.293560130284501,0.0753412736081853,-0.339674549370496,0.115436110380219,Very High SES,4.57210401891253,max_enrol_degetu,mse
-0.158896410210284,-0.199717874631205,0.0945236822633571,0.103014825056794,0.0927585986602886,0.0525342912501253,7885,5183,1,0.891189827595698,2.29103190186495,16,TRUE,FALSE,*,*,-0.344162827446464,0.0263700070258961,-0.401626931742521,0.00219118248011194,Low SES,4.12538906180525,max_enrol_degetu,mse
0.0422367902942344,0.0198550556809636,0.0837472786039117,0.100155972930997,0.614025092454995,0.842856233698076,8571,6737,1,0.886119628872369,1.84313707326029,16,TRUE,FALSE,"","",-0.121907875769433,0.206381456357901,-0.17645065126379,0.216160762625718,Middle SES,4.28571428571429,max_enrol_degetu,mse
0.0476596761201407,0.0501391437196102,0.0763759761654613,0.0948424748263904,0.532618410386897,0.597043371204674,7395,4784,1,1.1605077086366,2.193089555824,16,TRUE,FALSE,"","",-0.102037237164163,0.197356589404445,-0.135752106940115,0.236030394379335,High SES,4.43641417651147,max_enrol_degetu,mse
0.107777064594172,0.132599237328735,0.357408996521433,0.437274248915021,0.762994314487507,0.761706629373194,739,588,1,0.778492376392315,1.55102350193428,16,TRUE,FALSE,"","",-0.592744568587837,0.808298697776181,-0.724458290544706,0.989656765202176,Missing,3.76237623762376,max_enrol_degetu,mse
-0.068956220872689,-0.227515088326125,0.0689651272835069,0.211178234543568,0.317373009881587,0.28131924360353,8244,7672,1,1,1,16,TRUE,FALSE,"","",-0.204127870348363,0.0662154286029846,-0.64142442803152,0.186394251379269,Very High SES,4.57210401891253,max_enrol_degetu,"(15, 17)"
-0.147620241654563,-0.172108497005723,0.0810930122311606,0.249650463105692,0.0687008856855763,0.490572924733993,9601,5502,1,1,1,16,TRUE,FALSE,*,"",-0.306562545627638,0.0113220623185118,-0.661423404692879,0.317206410681432,Low SES,4.12538906180525,max_enrol_degetu,"(15, 17)"
-0.00570740115718671,0.229421808069798,0.0716509169625295,0.215448556401536,0.936511124680226,0.286940846613733,10549,7279,1,1,1,16,TRUE,FALSE,"","",-0.146143198403744,0.134728396089371,-0.192857362477213,0.651700978616809,Middle SES,4.28571428571429,max_enrol_degetu,"(15, 17)"
0.0411051818527586,0.0245240910797655,0.0907844694108289,0.283185281645014,0.650708834027696,0.930988776254361,5610,4200,1,1,1,16,TRUE,FALSE,"","",-0.136832378192466,0.219042741897983,-0.530519060944461,0.579567243103992,High SES,4.43641417651147,max_enrol_degetu,"(15, 17)"
0.0102551190984492,0.461586922797663,0.249154177911917,0.757224433857098,0.967168555950597,0.542141767748562,1230,704,1,1,1,16,TRUE,FALSE,"","",-0.478087069608908,0.498597307805807,-1.02257296756225,1.94574681315757,Missing,3.76237623762376,max_enrol_degetu,"(15, 17)"
-0.0112723925829987,-0.0106552613495077,0.0330973390407533,0.0410316918682931,0.733417493633626,0.795107770912242,5766,6532,1,0.843603598881045,1.68549483405533,16,TRUE,FALSE,"","",-0.0761431771028751,0.0535983919368777,-0.0910773774113621,0.0697668547123467,Very High SES,0.616273229532898,grad_5_all,mse
-0.0476431269344477,-0.0631040503032967,0.0591655027456068,0.067707626893587,0.420674396385793,0.351332388182826,3026,3334,1,0.626539443606204,1.40847160354963,16,TRUE,FALSE,"","",-0.163607512315837,0.0683212584469416,-0.195810999014727,0.0696028984081339,Low SES,0.656181015452539,grad_5_all,mse
0.015550241575867,0.0202177315944736,0.0343756558433641,0.0419142637670224,0.651008193556269,0.629550784893361,5897,5754,1,0.784984362449093,1.60235707870103,16,TRUE,FALSE,"","",-0.0518260438771266,0.0829265270288607,-0.0619342253888904,0.102369688577838,Middle SES,0.62726069695633,grad_5_all,mse
-0.0258649745573287,-0.0300241182303913,0.0273970274063787,0.0337944053212712,0.345128975327842,0.374307032410281,6479,4485,1,1.15749616119129,2.2175750577065,16,TRUE,FALSE,"","",-0.079563148273831,0.0278331991591736,-0.0962611526600828,0.0362129161993002,High SES,0.660823170731707,grad_5_all,mse
-0.0365722483405058,-0.0425655678118901,0.0647406891292765,0.0799005583056894,0.572139335080001,0.594219253647727,1289,683,1,1.18531807521496,2.21059536587896,16,TRUE,FALSE,"","",-0.163463999033888,0.0903195023528762,-0.199170662091041,0.114039526467261,Missing,0.619834710743802,grad_5_all,mse
-0.0177582020703,0.00800416614539379,0.0262102683136042,0.0805913322405564,0.498070735062559,0.92088582448091,7720,7401,1,1,1,16,TRUE,FALSE,"","",-0.0691303279649642,0.0336139238243642,-0.149954845046097,0.165963177336884,Very High SES,0.616273229532898,grad_5_all,"(15, 17)"
-0.0634136568738941,-0.010116363298982,0.0275050287400811,0.0833044530448069,0.0211369330599356,0.903343766923179,7538,4813,1,1,1,16,TRUE,FALSE,**,"",-0.117323513204453,-0.00950380054333513,-0.173393091266804,0.153160364668839,Low SES,0.656181015452539,grad_5_all,"(15, 17)"
0.013077111289048,0.0253839133055398,0.0245604992232346,0.0744658475906674,0.594417930085714,0.733193970481408,9064,6731,1,1,1,16,TRUE,FALSE,"","",-0.0350614671884918,0.0612156897665878,-0.120569147972168,0.171336974583248,Middle SES,0.62726069695633,grad_5_all,"(15, 17)"
-0.0338256982836669,-0.0794592220990082,0.0323053092862152,0.100454388587395,0.295070462409709,0.428945149082091,5042,3950,1,1,1,16,TRUE,FALSE,"","",-0.0971441044846487,0.0294927079173149,-0.276349823730302,0.117431379532286,High SES,0.660823170731707,grad_5_all,"(15, 17)"
-0.0422679636180439,-0.0412475814968509,0.0771344758653873,0.225442599387537,0.583707295656244,0.854827303661792,928,594,1,1,1,16,TRUE,FALSE,"","",-0.193451536314203,0.108915609078115,-0.483115076296424,0.400619913302722,Missing,0.619834710743802,grad_5_all,"(15, 17)"
0.00120575972550974,0.00471588175116833,0.0257425051522872,0.0316868946621456,0.962641343552681,0.881689739576576,6346,6723,1,0.880082040048407,1.77430202840057,16,TRUE,FALSE,"","",-0.0492495503729731,0.0516610698239926,-0.057390431786637,0.0668221952889737,Very High SES,0.789050728277248,grad_7_all,mse
-0.0504884223277995,-0.0581152638829225,0.0321790797378727,0.0383845691771947,0.116651949028184,0.130019059316201,5127,4118,1,0.809086463496433,1.69281308952069,16,TRUE,FALSE,"","",-0.11355941861403,0.012582573958431,-0.133349019470224,0.0171184917043792,Low SES,0.778697571743929,grad_7_all,mse
-0.00102092219084726,-0.00243086798042014,0.0241874271180357,0.0299557238623098,0.966332250160142,0.935323698183441,7804,6335,1,0.903723912362133,1.77722882744689,16,TRUE,FALSE,"","",-0.0484282793421972,0.0463864349605027,-0.0611440867505473,0.056282350789707,Middle SES,0.779444199382444,grad_7_all,mse
-0.0147477846667667,-0.0196366249936295,0.0229795631256284,0.0279935153094876,0.521017149407717,0.483009442616329,6693,4511,1,1.1754003100391,2.33245460517146,16,TRUE,FALSE,"","",-0.0597877283929984,0.0302921590594649,-0.0745039150002251,0.0352306650129661,High SES,0.800304878048781,grad_7_all,mse
-0.0447186644124822,-0.0577402529356215,0.0689512291364599,0.0844291581110946,0.516626049887797,0.494044659057022,979,611,1,1.02291423346862,1.97534050437013,16,TRUE,FALSE,"","",-0.179863073519944,0.0904257446949792,-0.223221402833367,0.107740896962124,Missing,0.735537190082645,grad_7_all,mse
-0.00115185815243524,-0.0176287127415085,0.0217223311880263,0.0672359962048087,0.957710831696114,0.79317373696725,7720,7401,1,1,1,16,TRUE,FALSE,"","",-0.0437276272809668,0.0414239109760963,-0.149411265302933,0.114153839819917,Very High SES,0.789050728277248,grad_7_all,"(15, 17)"
-0.0535857672280289,-0.0429932220757505,0.0240146334312858,0.0730348051320718,0.0256559837162465,0.556084289235458,7538,4813,1,1,1,16,TRUE,FALSE,**,"",-0.100654448753349,-0.00651708570270879,-0.186141440134611,0.10015499598311,Low SES,0.778697571743929,grad_7_all,"(15, 17)"
-0.0044589541762472,0.0364449249794603,0.0211929320334829,0.0647925991484988,0.833356918628727,0.573784991549785,9064,6731,1,1,1,16,TRUE,FALSE,"","",-0.0459971009618737,0.0370791926093793,-0.0905485693515973,0.163438419310518,Middle SES,0.779444199382444,grad_7_all,"(15, 17)"
-0.0155913667295289,0.0422518536222598,0.0276689153524141,0.0872774053298448,0.573096110286261,0.628307894727525,5042,3950,1,1,1,16,TRUE,FALSE,"","",-0.0698224408202604,0.0386397073612027,-0.128811860824236,0.213315568068756,High SES,0.800304878048781,grad_7_all,"(15, 17)"
-0.0455165722378745,-0.182145076699753,0.0707922062525939,0.20872779705778,0.520249914905679,0.382857105607427,928,594,1,1,1,16,TRUE,FALSE,"","",-0.184269296492959,0.0932361520172095,-0.591251558933001,0.226961405533495,Missing,0.735537190082645,grad_7_all,"(15, 17)"
-0.00299975321236134,0.00159542674663049,0.0307882457866716,0.0372576176422442,0.922383517731785,0.965843832187258,4759,5841,1,0.752540170845243,1.57524988403671,16,TRUE,FALSE,"","",-0.0633447149542377,0.0573452085295151,-0.0714295038321681,0.0746203573254291,Very High SES,0.817177297840281,grad_9_all,mse
-0.0344631416322279,-0.0422380544070871,0.0321520893548821,0.0381420421780622,0.2837744919578,0.268126046422568,4839,4086,1,0.788235186059815,1.66590440488127,16,TRUE,FALSE,"","",-0.0974812367677967,0.028554953503341,-0.116996457076089,0.0325203482619149,Low SES,0.809050772626932,grad_9_all,mse
-0.00284919512556492,-0.0062862879496719,0.0219752337812136,0.0269602931997435,0.896839523936075,0.815630656557738,8232,6464,1,0.931018147738677,1.85137504533616,16,TRUE,FALSE,"","",-0.0459206533367436,0.0402222630856137,-0.0591284626211691,0.0465558867218253,Middle SES,0.811645346272607,grad_9_all,mse
-0.00935898891264508,-0.010024647848484,0.0192374311700088,0.0238298026786644,0.626613492072518,0.673991021299079,8195,4897,1,1.33990394579513,2.52488364547779,16,TRUE,FALSE,"","",-0.0470643540058624,0.0283463761805723,-0.0567310610986663,0.0366817654016983,High SES,0.820884146341463,grad_9_all,mse
-0.0168285919674558,-0.0200952453718379,0.0579173955868729,0.0716727090571285,0.771386357041305,0.779189712850344,1289,683,1,1.18356329340962,2.19329038210334,16,TRUE,FALSE,"","",-0.130346687317727,0.096689503382815,-0.16057375512381,0.120383264380134,Missing,0.747933884297521,grad_9_all,mse
0.000839904281014547,-0.0247677223389491,0.0204324120623167,0.0628925211948137,0.967211018697419,0.693721102901491,7720,7401,1,1,1,16,TRUE,FALSE,"","",-0.0392076233611261,0.0408874319231552,-0.148037063880784,0.0985016192028857,Very High SES,0.817177297840281,grad_9_all,"(15, 17)"
-0.0504438114882519,0.00779842559105215,0.0229064013410835,0.0701087886171066,0.02765323560351,0.911431417440296,7538,4813,1,1,1,16,TRUE,FALSE,**,"",-0.0953403581167756,-0.0055472648597283,-0.129614800098477,0.145211651280581,Low SES,0.809050772626932,grad_9_all,"(15, 17)"
-0.00572529830440005,0.038708086940564,0.0200334308714522,0.0610527453215075,0.77504110512977,0.526073912469656,9064,6731,1,1,1,16,TRUE,FALSE,"","",-0.0449908228124464,0.0335402262036463,-0.0809552938895907,0.158371467770719,Middle SES,0.811645346272607,grad_9_all,"(15, 17)"
-0.00170364021626934,0.0962443990334365,0.0265546773911072,0.0841695273060366,0.948846062060356,0.252848090370226,5042,3950,1,1,1,16,TRUE,FALSE,"","",-0.0537508079028394,0.0503435274703008,-0.0687278744863951,0.261216672553268,High SES,0.820884146341463,grad_9_all,"(15, 17)"
-0.0151300500459826,-0.0968036833121986,0.0690294273590222,0.205018867284324,0.826507801456349,0.636805713181355,928,594,1,1,1,16,TRUE,FALSE,"","",-0.150427727669666,0.120167627577701,-0.498640663189474,0.305033296565076,Missing,0.747933884297521,grad_9_all,"(15, 17)"
-4.85857831264298,-3.77008025588123,5.74360266977481,7.03570265421237,0.397602236795506,0.592062322226808,7745,5868,1,1.24810366187545,2.4450598103897,16,TRUE,FALSE,"","",-16.1160395454016,6.39888292011566,-17.5600574581375,10.019896946375,Very High SES,270.079200592154,max_ects_credits,mse
-7.77221406065416,-11.0413702493723,13.4475228144386,15.6624639439021,0.563286919137963,0.480836731821782,3018,2651,1,0.70182251084048,1.53830433622014,16,TRUE,FALSE,"","",-34.1293587769537,18.5849306556454,-41.7397995794205,19.6570590806759,Low SES,270.353868194842,max_ects_credits,mse
0.0579052135547045,3.51640205593048,12.6137588485073,14.4834246010717,0.996337212866897,0.808169612633091,3033,3438,1,0.679879502965727,1.53833502078832,16,TRUE,FALSE,"","",-24.6650621295197,24.7808725566291,-24.8711101621701,31.9039142740311,Middle SES,269.141000649773,max_ects_credits,mse
19.9503704233091,18.4966265829258,15.0792535032059,18.1458327728401,0.185823953433122,0.308045414340763,2015,2079,1,0.725435087736986,1.51251119547519,16,TRUE,FALSE,"","",-9.60496644297451,49.5057072895927,-17.0692056518408,54.0624588176925,High SES,267.662393162393,max_ects_credits,mse
-60.8569364735984,-69.8526550957316,34.982466714094,41.3004933013698,0.0819220596745734,0.0907742936529765,356,326,1,0.731608857595612,1.56260565228415,16,TRUE,FALSE,*,*,-129.422571233223,7.70869828602579,-150.801621966416,11.0963117749531,Missing,261.420731707317,max_ects_credits,mse
-10.4778632304617,-51.1744975750874,7.35284363263049,22.7587284814055,0.154154800882173,0.0245401369777519,5300,4906,1,1,1,16,TRUE,FALSE,"",**,-24.8894367504175,3.93371028949405,-95.7816053986421,-6.56738975153264,Very High SES,270.079200592154,max_ects_credits,"(15, 17)"
-12.9310562779659,-13.2552419553303,7.82217797314216,23.881563536565,0.0983049498669725,0.578866758761316,5632,3449,1,1,1,16,TRUE,FALSE,*,"",-28.2625251053246,2.40041254939271,-60.0631064869977,33.552622576337,Low SES,270.353868194842,max_ects_credits,"(15, 17)"
-0.671413395692753,1.65528052358536,6.97415524791671,21.2354933742424,0.923304830760237,0.937868806992019,6436,4553,1,1,1,16,TRUE,FALSE,"","",-14.3407576816095,12.997930890224,-39.9662864899298,43.2768475371005,Middle SES,269.141000649773,max_ects_credits,"(15, 17)"
3.73414720936717,50.8566953188993,9.09555965063642,28.6658623703729,0.681405339655987,0.0760432134233804,3600,2684,1,1,1,16,TRUE,FALSE,"",*,-14.0931497058802,21.5614441246145,-5.32839492703158,107.04178556483,High SES,267.662393162393,max_ects_credits,"(15, 17)"
-34.0276187545322,-96.7651951401743,22.4072618236484,66.7029156278321,0.12886376249902,0.146866441556189,654,408,1,1,1,16,TRUE,FALSE,"","",-77.9458519288831,9.89061441981867,-227.502909770725,33.9725194903766,Missing,261.420731707317,max_ects_credits,"(15, 17)"
-0.0157252054228276,-0.0125426090202263,0.0159463552031509,0.0194547614234681,0.324068518730922,0.519117474073238,13753,9853,1,1.36506551394375,2.64531579661381,16,TRUE,FALSE,"","",-0.0469800616210035,0.0155296507753482,-0.0506739414102238,0.0255887233697712,Very High SES,0.747517730496454,master_anytime_all,mse
-0.0717181820167319,-0.085528130530629,0.0373563018675573,0.0416940445411025,0.0548779115678063,0.0402350866081902,5830,4596,1,0.760347819183696,1.80874805718537,16,TRUE,FALSE,*,**,-0.144936533677144,0.00150016964368038,-0.16724845783119,-0.0038078032300681,Low SES,0.618052467763451,master_anytime_all,mse
0.00909571412219834,0.00978820180535811,0.0352716977500057,0.0429050604694902,0.796502831127805,0.819540279695859,5809,5819,1,0.72838043503336,1.49334480444823,16,TRUE,FALSE,"","",-0.0600368134678129,0.0782282417122096,-0.0743057167148428,0.093882120325559,Middle SES,0.673024523160763,master_anytime_all,mse
0.00608571888867515,0.0102335350105727,0.0297236341911775,0.0367559213943352,0.83777258497686,0.78069098383019,5610,4200,1,0.999798914349132,1.94337562617511,16,TRUE,FALSE,"","",-0.0521726041260327,0.064344041903383,-0.0618080709223243,0.0822751409434696,High SES,0.704656011118833,master_anytime_all,mse
0.0143101420164498,0.0190802240090062,0.079229161505688,0.0981624372488848,0.856668126537589,0.845883059172144,999,662,1,0.893252896532899,1.73217711892643,16,TRUE,FALSE,"","",-0.140979014534699,0.169599298567598,-0.173318152998808,0.21147860101682,Missing,0.564356435643564,master_anytime_all,mse
-0.0336083180326066,-0.0970566574937681,0.0223123842318035,0.0686991008231143,0.131999681324891,0.157720669632041,8244,7672,1,1,1,16,TRUE,FALSE,"","",-0.0773405911269414,0.0101239550617282,-0.231706895107072,0.0375935801195358,Very High SES,0.747517730496454,master_anytime_all,"(15, 17)"
-0.0480011947455019,-0.11249672712254,0.025083303506531,0.0760399432134741,0.0556621851380952,0.13902207635383,9601,5502,1,1,1,16,TRUE,FALSE,*,"",-0.0971644696183026,0.00116208012729882,-0.261535015820949,0.0365415615758691,Low SES,0.618052467763451,master_anytime_all,"(15, 17)"
-0.00493798857564642,0.040857034925208,0.0221649857099054,0.0668927599553023,0.823704169051276,0.54134251363671,10549,7279,1,1,1,16,TRUE,FALSE,"","",-0.0483813605670609,0.0385053834157681,-0.0902527745871845,0.1719668444376,Middle SES,0.673024523160763,master_anytime_all,"(15, 17)"
0.00608820686089118,0.0651362198745658,0.0297169827632988,0.093174320234989,0.837671365073544,0.484502599457315,5610,4200,1,1,1,16,TRUE,FALSE,"","",-0.0521570793551744,0.0643334930769567,-0.117485447786013,0.247757887535144,High SES,0.704656011118833,master_anytime_all,"(15, 17)"
0.00114003704285715,0.0754537768972403,0.0690180661411554,0.205121104591887,0.986821181119442,0.712985162179208,1230,704,1,1,1,16,TRUE,FALSE,"","",-0.134135372593807,0.136415446679522,-0.326583588102858,0.477491141897338,Missing,0.564356435643564,master_anytime_all,"(15, 17)"
-0.0206391678962365,-0.0227101220913963,0.0241401773980266,0.0301744934975984,0.392566828996553,0.451674415336969,9042,8173,1,1.05270447278617,1.99561735800086,16,TRUE,FALSE,"","",-0.0679539155963687,0.0266755798038956,-0.0818521293466892,0.0364318851638965,Very High SES,0.398108747044917,master_select_anytime_all,mse
-0.054109668440785,-0.0637040720483834,0.0331593020776821,0.0388441105311296,0.10271959611019,0.101006608033729,5996,4621,1,0.770691585542596,1.65506833368435,16,TRUE,FALSE,"","",-0.119101900513042,0.010882563631472,-0.139838528689397,0.0124303845926307,Low SES,0.254335260115607,master_select_anytime_all,mse
-0.0316145324156663,-0.038782611122402,0.0201347253775983,0.0234985049643337,0.116380295284379,0.0988552492736639,12602,7904,1,1.10113452499238,2.34980575884461,16,TRUE,FALSE,"",*,-0.0710785941557589,0.00784952932442642,-0.0848396808524961,0.00727445860769212,Middle SES,0.316854807318023,master_select_anytime_all,mse
0.0150407300587267,0.0179756301032143,0.0379596821566288,0.0471275642971398,0.6919360380689,0.702887930753535,4160,3712,1,0.846062885908144,1.66826300549637,16,TRUE,FALSE,"","",-0.0593602469682658,0.0894417070857193,-0.0743943959191797,0.110345656125608,High SES,0.325920778318277,master_select_anytime_all,mse
-0.0710756444011645,-0.0802477756344733,0.0724392171156388,0.0896983710329355,0.326505799958085,0.370979413132061,999,662,1,0.898004975258592,1.73023149606076,16,TRUE,FALSE,"","",-0.213056509947817,0.0709052211454875,-0.256056582859027,0.0955610315900803,Missing,0.277227722772277,master_select_anytime_all,mse
-0.0233565799805593,-0.0472379850284443,0.0257762358508984,0.0789947458209966,0.364867881960906,0.549847306877674,8244,7672,1,1,1,16,TRUE,FALSE,"","",-0.0738780022483203,0.0271648422872017,-0.202067686837598,0.107591716780709,Very High SES,0.398108747044917,master_select_anytime_all,"(15, 17)"
-0.014174109396294,-0.122136872590192,0.0230134668595757,0.0674604619283173,0.537957218798539,0.0702189589651645,9601,5502,1,1,1,16,TRUE,FALSE,"",*,-0.0592805044410625,0.0309322856484744,-0.254359377969694,0.0100856327893097,Low SES,0.254335260115607,master_select_anytime_all,"(15, 17)"
-0.0336092231257337,0.00230048234590152,0.0224853768151557,0.0673876278845911,0.134988917752882,0.972767065037609,10549,7279,1,1,1,16,TRUE,FALSE,"","",-0.0776805616834389,0.0104621154319716,-0.129779268307897,0.1343802329997,Middle SES,0.316854807318023,master_select_anytime_all,"(15, 17)"
0.0174515635265231,0.0155637897078926,0.0304303694518754,0.0919966583967684,0.566311834720452,0.865656813063809,5610,4200,1,1,1,16,TRUE,FALSE,"","",-0.0421919605991528,0.077095087652199,-0.164749660749773,0.195877240165559,High SES,0.325920778318277,master_select_anytime_all,"(15, 17)"
-0.0750954495517687,-0.105803890125208,0.0637448671496757,0.185257088458289,0.238771615559021,0.567918807987016,1230,704,1,1,1,16,TRUE,FALSE,"","",-0.200035389165133,0.0498444900615957,-0.468907783503454,0.257300003253038,Missing,0.277227722772277,master_select_anytime_all,"(15, 17)"
0.0557204999212289,0.0479732071463488,0.077561871368062,0.0971000896197073,0.472510277290531,0.621264265258377,7311,6688,1,1.11201221245579,2.06538654262314,16,TRUE,FALSE,"","",-0.0963007679601727,0.20774176780263,-0.142342968508277,0.238289382800975,Very High SES,13.9396669322078,quality_first_grad_degree,mse
0.0084770311360387,0.0135252594635347,0.0963450122395587,0.120097403142259,0.929887647539573,0.910332554917611,4982,3700,1,0.942626760303268,1.81505950633794,16,TRUE,FALSE,"","",-0.180359192853496,0.197313255125574,-0.221865650695292,0.248916169622362,Low SES,13.4485766632258,quality_first_grad_degree,mse
0.0821391498736617,0.056914875714142,0.102753320719113,0.12454521266359,0.424068973479727,0.647684241127918,5037,4715,1,0.834290456521723,1.71334161757915,16,TRUE,FALSE,"","",-0.119257358735799,0.283535658483122,-0.187193741106495,0.301023492534779,Middle SES,13.6174862130729,quality_first_grad_degree,mse
0.0851789882535172,0.0851651751194353,0.142443673566758,0.177190117692073,0.549850840698561,0.630770307428179,2645,2677,1,0.808014916375974,1.61118751708454,16,TRUE,FALSE,"","",-0.194010611937328,0.364368588444362,-0.262127455557027,0.432457805795898,High SES,13.6529475125172,quality_first_grad_degree,mse
-0.307585121326504,-0.404314756294397,0.270466470183487,0.316324535727185,0.255438227917662,0.20119147022264,733,480,1,1.06561199675564,2.27017572875149,16,TRUE,FALSE,"","",-0.837699402886138,0.22252916023313,-1.02431084631968,0.215681333730885,Missing,13.5722536403257,quality_first_grad_degree,mse
0.0397622276108152,-0.156624786226608,0.0880935796859213,0.266754264581232,0.651727575954123,0.557102919698423,6016,6016,1,1,1,16,TRUE,FALSE,"","",-0.132901188573591,0.212425643795221,-0.679463144805822,0.366213572352606,Very High SES,13.9396669322078,quality_first_grad_degree,"(15, 17)"
0.0274152962023351,-0.28109178614347,0.089903390610632,0.266634073652195,0.760410526234046,0.291780809711137,5442,3790,1,1,1,16,TRUE,FALSE,"","",-0.148795349394504,0.203625941799174,-0.803694570501773,0.241510998214832,Low SES,13.4485766632258,quality_first_grad_degree,"(15, 17)"
0.0345352946025912,0.341377969884881,0.0814991375046396,0.242424825900188,0.671747832274776,0.159077558864462,6831,5340,1,1,1,16,TRUE,FALSE,"","",-0.125203014906502,0.194273604111685,-0.133774688879486,0.816530628649249,Middle SES,13.6174862130729,quality_first_grad_degree,"(15, 17)"
0.0788251443275172,0.117061839529228,0.106555762158112,0.324269711656112,0.459448745487509,0.718098355211927,3817,3199,1,1,1,16,TRUE,FALSE,"","",-0.130024149502383,0.287674438157417,-0.518506795316752,0.752630474375208,High SES,13.6529475125172,quality_first_grad_degree,"(15, 17)"
-0.355593338471316,-1.24822409778021,0.290208897977284,0.878181584359854,0.220461720716492,0.155208184502818,636,464,1,1,1,16,TRUE,FALSE,"","",-0.924402778506791,0.21321610156416,-2.96946000312552,0.473011807565104,Missing,13.5722536403257,quality_first_grad_degree,"(15, 17)"
