coef,coef_bias,se,robust_se,p_value,robust_p_value,n_cont,n_treat,poly,h_bandwidth,b_bandwidth,threshold,donut,controls,sig,robust_sig,ci_lower,ci_upper,robust_ci_lower,robust_ci_upper,exagt_name,mean_y,outcome,bandwidth
-0.0032457669547008,-0.00661004258184539,0.00952413478066464,0.010708343021538,0.733258749396505,0.53705026558934,14426,16919,1,0.716916347868612,1.70757282672677,16,TRUE,FALSE,"","",-0.0219130711248035,0.0154215372154019,-0.0275983949040599,0.0143783097403691,Générale,0.960770016042001,enrol_year_bac_all_0914,mse
-0.029975026562592,-0.0341998249339577,0.0313644074547847,0.0376826279284272,0.339222817760812,0.364102612815127,2626,1838,1,0.745214445400454,1.51504352077401,16,TRUE,FALSE,"","",-0.09144926517397,0.031499212048786,-0.108057775673675,0.0396581258057596,Technologique,0.923220973782772,enrol_year_bac_all_0914,mse
5.27280952919629,5.32469300193697,3.12312990176489,3.13222054092473,0.0913518542749524,0.0891358449977989,61,525,1,0.324078755074087,0.886568071286219,16,TRUE,FALSE,*,*,-0.848525078262888,11.3941441366555,-0.81445925827551,11.4638452621494,Professionnelle,0.82,enrol_year_bac_all_0914,mse
-0.00689426733659815,0.00140590819126141,0.00581254049944973,0.0177271517943639,0.235581924003548,0.936787498040904,26639,22058,1,1,1,16,TRUE,FALSE,"","",-0.0182868467155196,0.00449831204232331,-0.0333393093256919,0.0361511257082147,Générale,0.960770016042001,enrol_year_bac_all_0914,"(15, 17)"
-0.00848898697821854,-0.0456628314669412,0.0200945780188342,0.0616324225318237,0.672695408834197,0.458760277626952,4839,2193,1,1,1,16,TRUE,FALSE,"","",-0.0478743598951335,0.0308963859386964,-0.166462379629316,0.0751367166954334,Technologique,0.923220973782772,enrol_year_bac_all_0914,"(15, 17)"
0.0214307119940038,0.0961516739476709,0.036025381345733,0.103130700175126,0.551924927711833,0.351166868719813,3756,1106,1,1,1,16,TRUE,FALSE,"","",-0.0491790354436329,0.0920404594316405,-0.105984498395576,0.298287846290918,Professionnelle,0.82,enrol_year_bac_all_0914,"(15, 17)"
0.0113086811439505,0.00737525042866016,0.0156374531497041,0.0187116600079132,0.469569784802439,0.693468339618267,21904,20178,1,0.880289659606075,1.84742982361914,16,TRUE,FALSE,"","",-0.0193407270294696,0.0419580893173705,-0.0292996031868498,0.0440501040441701,Générale,0.716639929998542,enrol_2_ontime_all_0914,mse
-0.0725609906839342,-0.0823746446482807,0.0581483987000108,0.0680674143863121,0.212082773000514,0.226205202926663,2072,1693,1,0.655619834218666,1.39605897688827,16,TRUE,FALSE,"","",-0.186531852135955,0.0414098707680869,-0.215786776845452,0.051037487548891,Technologique,0.801498127340824,enrol_2_ontime_all_0914,mse
0.115580871631765,0.13061243977676,0.17736195232346,0.195735264538683,0.514616232812044,0.504586080344579,660,712,1,0.487261247126676,1.09366471719428,16,TRUE,FALSE,"","",-0.232048554922215,0.463210298185746,-0.25302867871906,0.51425355827258,Professionnelle,0.689333333333333,enrol_2_ontime_all_0914,mse
0.0011056103305962,0.0770704543987979,0.0131825368656827,0.0408795810330857,0.933160337041245,0.059388751112475,26639,22058,1,1,1,16,TRUE,FALSE,"",*,-0.0247321619261418,0.0269433825873342,-0.00305352442605011,0.157194433223646,Générale,0.716639929998542,enrol_2_ontime_all_0914,"(15, 17)"
-0.0396959600124422,-0.103585212181974,0.029874346742438,0.0896062622939897,0.183925803601178,0.247679454463394,4839,2193,1,1,1,16,TRUE,FALSE,"","",-0.0982496796276207,0.0188577596027362,-0.279213486278193,0.0720430619142463,Technologique,0.801498127340824,enrol_2_ontime_all_0914,"(15, 17)"
-0.00219541130908874,0.059325914923529,0.0434795559466223,0.122475813958335,0.959729562474886,0.628109951762306,3756,1106,1,1,1,16,TRUE,FALSE,"","",-0.0874153409644684,0.0830245183462909,-0.180726680434807,0.299378510281865,Professionnelle,0.689333333333333,enrol_2_ontime_all_0914,"(15, 17)"
-0.0126418005602074,-0.0160809654920975,0.0100502337521937,0.0116244372507413,0.208441904911158,0.166549658665328,19483,19082,1,0.825297969487112,1.85574110166012,16,TRUE,FALSE,"","",-0.0323402587145069,0.00705665759409222,-0.0388648625035504,0.00670293151935547,Générale,0.925477614116961,enrol_2_anytime_all_0914,mse
-0.0496458426082631,-0.0567209870619099,0.0425863551638613,0.0501186210130214,0.243707949619825,0.257745950195731,2151,1730,1,0.679217772232884,1.43617868717654,16,TRUE,FALSE,"","",-0.133115098729431,0.0338234135129051,-0.154953484247432,0.041511510123612,Technologique,0.892322097378277,enrol_2_anytime_all_0914,mse
0.0532100676622362,0.0569057491692102,0.123738716694953,0.14159546821367,0.66718141774744,0.687765260891209,865,771,1,0.538001374893252,1.15788395166556,16,TRUE,FALSE,"","",-0.189317817059872,0.295737952384344,-0.220621368529583,0.334432866868004,Professionnelle,0.736,enrol_2_anytime_all_0914,mse
-0.0129592698559975,-0.0179536231067448,0.00774712712925232,0.0239429731689536,0.0943698372474015,0.45334543657668,26639,22058,1,1,1,16,TRUE,FALSE,*,"",-0.028143639029332,0.00222509931733706,-0.0648818505178937,0.0289746043044042,Générale,0.925477614116961,enrol_2_anytime_all_0914,"(15, 17)"
-0.0330896571025203,-0.0803480097311482,0.0234200140874154,0.0707952512766799,0.157691166328357,0.25640254660976,4839,2193,1,1,1,16,TRUE,FALSE,"","",-0.0789928847138546,0.0128135705088139,-0.219106702233441,0.0584106827711444,Technologique,0.892322097378277,enrol_2_anytime_all_0914,"(15, 17)"
0.00781335224078861,-0.00579352551685552,0.0411875693742097,0.116142315135443,0.849542882664345,0.960215635374647,3756,1106,1,1,1,16,TRUE,FALSE,"","",-0.0729142837326625,0.0885409882142397,-0.233432463182324,0.221845412148613,Professionnelle,0.736,enrol_2_anytime_all_0914,"(15, 17)"
-0.0000521986226940108,-0.00160401812813049,0.0167503030584592,0.0207353714031952,0.997513572883545,0.938339854082142,21904,20178,1,0.887198109701749,1.76172073288035,16,TRUE,FALSE,"","",-0.032882792617274,0.032778395371886,-0.0422453460783932,0.0390373098221322,Générale,0.615283651742745,enrol_3_ontime_all_0914,mse
0.218536149817616,0.260548498627162,0.252847899796202,0.261178393515246,0.387423740022336,0.31847905717809,615,1207,1,0.441766537468872,1.15533942132572,16,TRUE,FALSE,"","",-0.277045733782939,0.714118033418171,-0.25136115266272,0.772458149917043,Technologique,0.468164794007491,enrol_3_ontime_all_0914,mse
-0.0294075240792402,-0.0387129884237778,0.0886392777294568,0.104843032387128,0.740065742635173,0.711943532132308,1272,858,1,0.614612664242124,1.27387731901389,16,TRUE,FALSE,"","",-0.203140508428975,0.144325460270495,-0.244205331902548,0.166779355054992,Professionnelle,0.221333333333333,enrol_3_ontime_all_0914,mse
-0.00233574993646024,0.0277185908964381,0.0142951346938812,0.0441452404107404,0.870207637500092,0.530072501546993,26639,22058,1,1,1,16,TRUE,FALSE,"","",-0.0303542139364674,0.0256827140635469,-0.058806080308613,0.114243262101489,Générale,0.615283651742745,enrol_3_ontime_all_0914,"(15, 17)"
0.0621754168737829,0.290341041254164,0.0382480897391686,0.114032966857734,0.104038547589939,0.0108929312946411,4839,2193,1,1,1,16,TRUE,FALSE,"",**,-0.0127908390149875,0.137141672762553,0.0668364262130043,0.513845656295323,Technologique,0.468164794007491,enrol_3_ontime_all_0914,"(15, 17)"
0.0095261791008544,0.00691333738854616,0.0408720661110224,0.114178387195114,0.815704643778249,0.951718738263982,3756,1106,1,1,1,16,TRUE,FALSE,"","",-0.0705830704767495,0.0896354286784583,-0.216876301513878,0.23070297629097,Professionnelle,0.221333333333333,enrol_3_ontime_all_0914,"(15, 17)"
-0.0254326638784441,-0.0281913541641585,0.00978768400809866,0.011666724017266,0.00936496846720732,0.0156752657268983,24240,21085,1,0.93383948142814,1.9582205001567,16,TRUE,FALSE,***,**,-0.0446165245343175,-0.00624880322257074,-0.0510581332379999,-0.00532457509031716,Générale,0.896747848913519,enrol_3_anytime_all_0914,mse
0.248424087769381,0.263477974046536,0.12775641702627,0.141771810926454,0.0518335494898051,0.0631029837310935,1084,1418,1,0.52628364565397,1.19016036379749,16,TRUE,FALSE,*,*,-0.00197848960210734,0.49882666514087,-0.0143947753693131,0.541350723462385,Technologique,0.661985018726592,enrol_3_anytime_all_0914,mse
-0.23345061332599,-0.239818973439117,0.155321565788684,0.175912313681951,0.13283522557528,0.172792072000422,781,743,1,0.512447536278254,1.11377287511114,16,TRUE,FALSE,"","",-0.537880882271811,0.0709796556198306,-0.584607108255741,0.104969161377507,Professionnelle,0.317333333333333,enrol_3_anytime_all_0914,mse
-0.0219531214796409,-0.0568778585447167,0.00897586629771282,0.0275467261344539,0.0144533486479355,0.0389440638183975,26639,22058,1,1,1,16,TRUE,FALSE,**,**,-0.039545819423158,-0.00436042353612377,-0.110869441768246,-0.00288627532118709,Générale,0.896747848913519,enrol_3_anytime_all_0914,"(15, 17)"
0.0249970501010726,0.173633323525291,0.0360642387285887,0.109741393271847,0.488230681298469,0.113602899135837,4839,2193,1,1,1,16,TRUE,FALSE,"","",-0.0456888578069613,0.0956829580091065,-0.0414598072875283,0.388726454338111,Technologique,0.661985018726592,enrol_3_anytime_all_0914,"(15, 17)"
0.000603862735942706,-0.0309575125596657,0.0451189820638851,0.125977398284123,0.989321603723605,0.80588457084102,3756,1106,1,1,1,16,TRUE,FALSE,"","",-0.087829342109272,0.0890370675811575,-0.277873213196547,0.215958188077216,Professionnelle,0.317333333333333,enrol_3_anytime_all_0914,"(15, 17)"
-0.0243954826808732,-0.0466962745211035,0.0629173950957102,0.0731551409908481,0.69820972285613,0.523266419234034,19080,18831,1,0.84233022335495,1.8606706637592,16,TRUE,FALSE,"","",-0.147713577068465,0.0989226117067188,-0.190080350863166,0.0966878018209588,Générale,13.504431723269,quality,mse
-0.344856113622043,-0.410992565789435,0.242625400966128,0.266406880709867,0.15521443573881,0.122897503653362,1463,1438,1,0.590505225382613,1.41142361599834,16,TRUE,FALSE,"","",-0.820401899515654,0.130689672271567,-0.933150051980774,0.111164920401904,Technologique,12.5721121191959,quality,mse
0.0199848452030125,0.0310491456436495,0.146737113955489,0.178052026028376,0.891667214130836,0.861564918597736,1334,771,1,0.687591663269652,1.38835369084859,16,TRUE,FALSE,"","",-0.267619898149746,0.307589588555771,-0.317932825371967,0.380031116659266,Professionnelle,11.9900850033617,quality,mse
0.00382605893248922,-0.152361425442216,0.0499929232603956,0.151465805209136,0.938995847877081,0.314457412889394,25494,21248,1,1,1,16,TRUE,FALSE,"","",-0.0941600706578861,0.101812188522865,-0.449234403652123,0.144511552767691,Générale,13.504431723269,quality,"(15, 17)"
-0.0890744664598593,-0.385641813487126,0.093099623052428,0.282114492886086,0.338685851345504,0.17163496995573,4450,2039,1,1,1,16,TRUE,FALSE,"","",-0.271549727642618,0.0934007947228996,-0.938586219543855,0.167302592569603,Technologique,12.5721121191959,quality,"(15, 17)"
0.00403563796239936,0.0667340410178881,0.0878565518057308,0.24008564904605,0.963362536149328,0.781043595295118,3060,926,1,1,1,16,TRUE,FALSE,"","",-0.168163203576833,0.176234479501632,-0.403833831112371,0.537301913148147,Professionnelle,11.9900850033617,quality,"(15, 17)"
0.0111224070648603,0.000400687601278094,0.0840447615494387,0.10183496611201,0.894716091777304,0.996860590835828,13269,15668,1,0.705893764615646,1.46385582786649,16,TRUE,FALSE,"","",-0.15360532557204,0.17585013970176,-0.199195845978262,0.199997221180819,Générale,13.5378897263905,quality_bacyear_plus1,mse
-0.222321488063209,-0.268009535089327,0.19721727570317,0.226799617961761,0.259618977451861,0.237324011833324,1721,1504,1,0.6484101825201,1.42183000085037,16,TRUE,FALSE,"","",-0.608867348441421,0.164224372315004,-0.712536786294378,0.176517716115725,Technologique,12.6312796412538,quality_bacyear_plus1,mse
0.672631991666954,0.6907248665552,0.460024306951838,0.500186988198339,0.143695672098634,0.167299471002852,426,537,1,0.461894523232946,1.0366018492931,16,TRUE,FALSE,"","",-0.229015649958649,1.57427963329256,-0.289641630313545,1.67109136342395,Professionnelle,12.0835561417255,quality_bacyear_plus1,mse
0.0184826702083285,-0.0420558255602899,0.0499212613287733,0.150995342993173,0.711206325462354,0.780610151154169,24806,20917,1,1,1,16,TRUE,FALSE,"","",-0.0793630019960672,0.116328342412724,-0.33800669782691,0.25389504670633,Générale,13.5378897263905,quality_bacyear_plus1,"(15, 17)"
-0.0237609286962943,-0.314324875854997,0.0952547279758477,0.288592848016356,0.803015661848748,0.276081670234252,4278,1989,1,1,1,16,TRUE,FALSE,"","",-0.210460195528956,0.162938338136367,-0.879966857967054,0.251317106257061,Technologique,12.6312796412538,quality_bacyear_plus1,"(15, 17)"
-0.0380986988310639,0.0572535271814516,0.0964825147648069,0.265610362276767,0.69293387256423,0.829334971845788,2756,874,1,1,1,16,TRUE,FALSE,"","",-0.227204427770085,0.151007030107958,-0.463342782881012,0.577849837243915,Professionnelle,12.0835561417255,quality_bacyear_plus1,"(15, 17)"
-0.0474883728452298,-0.0485935062369478,0.105418458053369,0.125548260126498,0.652368024762776,0.698718884890321,9761,13549,1,0.612535362514936,1.29693938858848,16,TRUE,FALSE,"","",-0.254108550629833,0.159131804939374,-0.294668096084884,0.197481083610988,Générale,13.5141503958411,quality_bacyear_plus2,mse
0.00539064441117176,-0.0485937501351401,0.201726214513072,0.233828264810397,0.978681005280288,0.835370984644037,1519,1316,1,0.688939667626809,1.50323782404162,16,TRUE,FALSE,"","",-0.38999273603445,0.400774024856793,-0.506897149163518,0.409709648893238,Technologique,12.7163045595761,quality_bacyear_plus2,mse
0.525676828489665,0.551647225118529,0.476725495403648,0.533242727647274,0.270165098754134,0.300895796894688,249,316,1,0.505317119181558,1.11377385876898,16,TRUE,FALSE,"","",-0.408705142501485,1.46005879948082,-0.493508521070127,1.59680297130719,Professionnelle,12.1178300531064,quality_bacyear_plus2,mse
0.0184634502753696,-0.0244941206384794,0.0467005923970225,0.141386197434678,0.692578740681156,0.862460694361718,23791,20364,1,1,1,16,TRUE,FALSE,"","",-0.0730697108227945,0.109996611373534,-0.301611067610449,0.25262282633349,Générale,13.5141503958411,quality_bacyear_plus2,"(15, 17)"
0.0831376975924414,-0.108416221911433,0.113057636262208,0.335007952821859,0.46212224588698,0.746223601202687,3218,1672,1,1,1,16,TRUE,FALSE,"","",-0.138455269481487,0.30473066466637,-0.765031809442277,0.54819936561941,Technologique,12.7163045595761,quality_bacyear_plus2,"(15, 17)"
0.0111358090591835,-0.0338500356713105,0.13248566433853,0.370731192970937,0.933014343833543,0.927249336219292,1281,485,1,1,1,16,TRUE,FALSE,"","",-0.248536093044335,0.270807711162702,-0.760483173894346,0.692783102551725,Professionnelle,12.1178300531064,quality_bacyear_plus2,"(15, 17)"
0.0260306287177254,0.0394913712216365,0.0622256259033214,0.0760959641569679,0.675708412060032,0.603783048344397,32822,24728,1,1.138288630846,2.21563398159195,16,TRUE,FALSE,"","",-0.0959315980527844,0.147992855488235,-0.109656718526021,0.188639460969294,Générale,6.0408341840455,tot_enrol_yrs,mse
-0.241402612965484,-0.313790730432904,0.371493231403585,0.4271385040902,0.515810443803927,0.462562050944662,1709,1584,1,0.605174695566856,1.32088299120653,16,TRUE,FALSE,"","",-0.96952934651651,0.486724120585543,-1.1509821984497,0.523400737583888,Technologique,3.98595505617978,tot_enrol_yrs,mse
0.0529758640708709,0.0342175949323318,0.310042458934746,0.373283109053899,0.864328752925113,0.926962931800516,1586,910,1,0.67296545904422,1.36171550642476,16,TRUE,FALSE,"","",-0.554707355441232,0.660659083582974,-0.697417298813309,0.765852488677973,Professionnelle,2.38133333333333,tot_enrol_yrs,mse
0.0188059690135542,0.0889180009445472,0.072131158801798,0.219571088636119,0.794309154825035,0.685505263484436,26639,22058,1,1,1,16,TRUE,FALSE,"","",-0.12257110223797,0.160183040265078,-0.341441332782247,0.519277334671341,Générale,6.0408341840455,tot_enrol_yrs,"(15, 17)"
-0.0123447964047667,-0.310598439263099,0.157871627521782,0.470877442648321,0.937672815864829,0.509500087597073,4839,2193,1,1,1,16,TRUE,FALSE,"","",-0.321773186347459,0.297083593537925,-1.23351822685381,0.612321348327609,Technologique,3.98595505617978,tot_enrol_yrs,"(15, 17)"
0.103373550463069,0.0363364134326449,0.168192608709692,0.481438861079637,0.538809594061023,0.939837092978225,3756,1106,1,1,1,16,TRUE,FALSE,"","",-0.226283962607927,0.433031063534066,-0.907283754283443,0.979956581148733,Professionnelle,2.38133333333333,tot_enrol_yrs,"(15, 17)"
-0.0622136703628282,-0.0691235595224775,0.0352870456797744,0.0432427971058322,0.0778880212331327,0.1099320110274,29031,22981,1,1.04014505246701,2.02400713436255,16,TRUE,FALSE,*,"",-0.131376279895186,0.00694893916952957,-0.153879441849909,0.0156323228049536,Générale,4.68528511010646,max_enrol_degetu,mse
0.0318073495016193,0.049875575262563,0.275956007185484,0.322642995209625,0.908237146398602,0.87714896564357,1709,1584,1,0.603961890720831,1.2822150203969,16,TRUE,FALSE,"","",-0.50906642458193,0.572681123585169,-0.582504695348302,0.682255845873428,Technologique,3.45037453183521,max_enrol_degetu,mse
0.0860934324091058,0.0698964211184459,0.265571219961785,0.318859333554565,0.745800182694254,0.826488257649248,1468,896,1,0.651555113418752,1.32583762395682,16,TRUE,FALSE,"","",-0.434426158715993,0.606613023534205,-0.555067872648501,0.694860714885393,Professionnelle,2.22666666666667,max_enrol_degetu,mse
-0.0631421663387908,-0.0848327564152704,0.0370520489524494,0.113547599716427,0.0883534853370008,0.454996052409959,26639,22058,1,1,1,16,TRUE,FALSE,*,"",-0.135764182285592,0.00947984960800996,-0.307386051859467,0.137720539028926,Générale,4.68528511010646,max_enrol_degetu,"(15, 17)"
0.0716488916232887,0.136110293845551,0.117474211691759,0.350525704782589,0.541920327232189,0.697791582897627,4839,2193,1,1,1,16,TRUE,FALSE,"","",-0.15860056329256,0.301898346539137,-0.550920087528322,0.823140675219424,Technologique,3.45037453183521,max_enrol_degetu,"(15, 17)"
0.0195437067187294,0.130552242190061,0.136960649028586,0.386963929445966,0.886530449243399,0.735833670131126,3756,1106,1,1,1,16,TRUE,FALSE,"","",-0.248899165377298,0.287986578814757,-0.627897059524033,0.889001543904154,Professionnelle,2.22666666666667,max_enrol_degetu,"(15, 17)"
-0.0120603423210639,-0.0223935246721001,0.0357564506459425,0.0402882384621084,0.735897262655116,0.57832515586861,9502,13827,1,0.586926403918205,1.36237837464987,16,TRUE,FALSE,"","",-0.0821429855871112,0.0580223009449834,-0.101358472057833,0.0565714227136324,Générale,0.642921281053577,grad_5_all,mse
0.0139877912006883,0.0187178192178032,0.0835743714849895,0.0995788128783472,0.867079412190878,0.850900249096544,1348,1210,1,0.675719484696307,1.39976710490084,16,TRUE,FALSE,"","",-0.149817976909891,0.177793559311268,-0.176456654023757,0.213892292459364,Technologique,0.696480938416422,grad_5_all,mse
-0.0166104720131692,0.00736956502144981,0.179634906780405,0.210689027678721,0.926326252369868,0.972096964878111,389,285,1,0.589641707581111,1.23106493448388,16,TRUE,FALSE,"","",-0.368694889302763,0.335473945276424,-0.405580929228844,0.420320059271743,Professionnelle,0.323076923076923,grad_5_all,mse
-0.0223656510504655,-0.0233498324109276,0.0142036498983086,0.0435846675324697,0.11533930791543,0.592141701974827,25840,21566,1,1,1,16,TRUE,FALSE,"","",-0.0502048048511504,0.0054735027502194,-0.108775780774568,0.062076115952713,Générale,0.642921281053577,grad_5_all,"(15, 17)"
-0.042610234275577,0.0670460489602771,0.0443166381398303,0.1345241410019,0.33630324432856,0.618206238020471,3100,1547,1,1,1,16,TRUE,FALSE,"","",-0.129470845029644,0.0442503764784904,-0.196621267403446,0.330713365324001,Technologique,0.696480938416422,grad_5_all,"(15, 17)"
0.0232097143656349,0.134063482057469,0.0775662368814905,0.210665721143258,0.764768797032167,0.524528679227474,1352,376,1,1,1,16,TRUE,FALSE,"","",-0.128820109922087,0.175239538653356,-0.278841331383317,0.546968295498254,Professionnelle,0.323076923076923,grad_5_all,"(15, 17)"
-0.0136818119958457,-0.0178356330025844,0.017061943554306,0.0204706541960614,0.422616249433279,0.383602316931845,16748,17641,1,0.774148902041716,1.63095126276925,16,TRUE,FALSE,"","",-0.0471232213622855,0.0197595973705941,-0.0579581152268647,0.0222868492216959,Générale,0.801706076025142,grad_7_all,mse
0.00252219352611971,0.00452863720532548,0.0378965166900765,0.0469007091452243,0.946936163122058,0.92307743658693,3286,1588,1,1.02958074188576,1.95882729489173,16,TRUE,FALSE,"","",-0.0717549791864302,0.0767993662386696,-0.0873967527193142,0.0964540271299652,Technologique,0.774193548387097,grad_7_all,mse
-0.298845817645136,-0.290808785283785,0.278153625597273,0.315626130431411,0.282647368738012,0.356856727908832,260,255,1,0.506209658759144,1.09378814402568,16,TRUE,FALSE,"","",-0.844026923815792,0.24633528852552,-0.909436000929352,0.327818430361781,Professionnelle,0.353846153846154,grad_7_all,mse
-0.0181397289423153,-0.00544848593657243,0.0118511377586992,0.0364937575742784,0.125860404846409,0.881317608651196,25840,21566,1,1,1,16,TRUE,FALSE,"","",-0.0413679589493657,0.00508850106473509,-0.0769762507821581,0.0660792789090133,Générale,0.801706076025142,grad_7_all,"(15, 17)"
0.000918472936876746,0.00988970641257247,0.039298467995415,0.122237421299838,0.981353760040283,0.935516932076,3100,1547,1,1,1,16,TRUE,FALSE,"","",-0.0761065243341367,0.0779434702078902,-0.22969563933511,0.249475052160255,Technologique,0.774193548387097,grad_7_all,"(15, 17)"
-0.0104708176484498,-0.0113150288559069,0.0787782302165658,0.215368798713771,0.89426051172493,0.958100080738699,1352,376,1,1,1,16,TRUE,FALSE,"","",-0.164876148872919,0.143934513576019,-0.433437874334898,0.410807816623084,Professionnelle,0.353846153846154,grad_7_all,"(15, 17)"
-0.00409163157659664,-0.00615463501750213,0.0149383750934534,0.0183464229554213,0.784160924284331,0.73727219492494,17871,18183,1,0.808249073971094,1.6408936721891,16,TRUE,FALSE,"","",-0.0333708467597653,0.0251875836065721,-0.0421136240101278,0.0298043539751235,Générale,0.832235857527686,grad_9_all,mse
0.00970553360994453,0.0129281593593902,0.0454199879152345,0.0558209128118715,0.830793336292589,0.816848207222251,2467,1469,1,0.886374787566528,1.74028926898834,16,TRUE,FALSE,"","",-0.079317642703915,0.0987287099238041,-0.096480829751878,0.122337148470658,Technologique,0.785923753665689,grad_9_all,mse
-0.283172935548509,-0.2818050419185,0.284952922917054,0.32271325707258,0.320342938909824,0.382534104837152,260,255,1,0.502689256805624,1.08727113889358,16,TRUE,FALSE,"","",-0.841680664465936,0.275334793368917,-0.914323025780757,0.350712941943757,Professionnelle,0.361538461538462,grad_9_all,mse
-0.014088531091984,0.01848793127607,0.0111410803295229,0.0342020444508285,0.206030176449092,0.588817463460985,25840,21566,1,1,1,16,TRUE,FALSE,"","",-0.0359250485378489,0.00774798635388085,-0.0485480758475539,0.0855239383996938,Générale,0.832235857527686,grad_9_all,"(15, 17)"
0.0090931505623566,0.0367350324242342,0.0385254807796914,0.120916370991748,0.813409767074078,0.761276240889384,3100,1547,1,1,1,16,TRUE,FALSE,"","",-0.0664167917658385,0.0846030928905517,-0.200261054719593,0.273731119568061,Technologique,0.785923753665689,grad_9_all,"(15, 17)"
-0.0123614606855783,-0.0230371843849321,0.0789846669328563,0.215620131998877,0.875635323772475,0.914914701377967,1352,376,1,1,1,16,TRUE,FALSE,"","",-0.167171407873977,0.14244848650282,-0.445652643102732,0.399578274332868,Professionnelle,0.361538461538462,grad_9_all,"(15, 17)"
-7.89082410234551,-10.1618068586686,8.40067111735761,9.57708909609443,0.347572234240611,0.288665448268304,7679,10232,1,0.638567676983062,1.45477981201148,16,TRUE,FALSE,"","",-24.3561394923664,8.57449128767542,-28.9329014870137,8.60928776967652,Générale,275.879317697228,max_ects_credits,mse
12.6399126901815,16.3496385047007,16.7004160292833,20.1418982654179,0.449132456888806,0.416950695758923,1680,941,1,0.850515368583818,1.71726601497617,16,TRUE,FALSE,"","",-20.0929027272138,45.3727281075768,-23.1284820955183,55.8277591049197,Technologique,237.488798370672,max_ects_credits,mse
-29.3086828459141,-45.7384538638758,75.4041507849879,82.4139298451766,0.697507016409428,0.578905260631222,205,225,1,0.500620404009037,1.17005367294483,16,TRUE,FALSE,"","",-177.10081838449,118.483452692662,-207.269756360422,115.79284863267,Professionnelle,192.307317073171,max_ects_credits,mse
-7.55998284439716,-12.4296626794074,3.99185685003213,12.3394487734927,0.0582447648210543,0.313785337695555,18384,14647,1,1,1,16,TRUE,FALSE,*,"",-15.3840222704601,0.264056581665814,-36.6149822754531,11.7556569166382,Générale,275.879317697228,max_ects_credits,"(15, 17)"
7.28187911904365,39.3455345611701,13.4705365968938,40.3193668089446,0.588798311720277,0.329140272285982,2239,1003,1,1,1,16,TRUE,FALSE,"","",-19.1203726108681,33.6841308489554,-39.6804243843612,118.371493506701,Technologique,237.488798370672,max_ects_credits,"(15, 17)"
9.68949140158361,-25.8694124506098,20.2947160933335,57.6241640120552,0.633049462632473,0.653479693900031,999,350,1,1,1,16,TRUE,FALSE,"","",-30.08815214135,49.4671349445173,-138.812773914238,87.0739490130185,Professionnelle,192.307317073171,max_ects_credits,"(15, 17)"
-0.0246612447332228,-0.0271070221578287,0.0116859218978831,0.0143092723204933,0.0348292549852906,0.0581762311645233,29031,22981,1,1.0402619597516,2.02342053007831,16,TRUE,FALSE,**,*,-0.0475656516530737,-0.00175683781337199,-0.0551531959059955,0.000939151590338128,Générale,0.771474405716786,master_anytime_all,mse
0.0132715180931473,0.0137999685400916,0.0570764745061499,0.0697301711318375,0.816132845598281,0.843119178677606,2831,1892,1,0.758748481868103,1.50966806856121,16,TRUE,FALSE,"","",-0.0985983719389064,0.125141408125201,-0.12287116687831,0.150471103958493,Technologique,0.456928838951311,master_anytime_all,mse
-0.0330519574321347,-0.0304501519867498,0.103530104217422,0.120428754590117,0.749537152073908,0.80038578783212,916,784,1,0.542028750820963,1.13886196444718,16,TRUE,FALSE,"","",-0.235970961698282,0.169867046834013,-0.266490510983379,0.205590207009879,Professionnelle,0.142666666666667,master_anytime_all,mse
-0.0255844022091716,-0.0559687729055707,0.0122809701173697,0.0377001319960303,0.0372279134287014,0.137655742820978,26639,22058,1,1,1,16,TRUE,FALSE,**,"",-0.0496551036392163,-0.00151370077912687,-0.12986103161779,0.0179234858066487,Générale,0.771474405716786,master_anytime_all,"(15, 17)"
0.0138872846051237,0.0308986424182329,0.0383235150220823,0.113913726349666,0.717075701693181,0.786201837069406,4839,2193,1,1,1,16,TRUE,FALSE,"","",-0.0612268048381576,0.0890013740484049,-0.192372261227112,0.254169546063577,Technologique,0.456928838951311,master_anytime_all,"(15, 17)"
0.0141230892707268,0.0374621633989666,0.035816281672351,0.0977465677982148,0.693344529527909,0.701528406519462,3756,1106,1,1,1,16,TRUE,FALSE,"","",-0.0560768228070811,0.0843230013485347,-0.154121109485534,0.229045436283468,Professionnelle,0.142666666666667,master_anytime_all,"(15, 17)"
-0.0208064017814229,-0.0260892653161053,0.0206953073732446,0.0245840530624595,0.314719636144766,0.288586669844153,16658,17999,1,0.767044834262742,1.64116212620416,16,TRUE,FALSE,"","",-0.0613692042329823,0.0197564006701365,-0.0742740093185259,0.0220954786863152,Générale,0.360361674201546,master_select_anytime_all,mse
-0.140416498480205,-0.162505374866418,0.0712040954123807,0.0790858743473683,0.0486063643499849,0.0398986680144653,1846,1657,1,0.632296053845939,1.49282858473283,16,TRUE,FALSE,**,**,-0.279976525488471,-0.000856471471938569,-0.317513688587259,-0.00749706114557577,Technologique,0.249063670411985,master_select_anytime_all,mse
0.473855227958299,0.458284241078028,0.556386717165952,0.55579133226096,0.394399917541936,0.409620477901249,130,551,1,0.345635813365767,0.869121196420042,16,TRUE,FALSE,"","",-0.616662737686967,1.56437319360356,-0.631066770153455,1.54763525230951,Professionnelle,0.0586666666666667,master_select_anytime_all,mse
-0.0158292422309805,-0.0336347134468533,0.0141707100044736,0.0432268680091078,0.263977454234475,0.436511597577282,26639,22058,1,1,1,16,TRUE,FALSE,"","",-0.0436038338397487,0.0119453493777877,-0.118359374744705,0.051089947850998,Générale,0.360361674201546,master_select_anytime_all,"(15, 17)"
-0.0306977054055595,-0.182212251148335,0.0336094013005189,0.0990288181263307,0.361049752993832,0.0657693851107806,4839,2193,1,1,1,16,TRUE,FALSE,"",*,-0.0965721319545765,0.0351767211434575,-0.376308734675943,0.0118842323792732,Technologique,0.249063670411985,master_select_anytime_all,"(15, 17)"
-0.018601831595462,-0.0414844053346262,0.0225773853537432,0.0625147382388741,0.4099882307331,0.506950197207587,3756,1106,1,1,1,16,TRUE,FALSE,"","",-0.0628535068887987,0.0256498436978747,-0.164013292282819,0.0810444816135669,Professionnelle,0.0586666666666667,master_select_anytime_all,"(15, 17)"
0.0362841865988628,0.0207745142659661,0.0802855667027647,0.0961595569380388,0.651312857071252,0.828954917939084,10891,12956,1,0.700443748235113,1.48401044035667,16,TRUE,FALSE,"","",-0.121075524138556,0.193643897336282,-0.16769821733259,0.209247245864522,Générale,13.7489594155518,quality_first_grad_degree,mse
0.126089095601998,0.086514469938038,0.171228258641968,0.206953864290833,0.461499364226338,0.675919721342845,1664,1178,1,0.883420174583356,1.78950356698035,16,TRUE,FALSE,"","",-0.20951829133626,0.461696482540256,-0.319115104071995,0.492144043948071,Technologique,13.069504032218,quality_first_grad_degree,mse
0.265286149872686,0.331079382815311,0.557026325402194,0.667060141509037,0.633893260922173,0.619664328983211,168,164,1,0.598897584025553,1.25317559620096,16,TRUE,FALSE,"","",-0.826485447915615,1.35705774766099,-0.976358494542401,1.63851726017302,Professionnelle,12.4467244701339,quality_first_grad_degree,mse
0.0289464925415786,0.0282264382072484,0.0472978424514241,0.142620523623219,0.540534778582583,0.843113228751043,20228,17349,1,1,1,16,TRUE,FALSE,"","",-0.0637572786632127,0.12165026374637,-0.251309788094262,0.307762664508758,Générale,13.7489594155518,quality_first_grad_degree,"(15, 17)"
0.194193157729821,-0.501348974855617,0.145923509979636,0.43854842591666,0.183258999187913,0.252955170096282,2066,1240,1,1,1,16,TRUE,FALSE,"","",-0.0918169218302651,0.480203237289906,-1.36090388965227,0.358205939941037,Technologique,13.069504032218,quality_first_grad_degree,"(15, 17)"
0.145492406837359,0.186202042441696,0.251843767684906,0.71563361637415,0.563460613515027,0.794715782091427,448,220,1,1,1,16,TRUE,FALSE,"","",-0.348121377825057,0.639106191499776,-1.21643984565164,1.58884393053503,Professionnelle,12.4467244701339,quality_first_grad_degree,"(15, 17)"
