coef,coef_bias,se,robust_se,p_value,robust_p_value,n_cont,n_treat,poly,h_bandwidth,b_bandwidth,threshold,donut,controls,sig,robust_sig,ci_lower,ci_upper,robust_ci_lower,robust_ci_upper,echelon_gp,mean_y,outcome,bandwidth
0.00583760538751355,0.007513719973824,0.0137541327948805,0.0169046899286978,0.671255489951756,0.656698861141417,7501,3133,1,1.35075791048885,2.53550795411268,16,TRUE,FALSE,"","",-0.0211204948904522,0.0327957056654793,-0.0256194722864236,0.0406469122340716,6_7,0.9313824419778,enrol_year_bac_all_0914,mse
-0.0241972475754571,-0.029986828811388,0.0148979313067193,0.0169080825241164,0.104332736387193,0.0761425191986952,6449,4272,1,0.955933962934266,2.15160095855132,16,TRUE,FALSE,"",*,-0.0533971929366268,0.00500269778571274,-0.0631266705586561,0.00315301293588002,4_5,0.944479495268139,enrol_year_bac_all_0914,mse
-0.00194715740757001,-0.00164233202681929,0.0112490359302047,0.0139170415803366,0.862576368421113,0.906060762055082,10151,4966,1,1.34791459095495,2.51522481352521,16,TRUE,FALSE,"","",-0.0239952678307713,0.0201009530156313,-0.0289197335242791,0.0256350694706405,2_3,0.941773865944482,enrol_year_bac_all_0914,mse
0.00294886310797815,0.002103855380164,0.00989907853771484,0.0122044667577208,0.765785069364462,0.863135612508921,11499,5995,1,1.36756610293592,2.57446061520193,16,TRUE,FALSE,"","",-0.0164533308259429,0.0223510570418992,-0.0218168994649688,0.0260246102252968,1,0.940072639225182,enrol_year_bac_all_0914,mse
-0.00779438064141003,-0.0107819914512892,0.00994633365495549,0.0118099095716018,0.433249269154092,0.361262848595744,10979,9607,1,0.975921378023024,2.02071152369045,16,TRUE,FALSE,"","",-0.0272891946051228,0.0117004333223027,-0.0339294142116287,0.0123654313090503,0_0bis,0.951178451178451,enrol_year_bac_all_0914,mse
0.00266274233450181,0.0725866970912152,0.019379673911427,0.0610366771760011,0.890715644986001,0.234348853282556,4242,2565,1,1,1,16,TRUE,FALSE,"","",-0.0353214185318951,0.0406469032008988,-0.0470451901737469,0.192218584356177,6_7,0.9313824419778,enrol_year_bac_all_0914,"(15, 17)"
-0.0218404407450019,-0.057072292569579,0.01408332799086,0.0434632335332233,0.120949353439509,0.189143667811654,6790,4372,1,1,1,16,TRUE,FALSE,"","",-0.0494437636070875,0.00576288211708371,-0.142260230294697,0.0281156451555386,4_5,0.944479495268139,enrol_year_bac_all_0914,"(15, 17)"
-0.0078048461720126,-0.00140661956798693,0.0157925480611404,0.0505564499161645,0.621157386516686,0.977803519513958,5984,4029,1,1,1,16,TRUE,FALSE,"","",-0.0387582403718479,0.0231485480278227,-0.100497261403669,0.0976840222676955,2_3,0.941773865944482,enrol_year_bac_all_0914,"(15, 17)"
0.0137374149471281,0.0483331837308967,0.0139208139250025,0.0411571775403141,0.323728163851351,0.240252409450259,6703,4783,1,1,1,16,TRUE,FALSE,"","",-0.0135473803458769,0.0410222102401331,-0.0323348842481189,0.129001251709912,1,0.940072639225182,enrol_year_bac_all_0914,"(15, 17)"
-0.00735546625551287,-0.00307753833107727,0.00964455797289241,0.0301538607304086,0.445669428245065,0.918708121214632,11515,9608,1,1,1,16,TRUE,FALSE,"","",-0.026258799882382,0.0115478673713563,-0.0621791053626781,0.0560240287005235,0_0bis,0.951178451178451,enrol_year_bac_all_0914,"(15, 17)"
0.00990029604850218,0.0104784767481418,0.0166239783178834,0.0203804955305096,0.551480479388921,0.607152439992349,3323,2370,1,0.878841673806778,1.73968169379053,16,TRUE,FALSE,"","",-0.0226827014545493,0.0424832935515536,-0.0294672944916571,0.0504242479879407,6_7,0.964682139253279,enrol_anytime_all_0914,mse
-0.0196861238446981,-0.0237457928254785,0.0099074861329352,0.0111544316603088,0.0469229684271192,0.0332690396768798,6501,4369,1,0.975587802258417,2.2892510964997,16,TRUE,FALSE,**,**,-0.0391047966652511,-0.00026745102414515,-0.0456084788796837,-0.00188310677127336,4_5,0.975394321766561,enrol_anytime_all_0914,mse
0.00809400696779816,0.00827843359358527,0.0095536882576838,0.0118544694164057,0.39687652088849,0.484965463973667,7828,4534,1,1.15993868043639,2.18255472722203,16,TRUE,FALSE,"","",-0.0106312220172621,0.0268192359528584,-0.0149563264625699,0.0315131936497404,2_3,0.966824644549763,enrol_anytime_all_0914,mse
0.0320410104164131,0.0356616931179334,0.0144431649715345,0.0169266632865876,0.0265261880424033,0.0351318513332961,4054,3921,1,0.755220186403224,1.6623783150831,16,TRUE,FALSE,**,**,0.00373240707220548,0.0603496137606206,0.00248543307622182,0.0688379531596451,1,0.969733656174334,enrol_anytime_all_0914,mse
-0.00521330874007564,-0.00584334321826674,0.00557874121586444,0.0068715427762775,0.350048339690381,0.395120268147725,14233,10609,1,1.12116715626762,2.16921714328744,16,TRUE,FALSE,"","",-0.0161476415231699,0.00572102404301866,-0.0193115670597706,0.00762488062323715,0_0bis,0.979461279461279,enrol_anytime_all_0914,mse
0.00479883931148661,0.0405585595824838,0.0137765762555349,0.0450468817221473,0.72758994037856,0.367926938849639,4242,2565,1,1,1,16,TRUE,FALSE,"","",-0.0222032501493617,0.031800928772335,-0.0477333285929249,0.128850447757892,6_7,0.964682139253279,enrol_anytime_all_0914,"(15, 17)"
-0.0198017042565759,-0.0381257219212636,0.00965727073770786,0.0279759138773368,0.0403210079615251,0.172943900436374,6790,4372,1,1,1,16,TRUE,FALSE,**,"",-0.0387299549024833,-0.000873453610668502,-0.0929585131208438,0.0167070692783165,4_5,0.975394321766561,enrol_anytime_all_0914,"(15, 17)"
0.00751212927835798,0.00704668354444582,0.0115608056845369,0.0383630983819701,0.515826015475072,0.854261439580514,5984,4029,1,1,1,16,TRUE,FALSE,"","",-0.0151470498633344,0.0301713084200503,-0.0681449892842156,0.0822383563731072,2_3,0.966824644549763,enrol_anytime_all_0914,"(15, 17)"
0.0150700278997831,0.065937687166064,0.00977606792070977,0.0291557244923755,0.123189690139632,0.0237240356122566,6703,4783,1,1,1,16,TRUE,FALSE,"",**,-0.00409106522480808,0.0342311210243742,0.00879246716100793,0.12308290717112,1,0.969733656174334,enrol_anytime_all_0914,"(15, 17)"
-0.00415393303956879,0.0184103607599524,0.00641999714353997,0.019881721587629,0.517612296957353,0.354448945199572,11515,9608,1,1,1,16,TRUE,FALSE,"","",-0.0167371274409071,0.00842926136176955,-0.0205578135518004,0.0573785350717052,0_0bis,0.979461279461279,enrol_anytime_all_0914,"(15, 17)"
-0.00296429954921229,-0.0106836115051054,0.032884559652746,0.039924719587878,0.928173900901026,0.789011925255006,4883,2727,1,1.07280160955857,2.06106682725968,16,TRUE,FALSE,"","",-0.0674180364685943,0.0614894373701698,-0.0889360618973464,0.0675688388871355,6_7,0.685166498486377,enrol_2_ontime_all_0914,mse
-0.013872508778676,-0.0144033870588012,0.0206153059078647,0.0255076885573431,0.500996424556512,0.5722992950007,11211,5231,1,1.30612950035334,2.43145350046555,16,TRUE,FALSE,"","",-0.0542785083580907,0.0265334908007388,-0.0643984566311936,0.0355916825135912,4_5,0.709148264984227,enrol_2_ontime_all_0914,mse
-0.0367853664168747,-0.0427947675218372,0.0236708728605666,0.0284814993328598,0.120176052989654,0.132956115466104,7994,4557,1,1.16264808156811,2.32876923119577,16,TRUE,FALSE,"","",-0.0831802772235852,0.00960954438983586,-0.0986185062142425,0.0130289711705681,2_3,0.740013540961408,enrol_2_ontime_all_0914,mse
0.0302150594299715,0.0331385560653839,0.0269027740096802,0.0333036803007585,0.261386282323791,0.31971590461613,6692,4783,1,0.989816361439109,1.91926431841415,16,TRUE,FALSE,"","",-0.0225143776290018,0.0829444964889447,-0.0321366573241027,0.0984137694548704,1,0.727602905569007,enrol_2_ontime_all_0914,mse
-0.0101594498159021,-0.0176864166432074,0.0282215754235759,0.0332545449269577,0.718855542432272,0.594830161938172,7185,7817,1,0.76969209538617,1.66891672179791,16,TRUE,FALSE,"","",-0.0654737376461108,0.0451548380143066,-0.0828653247000445,0.0474924914136298,0_0bis,0.737037037037037,enrol_2_ontime_all_0914,mse
0.000709165090941433,0.0314897660734155,0.0358094984999126,0.110245323019575,0.984199865475529,0.775158782869782,4242,2565,1,1,1,16,TRUE,FALSE,"","",-0.0694774519688873,0.0708957821507702,-0.184591067044951,0.247570599191782,6_7,0.685166498486377,enrol_2_ontime_all_0914,"(15, 17)"
-0.00830598758916157,0.0429783934469938,0.0277280612843708,0.0848390000110642,0.76451913934812,0.612444144092286,6790,4372,1,1,1,16,TRUE,FALSE,"","",-0.0626529877065283,0.0460410125282051,-0.123306046574692,0.20926283346868,4_5,0.709148264984227,enrol_2_ontime_all_0914,"(15, 17)"
-0.0286875301059313,0.0820940190564679,0.0282091368933808,0.0866342846788464,0.309173027573296,0.343336824368327,5984,4029,1,1,1,16,TRUE,FALSE,"","",-0.0839774384169577,0.0266023782050951,-0.0877091789140711,0.251897217027007,2_3,0.740013540961408,enrol_2_ontime_all_0914,"(15, 17)"
0.0291592826248697,0.17912603364428,0.0265804633312402,0.0818916335743321,0.272632933176287,0.0287166546229021,6703,4783,1,1,1,16,TRUE,FALSE,"",**,-0.0229384255043611,0.0812569907541004,0.0186184318385892,0.339633635449971,1,0.727602905569007,enrol_2_ontime_all_0914,"(15, 17)"
-0.0147842912638905,-0.00538130083050925,0.019451891932839,0.0595486334075964,0.447228361005011,0.927994652457853,11515,9608,1,1,1,16,TRUE,FALSE,"","",-0.0529099994522549,0.0233414169244739,-0.122096622309398,0.11133402064838,0_0bis,0.737037037037037,enrol_2_ontime_all_0914,"(15, 17)"
0.0211752331538615,0.0274471821728111,0.0412956026254168,0.0491812274888152,0.608110743577311,0.576788052979715,2315,2067,1,0.73666697609211,1.53525239301343,16,TRUE,FALSE,"","",-0.0597641479919554,0.102114614299678,-0.0689480237052668,0.123842388050889,6_7,0.874873864783048,enrol_2_anytime_all_0914,mse
-0.0318538725167028,-0.0399743237997745,0.02458365304174,0.028246782508528,0.195067179434912,0.157015289754891,4875,3809,1,0.828281267825504,1.84880893056302,16,TRUE,FALSE,"","",-0.0800378324785132,0.0163300874451076,-0.0953380175164893,0.0153893699169403,4_5,0.894637223974763,enrol_2_anytime_all_0914,mse
-0.0183681760625349,-0.0283428727789197,0.0296784132558586,0.0336007818826687,0.53597766344517,0.398938662611432,3407,3249,1,0.73858504701611,1.71650055450752,16,TRUE,FALSE,"","",-0.0765378660440178,0.0398015139189479,-0.0942004052689504,0.037514659711111,2_3,0.909275558564658,enrol_2_anytime_all_0914,mse
0.0096888438404612,0.0149577972769333,0.0263954618298458,0.0312998424097947,0.713570713346572,0.632730418826608,3806,3869,1,0.734605502312612,1.57442460105482,16,TRUE,FALSE,"","",-0.0420462613460366,0.061423949026959,-0.0463898938462644,0.0763054884001309,1,0.906779661016949,enrol_2_anytime_all_0914,mse
-0.0238020639385002,-0.0281236577844255,0.015007443604722,0.0177899642015101,0.11273540405224,0.11390728838524,8925,8518,1,0.850514638227521,1.82182166900571,16,TRUE,FALSE,"","",-0.0532166534037554,0.00561252552675505,-0.0629919876193853,0.00674467205053427,0_0bis,0.917508417508417,enrol_2_anytime_all_0914,mse
0.0136168630435294,0.0564065220263954,0.0253054633896874,0.0800373971097847,0.590508198148925,0.480964535258268,4242,2565,1,1,1,16,TRUE,FALSE,"","",-0.0359818452002579,0.0632155712873167,-0.100466776308783,0.213279820361573,6_7,0.874873864783048,enrol_2_anytime_all_0914,"(15, 17)"
-0.0258006339952965,-0.0540610969918389,0.0189279187341258,0.0585432115911643,0.172851197090131,0.355778366770962,6790,4372,1,1,1,16,TRUE,FALSE,"","",-0.0628993547141831,0.01129808672359,-0.168805791710521,0.060683597726843,4_5,0.894637223974763,enrol_2_anytime_all_0914,"(15, 17)"
-0.0295992077182494,-0.0167771930051592,0.0188555422622901,0.058380502276839,0.116464394059447,0.773823940258545,5984,4029,1,1,1,16,TRUE,FALSE,"","",-0.066556070552338,0.00735765511583917,-0.131202977467764,0.0976485914574452,2_3,0.909275558564658,enrol_2_anytime_all_0914,"(15, 17)"
0.00118103937537084,0.0237308196106394,0.0169415374934574,0.0513106915171159,0.944422377657142,0.643728045149831,6703,4783,1,1,1,16,TRUE,FALSE,"","",-0.0320243741118056,0.0343864528625472,-0.0768381357629078,0.124299774984187,1,0.906779661016949,enrol_2_anytime_all_0914,"(15, 17)"
-0.0204248052229392,-0.0515108829869382,0.0121192217247819,0.0377660720771594,0.0919262370304149,0.172584561382479,11515,9608,1,1,1,16,TRUE,FALSE,*,"",-0.0441784798035117,0.00332886935763327,-0.125532384258171,0.0225106182842942,0_0bis,0.917508417508417,enrol_2_anytime_all_0914,"(15, 17)"
0.00167099490535105,-0.000278326745818402,0.0299732685145591,0.0370778259551829,0.955541360912734,0.994010691779464,6684,3036,1,1.27644930938572,2.37044145557273,16,TRUE,FALSE,"","",-0.0570766113831848,0.0604186011938869,-0.0729508656179769,0.0723942121263401,6_7,0.487386478304743,enrol_3_ontime_all_0914,mse
-0.0219292415662331,-0.0304070607462092,0.0284794156512432,0.0338934548051886,0.441297986552865,0.36964600024859,7796,4590,1,1.06159192683054,2.12154162072152,16,TRUE,FALSE,"","",-0.0777488962426698,0.0338904131102036,-0.0968382321643789,0.0360241106719604,4_5,0.526182965299685,enrol_3_ontime_all_0914,mse
-0.0269600181721807,-0.0353726322392036,0.0268296495342361,0.0317524306275857,0.314964688732975,0.265273451047577,7828,4534,1,1.15732385278287,2.39595276540243,16,TRUE,FALSE,"","",-0.0795461312592835,0.0256260949149221,-0.0976073962692715,0.0268621317908643,2_3,0.568720379146919,enrol_3_ontime_all_0914,mse
0.0827753020758022,0.0927799040703936,0.0311313862076794,0.0368911447627083,0.00783957850132173,0.0119044510719289,6364,4693,1,0.957839096580818,1.99345978800136,16,TRUE,FALSE,***,**,0.0217577851087506,0.143792819042854,0.0204732603354854,0.165086547805302,1,0.558111380145279,enrol_3_ontime_all_0914,mse
0.00535888648667782,-0.00140651237182143,0.030136942650952,0.0363598922552143,0.858866024860638,0.96914306897785,7885,8038,1,0.792743927319512,1.65076272710113,16,TRUE,FALSE,"","",-0.0537095211091882,0.0644272940825438,-0.0726719011920414,0.0698588764483986,0_0bis,0.608080808080808,enrol_3_ontime_all_0914,mse
0.0221022322742097,0.0480094653440912,0.0391062170784504,0.11858960859885,0.571948199525003,0.685597305000388,4242,2565,1,1,1,16,TRUE,FALSE,"","",-0.0545459531995532,0.0987504177479726,-0.184426167509654,0.280445098197837,6_7,0.487386478304743,enrol_3_ontime_all_0914,"(15, 17)"
-0.0237631822431679,-0.000666549509727776,0.0306666072835035,0.0930249010003593,0.438405915665599,0.994282982230136,6790,4372,1,1,1,16,TRUE,FALSE,"","",-0.0838697325188348,0.0363433680324991,-0.182995355470432,0.181662256450976,4_5,0.526182965299685,enrol_3_ontime_all_0914,"(15, 17)"
-0.0374639224967326,0.0969100898554791,0.0318037173762427,0.0970942185300387,0.238807343686309,0.318229120631388,5984,4029,1,1,1,16,TRUE,FALSE,"","",-0.0997992085541682,0.0248713635607031,-0.0933945784633968,0.287214758174355,2_3,0.568720379146919,enrol_3_ontime_all_0914,"(15, 17)"
0.0772085832359923,0.249734900987444,0.0295365693343321,0.0903737560512977,0.00894891163700288,0.00572102525641293,6703,4783,1,1,1,16,TRUE,FALSE,***,***,0.0193169073407013,0.135100259131283,0.0726023391269007,0.426867462847988,1,0.558111380145279,enrol_3_ontime_all_0914,"(15, 17)"
-0.00388676613085948,0.00990967099507345,0.0217743111419885,0.0667228662672224,0.858328460568805,0.881932510933007,11515,9608,1,1,1,16,TRUE,FALSE,"","",-0.0465644159691569,0.0387908837074379,-0.120867146888683,0.140686488878829,0_0bis,0.608080808080808,enrol_3_ontime_all_0914,"(15, 17)"
0.0178859988542488,0.0195954730156542,0.0233577117726393,0.0288376033760731,0.443829374379528,0.496814045621531,7501,3133,1,1.35795755588782,2.52284877914846,16,TRUE,FALSE,"","",-0.0278951162201242,0.0636671139286218,-0.036926229601449,0.0761171756327574,6_7,0.747729566094854,enrol_3_anytime_all_0914,mse
-0.0338432689571375,-0.0399241055264654,0.0329809813144413,0.0395580769301919,0.304823243316139,0.312853342142188,4684,3802,1,0.817252339963235,1.69366115101427,16,TRUE,FALSE,"","",-0.0984859923334425,0.0307994544191674,-0.117457936309642,0.0376097252567107,4_5,0.784227129337539,enrol_3_anytime_all_0914,mse
-0.0341751450094394,-0.0395724037529086,0.0214654110921913,0.0257562183435418,0.111361567189041,0.124435073836986,7454,4417,1,1.12939430753737,2.27902891223821,16,TRUE,FALSE,"","",-0.0762473507501343,0.00789706073125544,-0.0900545917062506,0.0109097842004334,2_3,0.817874069058903,enrol_3_anytime_all_0914,mse
-0.00825424284513243,-0.0135778737508054,0.0168007481681481,0.0198432178413363,0.623212795278592,0.493812479721564,10424,5769,1,1.28729511439959,2.64472033182308,16,TRUE,FALSE,"","",-0.0411837092547026,0.0246752235644378,-0.0524705807198246,0.0253148332182137,1,0.828087167070218,enrol_3_anytime_all_0914,mse
-0.0170713590755036,-0.0174973430012519,0.0187092028102143,0.0231137462943568,0.36152774535174,0.449043717996757,8925,8518,1,0.858957727506039,1.72323836158272,16,TRUE,FALSE,"","",-0.0537413965835236,0.0195986784325164,-0.0628002857381912,0.0278055997356873,0_0bis,0.853198653198653,enrol_3_anytime_all_0914,mse
0.0286048192835338,0.0478710555862594,0.0326470498195482,0.102036911076971,0.38093007007943,0.638959348534194,4242,2565,1,1,1,16,TRUE,FALSE,"","",-0.0353833983627807,0.0925930369298482,-0.152121290124603,0.247863401297122,6_7,0.747729566094854,enrol_3_anytime_all_0914,"(15, 17)"
-0.0254949326540612,-0.0707461729423942,0.0247478523566856,0.0764795014200039,0.302921910990374,0.354947991963976,6790,4372,1,1,1,16,TRUE,FALSE,"","",-0.074000723273165,0.0230108579650425,-0.220645995725602,0.0791536498408134,4_5,0.784227129337539,enrol_3_anytime_all_0914,"(15, 17)"
-0.0451644268123035,0.0374903462898275,0.0249380499021635,0.0771550596102817,0.0701308062939587,0.62703160957272,5984,4029,1,1,1,16,TRUE,FALSE,*,"",-0.0940430046205439,0.00371415099593696,-0.113733570546325,0.18871426312598,2_3,0.817874069058903,enrol_3_anytime_all_0914,"(15, 17)"
-0.00418133827414779,0.0643090869904941,0.0223473457528902,0.0688640723930032,0.851576969597196,0.350378479303268,6703,4783,1,1,1,16,TRUE,FALSE,"","",-0.0479821359498127,0.0396194594015171,-0.0706644948997922,0.19928266888078,1,0.828087167070218,enrol_3_anytime_all_0914,"(15, 17)"
-0.0137202701117465,-0.0601404609568297,0.0153337789334446,0.0470503515723995,0.370907793088056,0.201173659921639,11515,9608,1,1,1,16,TRUE,FALSE,"","",-0.0437744768212979,0.0163339365978049,-0.152359150038733,0.0320782281250734,0_0bis,0.853198653198653,enrol_3_anytime_all_0914,"(15, 17)"
0.278152910597552,0.315982477453311,0.120165286244483,0.142810738422444,0.020626474493584,0.0269255067741839,4737,2590,1,1.09964568549331,2.21931455794014,16,TRUE,FALSE,**,**,0.0426289495583647,0.513676871636738,0.0360734301453209,0.5958915247613,6_7,12.9694904608623,quality,mse
0.155002984776587,0.150628192080518,0.109770364723978,0.136744036989358,0.157930569110472,0.270664359669587,5681,3986,1,0.938200838177061,1.78543282916859,16,TRUE,FALSE,"","",-0.0601469300824092,0.370152899635583,-0.117390120418625,0.418646504579661,4_5,13.1074487383064,quality,mse
-0.276948122087951,-0.344381818736792,0.198606180547488,0.223002362797454,0.163179124022064,0.12251646539056,2685,2831,1,0.670969954825736,1.5843451270325,16,TRUE,FALSE,"","",-0.666216235961028,0.112319991785125,-0.781466449819802,0.0927028123462172,2_3,13.2573639464415,quality,mse
0.00357687723293054,-0.0280387554749453,0.095462463144793,0.113221337976242,0.970111105630254,0.804408698863264,6850,4738,1,1.04755102781569,2.12449971907945,16,TRUE,FALSE,"","",-0.183529550530864,0.190683304996725,-0.249952577908379,0.193875066958489,1,13.3554178325441,quality,mse
-0.0930533363149735,-0.129973685063185,0.0873522037582816,0.0984728549194125,0.286755555360176,0.186870564754332,8927,8427,1,0.885694253637482,2.05222347348306,16,TRUE,FALSE,"","",-0.264263655681205,0.0781569830512585,-0.322980480705233,0.063033110578864,0_0bis,13.4380720068776,quality,mse
0.29210566966033,0.48562088127655,0.134825919524615,0.405414210310427,0.0302699908497154,0.230979769239911,3949,2427,1,1,1,16,TRUE,FALSE,**,"",0.0278468673920854,0.556364471928575,-0.308990970931887,1.28023273348499,6_7,12.9694904608623,quality,"(15, 17)"
0.135127577414345,0.591944918565769,0.101595613044457,0.297704917582963,0.183500720336052,0.0467717524878295,6311,4169,1,1,1,16,TRUE,FALSE,"",**,-0.0639998241527911,0.33425497898148,0.0084432801031622,1.17544655702838,4_5,13.1074487383064,quality,"(15, 17)"
-0.188495774144961,-0.469898749624385,0.107451042930476,0.320907233435875,0.0793880264900033,0.143116858738707,5563,3826,1,1,1,16,TRUE,FALSE,*,"",-0.399099818288695,0.0221082699987726,-1.0988769271587,0.159079427909931,2_3,13.2573639464415,quality,"(15, 17)"
-0.00326640475891082,-0.196918021391014,0.10085592609965,0.302469078491121,0.974163557005901,0.51502375532735,6289,4563,1,1,1,16,TRUE,FALSE,"","",-0.200944019914225,0.194411210396403,-0.789757415233611,0.395921372451584,1,13.3554178325441,quality,"(15, 17)"
-0.0665302188631429,-0.449347004394042,0.0747832932274751,0.224448478376281,0.373659149834402,0.0452841801468933,10892,9228,1,1,1,16,TRUE,FALSE,"",**,-0.213105473588994,0.0800450358627082,-0.889266022011553,-0.00942798677653067,0_0bis,13.4380720068776,quality,"(15, 17)"
0.221142660304601,0.261233547182101,0.139037515584284,0.166601375957654,0.111716489363525,0.116877504752098,3774,2399,1,0.990372647363354,1.99018272287914,16,TRUE,FALSE,"","",-0.0513708702405968,0.493656190849798,-0.0653051496949007,0.587772244059103,6_7,13.0625750006592,quality_bacyear_plus1,mse
0.132351757020096,0.106700587090366,0.106682965048142,0.129783729868406,0.21475053587733,0.410996382934084,5754,3951,1,0.958834381562837,1.89042606214452,16,TRUE,FALSE,"","",-0.0767468544742611,0.341450368514454,-0.14767552345171,0.361076697632442,4_5,13.154886650725,quality_bacyear_plus1,mse
-0.229573702758692,-0.294959779241047,0.216012081059771,0.244337441428733,0.287880926645438,0.227362032520826,2389,2676,1,0.640893253606918,1.478907868976,16,TRUE,FALSE,"","",-0.652957381635843,0.193809976118458,-0.773861164441364,0.18394160595927,2_3,13.2925644007209,quality_bacyear_plus1,mse
0.0546793243503387,0.0435001506389554,0.103012059624432,0.128198183997466,0.595553860765407,0.734369013454253,6074,4501,1,0.983196503958283,1.87812491140075,16,TRUE,FALSE,"","",-0.147224312513548,0.256582961214226,-0.207768289996078,0.294768591273989,1,13.3665535601529,quality_bacyear_plus1,mse
-0.107660557714681,-0.153345424455203,0.134421167398238,0.152547233407349,0.423178149015005,0.314784948107884,5249,6683,1,0.683012420286107,1.58673888451286,16,TRUE,FALSE,"","",-0.371126045815228,0.155804930385866,-0.452338001933607,0.145647153023201,0_0bis,13.491133064178,quality_bacyear_plus1,mse
0.222097528652185,0.244789034971994,0.137358913185944,0.41719260688893,0.105896879130764,0.55736957238003,3774,2399,1,1,1,16,TRUE,FALSE,"","",-0.0471259411922644,0.491320998496634,-0.572908474530309,1.0624865444743,6_7,13.0625750006592,quality_bacyear_plus1,"(15, 17)"
0.11225867659914,0.606489885243974,0.101522699046876,0.295289737109699,0.268834946083166,0.0399872419369786,6045,4046,1,1,1,16,TRUE,FALSE,"",**,-0.0867258135327361,0.311243166731016,0.0277220005089638,1.18525776997898,4_5,13.154886650725,quality_bacyear_plus1,"(15, 17)"
-0.172632675618509,-0.367510074228463,0.106768363610904,0.315739314040092,0.105902075536135,0.244437472611658,5357,3772,1,1,1,16,TRUE,FALSE,"","",-0.38189866829588,0.0366333170588622,-0.986359129747043,0.251338981290118,2_3,13.2925644007209,quality_bacyear_plus1,"(15, 17)"
0.0550134237464519,-0.09013660552678,0.100995742220287,0.303112172766716,0.585952761290012,0.766183695493919,6082,4501,1,1,1,16,TRUE,FALSE,"","",-0.14293823100531,0.252965078498214,-0.684236464149543,0.503963253095983,1,13.3665535601529,quality_bacyear_plus1,"(15, 17)"
-0.0145842504759415,-0.222844606510854,0.0750516994282345,0.226018672374108,0.845923195645931,0.324154400060183,10582,9062,1,1,1,16,TRUE,FALSE,"","",-0.161685581355281,0.132517080403398,-0.665841204364106,0.220151991342397,0_0bis,13.491133064178,quality_bacyear_plus1,"(15, 17)"
0.177151656882351,0.192635517501266,0.231904687627784,0.281159405867113,0.444927695778364,0.493251177770248,1726,1743,1,0.728223095383094,1.4818019060105,16,TRUE,FALSE,"","",-0.277381530868106,0.631684844632809,-0.358436917998275,0.743707953000807,6_7,13.1833226102487,quality_bacyear_plus2,mse
0.02890993206492,0.00283993817737738,0.0848457601487663,0.101115902584556,0.733302981194023,0.977593584208262,7050,4265,1,1.17784847876807,2.39797709015636,16,TRUE,FALSE,"","",-0.137387757826662,0.195207621956502,-0.195347230888352,0.201027107243107,4_5,13.2267871101531,quality_bacyear_plus2,mse
-0.747387289258839,-0.841551974906224,0.464020245168567,0.494223328239706,0.107249881462331,0.0886098621682986,904,1825,1,0.468620758092728,1.1701266886315,16,TRUE,FALSE,"",*,-1.65686696978923,0.162092391271552,-1.81022969825605,0.127125748443599,2_3,13.381806393509,quality_bacyear_plus2,mse
0.0403350605536161,0.0484291857189234,0.121508860837946,0.151002678719406,0.739925807544354,0.748424563999716,4057,3841,1,0.849474637709461,1.66776071784676,16,TRUE,FALSE,"","",-0.197822306688758,0.27849242779599,-0.247536064571112,0.344394436008959,1,13.3927315179979,quality_bacyear_plus2,mse
-0.103610486464909,-0.140329131963611,0.149149898618302,0.172173085075509,0.48725992058704,0.4150454889142,4103,5987,1,0.633903980873195,1.41530031907239,16,TRUE,FALSE,"","",-0.395944287756781,0.188723314826963,-0.477788378711609,0.197130114784387,0_0bis,13.519470201181,quality_bacyear_plus2,mse
0.155390401274971,0.155281837948571,0.140133020451022,0.435406674456106,0.267482883976383,0.721364077030585,3210,2212,1,1,1,16,TRUE,FALSE,"","",-0.119270318809031,0.430051121358973,-0.698115243985397,1.00867891988254,6_7,13.1833226102487,quality_bacyear_plus2,"(15, 17)"
0.108695461037108,0.568843249114813,0.101674016113526,0.299944649449675,0.28504335488134,0.057894743341116,5215,3799,1,1,1,16,TRUE,FALSE,"",*,-0.0905856105454036,0.30797653261962,-0.0190482638065494,1.15673476203618,4_5,13.2267871101531,quality_bacyear_plus2,"(15, 17)"
-0.228156443466098,-0.516573920962003,0.103061310404674,0.306347231325323,0.0268429978474151,0.0917502324696317,4712,3530,1,1,1,16,TRUE,FALSE,**,*,-0.43015661185926,-0.0261562750729362,-1.11701449435964,0.0838666524356297,2_3,13.381806393509,quality_bacyear_plus2,"(15, 17)"
0.0625852719776248,-0.0459818655907327,0.0977208758283177,0.296386440443957,0.521880504137245,0.876709689790444,5451,4288,1,1,1,16,TRUE,FALSE,"","",-0.128947644645878,0.254118188601127,-0.626899288860889,0.534935557679424,1,13.3927315179979,quality_bacyear_plus2,"(15, 17)"
0.00692892171519333,-0.213334016723074,0.0720576911017307,0.216353363401951,0.923395106571407,0.324111338419893,9702,8692,1,1,1,16,TRUE,FALSE,"","",-0.134304152844199,0.148161996274585,-0.637386608990899,0.21071857554475,0_0bis,13.519470201181,quality_bacyear_plus2,"(15, 17)"
0.221752858697476,0.242121018066623,0.239531961297251,0.296104157604843,0.354562580723973,0.413534975326019,3567,2427,1,0.900273118061042,1.74943996661071,16,TRUE,FALSE,"","",-0.247729785445137,0.691235502840089,-0.338243130838869,0.822485166972115,6_7,5.26034308779011,tot_enrol_yrs,mse
-0.199111734840322,-0.249504535347041,0.253624278559165,0.300342853129115,0.432415018733872,0.406124825905558,3820,3503,1,0.731323456080972,1.55147102759388,16,TRUE,FALSE,"","",-0.696215320816285,0.29799185113564,-0.838176527480107,0.339167456786024,4_5,5.28895899053628,tot_enrol_yrs,mse
-0.383324237234888,-0.456295812444802,0.203102537021777,0.233325906623264,0.0591141496555292,0.0505104388578824,4629,3710,1,0.862644879158765,1.93082805747109,16,TRUE,FALSE,*,*,-0.78140520979757,0.0147567353277948,-0.9136145894264,0.0010229645367959,2_3,5.4739336492891,tot_enrol_yrs,mse
0.293334981375978,0.347334648432312,0.297059417009173,0.348614227805899,0.323416045637392,0.319090062163935,2984,3511,1,0.654848483356405,1.41631905388647,16,TRUE,FALSE,"","",-0.288901475962002,0.875571438713957,-0.33594923806725,1.03061853493187,1,5.48305084745763,tot_enrol_yrs,mse
0.0943504617197046,0.100743651849765,0.0809192005254032,0.100080901176023,0.243621071344276,0.31411638634653,19312,12092,1,1.35671223845702,2.53787531156715,16,TRUE,FALSE,"","",-0.0642511713100857,0.252952094749495,-0.0954149144552407,0.29690221815477,0_0bis,5.63164983164983,tot_enrol_yrs,mse
0.22216484276233,0.393177367005269,0.209042770627669,0.620958328687484,0.287885274871915,0.526617185208788,4242,2565,1,1,1,16,TRUE,FALSE,"","",-0.1875589876679,0.631888673192561,-0.8239009572222,1.61025569123274,6_7,5.26034308779011,tot_enrol_yrs,"(15, 17)"
-0.0677350540936015,-0.324051263092681,0.159626230028306,0.483196665537296,0.671321253482135,0.502449562724149,6790,4372,1,1,1,16,TRUE,FALSE,"","",-0.380602464949082,0.245132356761879,-1.27111672754578,0.62301420136042,4_5,5.28895899053628,tot_enrol_yrs,"(15, 17)"
-0.325505074842676,-0.232886142217915,0.166804016183784,0.508016930169841,0.0510068323406697,0.646649281826901,5984,4029,1,1,1,16,TRUE,FALSE,*,"",-0.652440946562892,0.00143079687754094,-1.2285993253508,0.762827040914974,2_3,5.4739336492891,tot_enrol_yrs,"(15, 17)"
0.161032160581327,0.491601862491052,0.152944388157922,0.459750762252677,0.292395774189185,0.284943943696255,6703,4783,1,1,1,16,TRUE,FALSE,"","",-0.138738840208201,0.460803161370854,-0.409509631524194,1.3927133565063,1,5.48305084745763,tot_enrol_yrs,"(15, 17)"
0.0991647960149287,0.207602206337739,0.112175467632835,0.342336932728768,0.376688115610038,0.544231540071606,11515,9608,1,1,1,16,TRUE,FALSE,"","",-0.120699120545428,0.319028712575285,-0.463378181810645,0.878582594486124,0_0bis,5.63164983164983,tot_enrol_yrs,"(15, 17)"
0.105785686151998,0.0930638668238117,0.119429385110349,0.147964242492001,0.375747256794553,0.529374018617643,4473,2665,1,1.02629708071239,1.95938834333402,16,TRUE,FALSE,"","",-0.128295908664285,0.339867280968282,-0.19694604846051,0.383073782108133,6_7,4.02825428859738,max_enrol_degetu,mse
-0.076852621770735,-0.105939228480562,0.0871363467550916,0.101973386708892,0.377786960901491,0.298855456320693,7796,4590,1,1.06320621681657,2.23867172556435,16,TRUE,FALSE,"","",-0.247639861410715,0.0939346178692444,-0.305807066429989,0.0939286094688658,4_5,4.16782334384858,max_enrol_degetu,mse
-0.240705285557459,-0.29158695901841,0.129411404477583,0.143196053464804,0.0628854459027743,0.0417224577278492,4159,3538,1,0.814343410105988,1.98738271590076,16,TRUE,FALSE,*,**,-0.494351638333522,0.0129410672186047,-0.572251223809426,-0.0109226942273941,2_3,4.30941096817874,max_enrol_degetu,mse
0.205003651139341,0.219504368336919,0.138944207638502,0.167296830069339,0.140094656582421,0.189498097122394,3684,3791,1,0.729662464996207,1.52123042285236,16,TRUE,FALSE,"","",-0.067326995832123,0.477334298110805,-0.108397418598986,0.547406155272824,1,4.35169491525424,max_enrol_degetu,mse
-0.0281574265517666,-0.0342508000383592,0.0664640068642094,0.0822677255291236,0.671821633104293,0.677166071796285,10469,9368,1,0.940148836454049,1.85794836544448,16,TRUE,FALSE,"","",-0.158426880005617,0.102112026902084,-0.195495542075442,0.126993941998723,0_0bis,4.48821548821549,max_enrol_degetu,mse
0.104165897842591,0.145150291460393,0.123623357412878,0.384068702723504,0.399448313226967,0.705484130176634,4242,2565,1,1,1,16,TRUE,FALSE,"","",-0.138135882686648,0.346467678371831,-0.607624365877675,0.897924948798461,6_7,4.02825428859738,max_enrol_degetu,"(15, 17)"
-0.0770751564906664,-0.189773039921075,0.0939015602605127,0.285117986431534,0.411755613019347,0.505670151741071,6790,4372,1,1,1,16,TRUE,FALSE,"","",-0.261122214601271,0.106971901619939,-0.748604293326883,0.369058213484732,4_5,4.16782334384858,max_enrol_degetu,"(15, 17)"
-0.239716095244253,-0.16260725618204,0.0968303834742647,0.298637021103941,0.0133001743421116,0.586098834764071,5984,4029,1,1,1,16,TRUE,FALSE,**,"",-0.429503646853812,-0.0499285436346942,-0.747935817545765,0.422721305181684,2_3,4.30941096817874,max_enrol_degetu,"(15, 17)"
0.05608367134327,0.509518045022086,0.0871650540831904,0.264768645981791,0.519952113615081,0.0543057593576335,6703,4783,1,1,1,16,TRUE,FALSE,"",*,-0.114759834659783,0.226927177346323,-0.0094285011022246,1.0284645911464,1,4.35169491525424,max_enrol_degetu,"(15, 17)"
-0.0283691923180811,-0.0776267509369291,0.0615542666309062,0.189698084739682,0.644883979824281,0.682384018043912,11515,9608,1,1,1,16,TRUE,FALSE,"","",-0.149015554914657,0.092277170278495,-0.449434997026705,0.294181495152847,0_0bis,4.48821548821549,max_enrol_degetu,"(15, 17)"
-0.040941993111687,-0.061655485592746,0.0506886460028023,0.0564695581586484,0.419254514265494,0.274905277352332,2565,2111,1,0.865589606027344,2.03939873115971,16,TRUE,FALSE,"","",-0.14029173927718,0.0584077530538055,-0.172335819583697,0.0490248483982047,6_7,0.61840490797546,grad_5_all,mse
-0.0258298774524397,-0.0245343195342067,0.0417704859444566,0.0514059588944866,0.536327333994391,0.633172674922738,4028,3428,1,0.827662333982027,1.65243759011838,16,TRUE,FALSE,"","",-0.107700029903575,0.0560402749986953,-0.125289998967401,0.0762213598989871,4_5,0.62630014858841,grad_5_all,mse
-0.0110188746720583,-0.0135084863074069,0.0285324089327185,0.0353669953344124,0.699357421348906,0.702497142555729,6352,4057,1,1.1290006118869,2.1035698988659,16,TRUE,FALSE,"","",-0.0669423961801865,0.0449046468360699,-0.0828277971628552,0.0558108245480414,2_3,0.645638629283489,grad_5_all,mse
-0.00427266766779155,-0.00681746942043282,0.0324057485489954,0.0403053279933417,0.895103676513764,0.865682107604098,5533,4352,1,0.955572463535166,1.85674553957746,16,TRUE,FALSE,"","",-0.0677879348238225,0.0592425994882394,-0.0858159122873825,0.0721809734465168,1,0.641586867305062,grad_5_all,mse
-0.044848046082373,-0.0544648689089275,0.04403219154841,0.0520202369435887,0.308426819890299,0.295102407978497,4777,6477,1,0.6505285324622,1.39760415077224,16,TRUE,FALSE,"","",-0.131151141517257,0.0414550493525105,-0.156424533318361,0.0474947955005063,0_0bis,0.64078027235922,grad_5_all,mse
-0.0618988740797419,0.00943068164269234,0.0415751476036042,0.12710910570935,0.136528674399716,0.940856341423912,3397,2295,1,1,1,16,TRUE,FALSE,"","",-0.143386163382806,0.0195884152233223,-0.239703165547633,0.258564528833018,6_7,0.61840490797546,grad_5_all,"(15, 17)"
-0.0244012339605932,-0.00667494818350356,0.0321556842967169,0.0983408439915662,0.447944283778348,0.945884626766189,5546,3954,1,1,1,16,TRUE,FALSE,"","",-0.0874263751821584,0.0386239072609719,-0.199423002406973,0.186073106039966,4_5,0.62630014858841,grad_5_all,"(15, 17)"
-0.019500137736657,0.0108940427698625,0.0329505141748931,0.100465183869421,0.553984046631006,0.913649844888914,5120,3684,1,1,1,16,TRUE,FALSE,"","",-0.0840831455194475,0.0450828700461334,-0.186017717614203,0.207805803153928,2_3,0.645638629283489,grad_5_all,"(15, 17)"
-0.00710679832434447,0.056586263886095,0.0306448863990651,0.0939174727783166,0.816609369185111,0.546834373142616,5819,4439,1,1,1,16,TRUE,FALSE,"","",-0.0671707756665121,0.0529571790178231,-0.127491982759406,0.240664510531596,1,0.641586867305062,grad_5_all,"(15, 17)"
-0.0226348002829733,-0.0446330327838567,0.0221964276735054,0.067637737661587,0.30784718796173,0.509328539174547,10410,9117,1,1,1,16,TRUE,FALSE,"","",-0.0661397985230439,0.0208701979570973,-0.177202998600567,0.0879369330328539,0_0bis,0.64078027235922,grad_5_all,"(15, 17)"
-0.0219378523808129,-0.0269958489418305,0.029774596164661,0.0363850323065547,0.461245414612614,0.458118059422503,4820,2628,1,1.20239116876167,2.3326833066758,16,TRUE,FALSE,"","",-0.0802960608635485,0.0364203561019226,-0.0983105122626777,0.0443188143790167,6_7,0.741104294478528,grad_7_all,mse
-0.0236917048716365,-0.0242564744746145,0.0395499532533633,0.048394658016368,0.54915125435427,0.616214788208822,3580,3320,1,0.785142534606869,1.59041403463308,16,TRUE,FALSE,"","",-0.101209613248229,0.0538262035049556,-0.119110004186696,0.0705970552374667,4_5,0.768945022288262,grad_7_all,mse
-0.00810344209158931,-0.0123506674548788,0.0268039229263697,0.0329190236922465,0.762405855219942,0.707524160259114,5638,3906,1,1.05092509947743,2.0175256341545,16,TRUE,FALSE,"","",-0.0606391310272739,0.0444322468440953,-0.0768719538916819,0.0521706189819243,2_3,0.788940809968847,grad_7_all,mse
0.00472724498248844,0.000666336513514665,0.0243743976319284,0.0300369112374354,0.846220475751089,0.982301242356167,6361,4701,1,1.0592005648944,2.02473126147421,16,TRUE,FALSE,"","",-0.0430465743760911,0.052501064341068,-0.0582060095118588,0.0595386825388881,1,0.788645690834473,grad_7_all,mse
-0.0369485469357431,-0.0417742965919823,0.0236219235698126,0.0288571496131625,0.117779213440729,0.147722291157996,7661,7892,1,0.832790698670548,1.70131704787986,16,TRUE,FALSE,"","",-0.0832475171325758,0.00935042326108959,-0.0983343098337807,0.0147857166498162,0_0bis,0.799411115200589,grad_7_all,mse
-0.0131736830180218,0.0695767957066698,0.0364750217115162,0.111825287757189,0.717972378939418,0.5338156477598,3397,2295,1,1,1,16,TRUE,FALSE,"","",-0.0846647255725935,0.0583173595365499,-0.14960076829742,0.28875435971076,6_7,0.741104294478528,grad_7_all,"(15, 17)"
-0.0204398477643837,-0.0395337371436035,0.0279418984994371,0.0861366498753345,0.464466177963592,0.646259053091235,5546,3954,1,1,1,16,TRUE,FALSE,"","",-0.0752059688232803,0.034326273294513,-0.208361570899259,0.129294096612052,4_5,0.768945022288262,grad_7_all,"(15, 17)"
-0.00993442571379166,0.042087447634338,0.0285534178865383,0.0887897115488654,0.72789709361208,0.635490877099489,5120,3684,1,1,1,16,TRUE,FALSE,"","",-0.0658991247714067,0.0460302733438234,-0.131940387001438,0.216115282270114,2_3,0.788940809968847,grad_7_all,"(15, 17)"
0.0062277130983226,0.109770083598421,0.0261081421751719,0.0805527535441649,0.811465952620669,0.17297376522769,5819,4439,1,1,1,16,TRUE,FALSE,"","",-0.0449442455650142,0.0573996717616594,-0.0481133133481423,0.267653480544984,1,0.788645690834473,grad_7_all,"(15, 17)"
-0.0324450821705995,-0.0704881132753445,0.0185592084143551,0.0567924126550646,0.0804305766101596,0.214548973901053,10410,9117,1,1,1,16,TRUE,FALSE,*,"",-0.0688211306627356,0.00393096632153659,-0.181801242079271,0.040825015528582,0_0bis,0.799411115200589,grad_7_all,"(15, 17)"
-0.00755329689295659,-0.0138003615598998,0.031254735634294,0.0381164547370802,0.809036746583868,0.717308802460593,4098,2499,1,1.10918104634478,2.12669636639017,16,TRUE,FALSE,"","",-0.0688125787361729,0.0537059849502597,-0.0885086128445771,0.0609078897247774,6_7,0.761963190184049,grad_9_all,mse
-0.00503173336050411,-0.00383405546873927,0.0401936055076308,0.0489360655324805,0.900375184424306,0.937551031386459,3383,3178,1,0.759957008369308,1.55611024988313,16,TRUE,FALSE,"","",-0.0838112001554604,0.0737477334344522,-0.0997487439124011,0.0920806329749225,4_5,0.795690936106984,grad_9_all,mse
-0.0087346610168173,-0.00815484500246022,0.0197669195262044,0.0244377150586235,0.658574044459498,0.738606583041836,8254,4536,1,1.31404509075005,2.49031800403776,16,TRUE,FALSE,"","",-0.0474778232881779,0.0300085012545433,-0.0560527665173623,0.0397430765124419,2_3,0.819314641744548,grad_9_all,mse
-0.00512056729359034,-0.00803460729558059,0.0213170149761066,0.0263236987898689,0.810167202585902,0.760196056415599,7214,4970,1,1.13008782501193,2.14223669121571,16,TRUE,FALSE,"","",-0.0469019166467592,0.0366607820595785,-0.0596290569237236,0.0435598423325624,1,0.819425444596443,grad_9_all,mse
-0.0214125248175674,-0.0222901018624202,0.0198271930929466,0.0246768533804827,0.280161130126999,0.366377443012736,9034,8482,1,0.909517341067,1.79149625641655,16,TRUE,FALSE,"","",-0.0602738232797427,0.017448773644608,-0.0706567344881662,0.0260765307633258,0_0bis,0.827751196172249,grad_9_all,mse
0.00348240156928958,0.145276483447538,0.0352240681242106,0.108245291974812,0.92124604307391,0.179562145020212,3397,2295,1,1,1,16,TRUE,FALSE,"","",-0.0655567719541632,0.0725215750927424,-0.0668842888230943,0.357437255718169,6_7,0.761963190184049,grad_9_all,"(15, 17)"
-0.00940455611289637,0.00506569750423269,0.0268149188528039,0.0832523894275903,0.72579764257949,0.951480682480362,5546,3954,1,1,1,16,TRUE,FALSE,"","",-0.0619617970643921,0.0431526848385994,-0.158108985773844,0.16824038078231,4_5,0.795690936106984,grad_9_all,"(15, 17)"
-0.0141034933403215,0.0300869569217477,0.0268853315790425,0.0835535614448272,0.599875552535377,0.71877844367897,5120,3684,1,1,1,16,TRUE,FALSE,"","",-0.0667987432352448,0.0385917565546019,-0.133678023510114,0.193851937353609,2_3,0.819314641744548,grad_9_all,"(15, 17)"
-0.00700501283397292,0.0591824796540108,0.0245861572562954,0.0753786092575288,0.775707772978148,0.432373679732173,5819,4439,1,1,1,16,TRUE,FALSE,"","",-0.0551938810563118,0.041183855388366,-0.0885595944907456,0.206924553798767,1,0.819425444596443,grad_9_all,"(15, 17)"
-0.0221074181995333,-0.015520522648516,0.0176095394823511,0.0538681772678517,0.209325299603062,0.77325455097498,10410,9117,1,1,1,16,TRUE,FALSE,"","",-0.0566221155849415,0.0124072791858748,-0.121102150093505,0.0900611047964733,0_0bis,0.827751196172249,grad_9_all,"(15, 17)"
4.60641088253283,3.89846747280978,13.3011588311209,16.3668132786717,0.729104863531757,0.811731068816862,2092,1553,1,0.894342213012959,1.76550548513467,16,TRUE,FALSE,"","",-21.4638604264641,30.6766821915297,-28.1804865533867,35.9774214990063,6_7,264.868506493507,max_ects_credits,mse
-4.73305204419683,-2.72078579535469,10.2350885161466,12.4755954763883,0.643770183523884,0.827360039313346,3485,2628,1,0.909737843286544,1.81518093661563,16,TRUE,FALSE,"","",-24.7938255358441,15.3277214474505,-27.1729529290757,21.7313813383663,4_5,267.262244897959,max_ects_credits,mse
-27.0471854377286,-31.0609737744405,10.9701411485989,12.5622746002469,0.0136811646469423,0.0134149309768058,2982,2386,1,0.884911080596344,1.98401923824229,16,TRUE,FALSE,**,**,-48.5486620889823,-5.54570878647481,-55.6830319909244,-6.43891555795664,2_3,274.406950672646,max_ects_credits,mse
1.39603382304938,-0.358851247164012,7.84595868018081,9.56543204533195,0.858777710427656,0.97007404154343,4642,3218,1,1.07369586320309,2.06239976698909,16,TRUE,FALSE,"","",-13.982045190105,16.7741128362038,-19.1070980560146,18.3893955616866,1,270.185004868549,max_ects_credits,mse
-6.66061248121241,-8.16075820489141,7.2586553229161,8.84218784028871,0.358823241530744,0.356041458648041,6239,5602,1,0.911118131989427,1.84610990890324,16,TRUE,FALSE,"","",-20.887576914128,7.56635195170315,-25.4914463718573,9.16992996207447,0_0bis,268.61411010155,max_ects_credits,mse
5.79790848703624,-13.1873332189087,11.370722574704,34.6672166345839,0.610122936281661,0.703650141477599,2602,1653,1,1,1,16,TRUE,FALSE,"","",-16.4887077593836,28.0845247334561,-81.1350778226931,54.7604113848756,6_7,264.868506493507,max_ects_credits,"(15, 17)"
-2.89655487915832,-17.7716511610713,9.03130136082591,28.002601974593,0.748419576306967,0.525661373826405,4066,2800,1,1,1,16,TRUE,FALSE,"","",-20.5979055463771,14.8047957880605,-72.6567510312737,37.1134487091311,4_5,267.262244897959,max_ects_credits,"(15, 17)"
-21.862053321555,-49.799453998142,9.2767643594832,28.3757746613785,0.0184407971445809,0.0792594918087467,3654,2574,1,1,1,16,TRUE,FALSE,**,*,-40.0445114661421,-3.6795951769679,-105.415972334444,5.8170643381599,2_3,274.406950672646,max_ects_credits,"(15, 17)"
0.836930247565533,2.92313249521794,8.51000532386122,25.8124635327907,0.921657061313277,0.909836318347152,4077,3007,1,1,1,16,TRUE,FALSE,"","",-15.8426801872025,17.5165406823335,-47.6692960290518,53.5155610194877,1,270.185004868549,max_ects_credits,"(15, 17)"
-8.31499682957247,8.86206807552242,6.43109792332551,19.9104541445712,0.196033259447373,0.656250213233613,7223,5966,1,1,1,16,TRUE,FALSE,"","",-20.9199487592905,4.28995510014552,-30.1624220478371,47.886558198882,0_0bis,268.61411010155,max_ects_credits,"(15, 17)"
0.00766577668180402,0.00318953535642175,0.0479379515632587,0.0586931341961139,0.872951661320929,0.95666223907665,2939,2253,1,0.829075546489408,1.65404332977144,16,TRUE,FALSE,"","",-0.0862926083821831,0.101624161745791,-0.111849007667962,0.118228078380805,6_7,0.610494450050454,master_anytime_all,mse
-0.0425250376036685,-0.0482162209465,0.0314946434622272,0.0383797164691974,0.176941961810631,0.209009269719842,6141,4261,1,0.941968788022493,1.86364734725507,16,TRUE,FALSE,"","",-0.104254538789634,0.0192044635822967,-0.123440465226127,0.0270080233331269,4_5,0.646687697160883,master_anytime_all,mse
-0.0395359220652987,-0.0523243953644683,0.0355854243685023,0.0406405358139431,0.266562112801365,0.197922593702178,4894,3730,1,0.882061840817849,1.98643801284209,16,TRUE,FALSE,"","",-0.109283353827563,0.0302115096969658,-0.131979845559797,0.0273310548308601,2_3,0.666892349356804,master_anytime_all,mse
-0.00992029859472909,-0.0229692571228792,0.0317352327207659,0.0358846517365484,0.754587814118356,0.522116800153467,5477,4427,1,0.88609276789624,2.03340026891821,16,TRUE,FALSE,"","",-0.0721213547274302,0.052280757537972,-0.0933031745265141,0.0473646602807556,1,0.700363196125908,master_anytime_all,mse
-0.0110364562573202,-0.01190774775695,0.0204421481096695,0.0254167328603493,0.589274753123667,0.639426834373488,11499,9607,1,0.981509951216992,1.90637003295137,16,TRUE,FALSE,"","",-0.0511030665522724,0.029030154037632,-0.0617245441632346,0.0379090486493345,0_0bis,0.711447811447811,master_anytime_all,mse
0.0127307491627413,-0.0140341426116688,0.0368167537004304,0.112111740901411,0.729502911013044,0.900381086490607,4242,2565,1,1,1,16,TRUE,FALSE,"","",-0.0594300880901022,0.0848915864155848,-0.233773154778435,0.205704869555098,6_7,0.610494450050454,master_anytime_all,"(15, 17)"
-0.0376301822162992,-0.118289490695878,0.029121539947202,0.0888279478769776,0.19629587756211,0.18296873535241,6790,4372,1,1,1,16,TRUE,FALSE,"","",-0.0947084005128152,0.0194480360802168,-0.292392268534754,0.0558132871429981,4_5,0.646687697160883,master_anytime_all,"(15, 17)"
-0.038334753589192,0.0215400841791493,0.0300890997004938,0.0919746786679744,0.202648804680858,0.814832969328981,5984,4029,1,1,1,16,TRUE,FALSE,"","",-0.0973093890021598,0.0206398818237758,-0.15873028601008,0.201810454368379,2_3,0.666892349356804,master_anytime_all,"(15, 17)"
-0.016495709775562,0.0198416744947305,0.0271455480485704,0.082947056283183,0.543402097349667,0.810943598005999,6703,4783,1,1,1,16,TRUE,FALSE,"","",-0.06970098395076,0.0367095643996359,-0.142734555820308,0.182417904809769,1,0.700363196125908,master_anytime_all,"(15, 17)"
-0.0111860378619071,-0.0117200710277148,0.0199632721605675,0.061195661420201,0.575253767995591,0.848119775181639,11515,9608,1,1,1,16,TRUE,FALSE,"","",-0.0503140512966195,0.0279419755728053,-0.131663567411309,0.108223425355879,0_0bis,0.711447811447811,master_anytime_all,"(15, 17)"
0.0504160692896543,0.0534393252546618,0.0522844653359968,0.0639475465929718,0.334913185929956,0.403338121749611,2526,2128,1,0.760050414952514,1.51845334261855,16,TRUE,FALSE,"","",-0.0520614827688995,0.152893621348208,-0.071897866067563,0.178776516576887,6_7,0.252270433905146,master_select_anytime_all,mse
0.0206498076247412,0.0205145124490657,0.0372077240814671,0.0459407001545199,0.578903470430763,0.655204832852678,4607,3724,1,0.80814671709885,1.59520176396009,16,TRUE,FALSE,"","",-0.0522773315749342,0.0935769468244167,-0.0695292598537933,0.110558284751925,4_5,0.289589905362776,master_select_anytime_all,mse
-0.0263262205832118,-0.0381781135246506,0.0641860242066551,0.0745465231164942,0.681692227989566,0.60855437232783,2408,2795,1,0.62626682527149,1.37079738133623,16,TRUE,FALSE,"","",-0.152130828028256,0.0994783868618323,-0.184289298832979,0.107933071783678,2_3,0.296547054840894,master_select_anytime_all,mse
-0.462144352313184,-0.494765478470927,0.232957512360261,0.239547392450826,0.0472765894309394,0.0388834738948822,875,2351,1,0.422143587628192,1.13184516652555,16,TRUE,FALSE,**,**,-0.918741076539296,-0.00554762808707221,-0.964278367674545,-0.0252525892673081,1,0.345036319612591,master_select_anytime_all,mse
-0.00574317639082644,-0.00835754104005115,0.0202324467155656,0.0251422028454397,0.776517896213629,0.739579046158936,12573,10020,1,1.04520372051511,1.98867717250546,16,TRUE,FALSE,"","",-0.045398771953335,0.0339124191716821,-0.057636258617113,0.0409211765370107,0_0bis,0.358249158249158,master_select_anytime_all,mse
0.0387168042819707,0.11859273243023,0.0351594334378799,0.104224679438326,0.270819074782698,0.255180393999423,4242,2565,1,1,1,16,TRUE,FALSE,"","",-0.0301956852562739,0.107629293820215,-0.0856876392688886,0.322873104129348,6_7,0.252270433905146,master_select_anytime_all,"(15, 17)"
-0.00565096155511891,0.0977987949477592,0.0278553241293593,0.0824669465756466,0.839237991544938,0.235655840102719,6790,4372,1,1,1,16,TRUE,FALSE,"","",-0.060247396848663,0.0489454737384252,-0.0638364203405081,0.259434010236027,4_5,0.289589905362776,master_select_anytime_all,"(15, 17)"
-0.0154952360953599,-0.0455453752210988,0.0297268742831546,0.0893434755260742,0.60219021665532,0.610206710383555,5984,4029,1,1,1,16,TRUE,FALSE,"","",-0.0737599096903429,0.0427694374996232,-0.220658587252204,0.129567836810007,2_3,0.296547054840894,master_select_anytime_all,"(15, 17)"
-0.0765263075036613,-0.219564509088387,0.0284814804944819,0.0867363092460637,0.00721229555167601,0.0113607401075777,6703,4783,1,1,1,16,TRUE,FALSE,***,**,-0.132350009272846,-0.0207026057344768,-0.389567675210672,-0.0495613429661025,1,0.345036319612591,master_select_anytime_all,"(15, 17)"
-0.00634139984439752,-0.0561636296176289,0.0213729654477274,0.0645698427838398,0.766694092496238,0.384403105737089,11515,9608,1,1,1,16,TRUE,FALSE,"","",-0.0482324121219433,0.0355496124331482,-0.182720521473955,0.0703932622386971,0_0bis,0.358249158249158,master_select_anytime_all,"(15, 17)"
0.104379843085518,0.102190228293438,0.226580466455883,0.277043336732622,0.64503215266246,0.712232017379309,1435,1451,1,0.746296994789904,1.50643430301889,16,TRUE,FALSE,"","",-0.339717871168013,0.548477557339048,-0.440814711702501,0.645195168289376,6_7,13.5468318039341,quality_first_grad_degree,mse
0.343900626741792,0.326677061653513,0.150534734422912,0.185939409023595,0.0223405926591018,0.0789347511881437,2642,2516,1,0.774185358810803,1.55300507028732,16,TRUE,FALSE,**,*,0.0488525472728841,0.638948706210701,-0.0377641800327332,0.691118303339759,4_5,13.5724058566003,quality_first_grad_degree,mse
-0.295445693180653,-0.338200578354005,0.188657070365914,0.223880359759512,0.117337795477772,0.130882529205945,1943,2211,1,0.680022487256776,1.46501351408436,16,TRUE,FALSE,"","",-0.665213551097845,0.0743221647365379,-0.777006083482649,0.100604926774639,2_3,13.6100459118829,quality_first_grad_degree,mse
0.109383049529605,0.154769663684853,0.190364273227331,0.226358864123018,0.565562782618502,0.494141999885564,2152,2640,1,0.66660488704713,1.42302121105344,16,TRUE,FALSE,"","",-0.263730925995965,0.482497025055174,-0.288893709996263,0.598433037365969,1,13.6640619674937,quality_first_grad_degree,mse
-0.122291612208514,-0.159509798154104,0.135464578048431,0.157922887226479,0.366654814067816,0.312471985002684,3984,5253,1,0.675691345699212,1.50240431663572,16,TRUE,FALSE,"","",-0.387802185183438,0.14321896076641,-0.469038657118004,0.150019060809795,0_0bis,13.7808559537649,quality_first_grad_degree,mse
0.148802706126453,-0.0280557346512111,0.144455929036027,0.453358659673715,0.302967440020326,0.950655055777647,2427,1810,1,1,1,16,TRUE,FALSE,"","",-0.134330914784159,0.431936327037066,-0.916638707611693,0.860527238309271,6_7,13.5468318039341,quality_first_grad_degree,"(15, 17)"
0.119366418316368,0.81423502847678,0.106678307215619,0.317175474385677,0.263166563736279,0.0102540101558511,4132,3099,1,1,1,16,TRUE,FALSE,"",**,-0.0897230638262463,0.328455900458982,0.192571098680853,1.43589895827271,4_5,13.5724058566003,quality_first_grad_degree,"(15, 17)"
-0.00832929480321809,-0.495024412805293,0.107764777323029,0.318113310474049,0.938391700556163,0.119678119003378,3795,2967,1,1,1,16,TRUE,FALSE,"","",-0.219548258356355,0.202889668749919,-1.11852650133443,0.128477675723843,2_3,13.6100459118829,quality_first_grad_degree,"(15, 17)"
0.0869471582348496,0.15622815752419,0.100667163197249,0.306555405262647,0.387747640728315,0.610314527848782,4413,3602,1,1,1,16,TRUE,FALSE,"","",-0.110360481631758,0.284254798101458,-0.444620436790599,0.757076751838979,1,13.6640619674937,quality_first_grad_degree,"(15, 17)"
-0.0292955820495777,-0.283049226318063,0.075505942593359,0.225348163034141,0.69802312634377,0.209096770866323,7975,7331,1,1,1,16,TRUE,FALSE,"","",-0.177287229532561,0.118696065433406,-0.724731625864979,0.158633173228853,0_0bis,13.7808559537649,quality_first_grad_degree,"(15, 17)"
