coef,coef_bias,se,robust_se,p_value,robust_p_value,n_cont,n_treat,poly,h_bandwidth,b_bandwidth,threshold,donut,controls,sig,robust_sig,ci_lower,ci_upper,robust_ci_lower,robust_ci_upper,income_quint,mean_y,outcome,bandwidth
0.00902516560545097,0.0114127145027894,0.01499161012119,0.0183502912024568,0.54716453285776,0.533983672817985,6295,3112,1,1.18088451195582,2.26250814520463,16,TRUE,FALSE,"","",-0.0203583902320815,0.0384087214429834,-0.0245538562540259,0.0473792852596046,1,0.933078393881453,enrol_year_bac_all_0914,mse
-0.0139431869502085,-0.018462024628342,0.0150968426713069,0.0179028074804702,0.355703478384411,0.302430030135413,6552,3628,1,1.10112952356622,2.2542918320915,16,TRUE,FALSE,"","",-0.0435329985859699,0.015646624685553,-0.0535515272900636,0.0166274780333795,2,0.940110323089046,enrol_year_bac_all_0914,mse
-0.00134444884291351,-0.00594715569982585,0.0186198142162535,0.0220579335778241,0.94243854571032,0.787456252108393,4508,3728,1,0.814915331030719,1.73713368017391,16,TRUE,FALSE,"","",-0.0378392847067703,0.0351503870209433,-0.049180705512361,0.0372863941127093,3,0.947503201024328,enrol_year_bac_all_0914,mse
0.00646979762844868,0.00659387811249967,0.00960643569501367,0.011930021183544,0.50063830621179,0.580459932085324,13057,6909,1,1.32493058370615,2.49302414123987,16,TRUE,FALSE,"","",-0.0123588163337781,0.0252984115906755,-0.0167889634072465,0.0299767196322458,4,0.935613682092555,enrol_year_bac_all_0914,mse
-0.020401102173,-0.0243305284093576,0.0132292296680066,0.0155449988482955,0.123043654849359,0.117543618318136,7394,7839,1,0.794240976668352,1.7307912457214,16,TRUE,FALSE,"","",-0.046330392322293,0.00552818797629305,-0.0547987261520168,0.00613766933330164,5,0.95372018511926,enrol_year_bac_all_0914,mse
0.00499881885373998,0.0414551160879402,0.0183243802807825,0.0579984153030063,0.78500998373829,0.474755557340233,4545,2748,1,1,1,16,TRUE,FALSE,"","",-0.0309169664965937,0.0409146042040736,-0.0722217779059522,0.155132010081833,1,0.933078393881453,enrol_year_bac_all_0914,"(15, 17)"
-0.0196275085926789,-0.0325427529573235,0.0170001322134995,0.0541486998674424,0.248274608740407,0.547847559209761,5422,3360,1,1,1,16,TRUE,FALSE,"","",-0.0529477677311379,0.0136927505457801,-0.138674204697511,0.0735886987828636,2,0.940110323089046,enrol_year_bac_all_0914,"(15, 17)"
-0.00893058663870727,0.020976681534727,0.0140037164838806,0.0437695486426261,0.523649614864681,0.63175875069277,6505,4276,1,1,1,16,TRUE,FALSE,"","",-0.0363778709471133,0.0185166976696987,-0.0648116338048201,0.106764996874274,3,0.947503201024328,enrol_year_bac_all_0914,"(15, 17)"
0.0161556604597584,0.0705877687752801,0.0133571742273703,0.0408861500774115,0.226466262738856,0.0842670368723904,7918,5612,1,1,1,16,TRUE,FALSE,"",*,-0.0100244010258874,0.0423357219454042,-0.00954908537644657,0.150724622927007,4,0.935613682092555,enrol_year_bac_all_0914,"(15, 17)"
-0.0142975814037838,-0.0450473492915009,0.00967767021298144,0.0296814892526904,0.139574219894948,0.129092142446447,10836,9358,1,1,1,16,TRUE,FALSE,"","",-0.0332658150212274,0.00467065221365983,-0.103223068226774,0.0131283696437722,5,0.95372018511926,enrol_year_bac_all_0914,"(15, 17)"
0.00554101632152859,0.0051910508602302,0.0110098649987748,0.0136225378828044,0.614769247786134,0.703156190645429,6012,3068,1,1.15419472156215,2.14062365243355,16,TRUE,FALSE,"","",-0.0160383190760701,0.0271203517191273,-0.0215091233900665,0.0318912251105269,1,0.964627151051625,enrol_anytime_all_0914,mse
-0.027635140117698,-0.0327272447018689,0.017324633711611,0.0200341559015512,0.110681914450309,0.102348661135214,3602,2869,1,0.792612392898121,1.74441039097312,16,TRUE,FALSE,"","",-0.0615914221924556,0.00632114195705968,-0.0719941902689092,0.00653970086517134,2,0.971631205673759,enrol_anytime_all_0914,mse
-0.00436649659104083,-0.00724021951728293,0.0114778349593326,0.0136277530299333,0.703627294013526,0.595221361922966,5303,3943,1,0.887247627227164,1.87389958723406,16,TRUE,FALSE,"","",-0.0268630531113328,0.0181300599292511,-0.0339506154559521,0.0194701764213863,3,0.975672215108835,enrol_anytime_all_0914,mse
0.026102101049946,0.025242610304927,0.011116471089143,0.0136222971245204,0.0188716636491102,0.0638771638557585,6559,5275,1,0.895997148264279,1.80931050077476,16,TRUE,FALSE,**,*,0.00431381771522585,0.0478903843846662,-0.00145709205913297,0.051942312668987,4,0.964285714285714,enrol_anytime_all_0914,mse
-0.0038848026975411,-0.00282888050703711,0.00510601233282699,0.00620715998849599,0.44675915903229,0.648573546469705,14746,10846,1,1.19206301799275,2.38713670117234,16,TRUE,FALSE,"","",-0.013892586869882,0.00612298147479979,-0.0149949140844893,0.00933715307041503,5,0.981488074047704,enrol_anytime_all_0914,mse
0.00938102118939899,0.0380026693041255,0.013053767617479,0.042987358184842,0.472359851168638,0.376673048575662,4545,2748,1,1,1,16,TRUE,FALSE,"","",-0.0162043633408599,0.0349664057196579,-0.0462525527381648,0.122257891346416,1,0.964627151051625,enrol_anytime_all_0914,"(15, 17)"
-0.0188649201918571,-0.0466347018126854,0.0123373398032126,0.0390070243113184,0.126241787037308,0.231873675718002,5422,3360,1,1,1,16,TRUE,FALSE,"","",-0.0430461062061538,0.00531626582243952,-0.123088469462869,0.0298190658374987,2,0.971631205673759,enrol_anytime_all_0914,"(15, 17)"
-0.00841398572863783,0.0212046301401694,0.00983958905758147,0.0303629409294911,0.392487175107207,0.484944533797201,6505,4276,1,1,1,16,TRUE,FALSE,"","",-0.0276995802814975,0.0108716088242219,-0.0383067340816332,0.0807159943619719,3,0.975672215108835,enrol_anytime_all_0914,"(15, 17)"
0.0191486391132525,0.0706402192589639,0.00957739878901181,0.0295581195734643,0.0455697431665866,0.0168540951961341,7918,5612,1,1,1,16,TRUE,FALSE,**,**,0.000376937486789342,0.0379203407397156,0.0127063048949739,0.128574133622954,4,0.964285714285714,enrol_anytime_all_0914,"(15, 17)"
-0.00484262551049497,0.000869477262283702,0.00622034037724349,0.0187890357974135,0.436265730415995,0.963090444431014,10836,9358,1,1,1,16,TRUE,FALSE,"","",-0.0170344926498922,0.00734924162890227,-0.0359570329006468,0.0376959874252142,5,0.981488074047704,enrol_anytime_all_0914,"(15, 17)"
0.0530135629154478,0.0593834568494012,0.0354369110700817,0.0433182862821549,0.134654067316857,0.170417516437579,4331,2745,1,0.972205688977148,1.90993554445564,16,TRUE,FALSE,"","",-0.0164427827819124,0.122469908612808,-0.0255203842636225,0.144287297962425,1,0.677820267686425,enrol_2_ontime_all_0914,mse
-0.0717909255192368,-0.084666470789124,0.0333195453455372,0.0379187790907374,0.0311916608719015,0.0255596643054486,4916,3276,1,0.946073842778213,2.09379954645874,16,TRUE,FALSE,**,**,-0.13709723439649,-0.00648461664198394,-0.158987277806969,-0.0103456637712788,2,0.731284475965327,enrol_2_ontime_all_0914,mse
-0.0137619562852314,-0.0171542187235392,0.0209094255645523,0.0256141545397305,0.510428910095093,0.503038611097126,10298,5115,1,1.28126797569619,2.4483268445344,16,TRUE,FALSE,"","",-0.0547444303917538,0.0272205178212911,-0.067357961621411,0.0330495241743326,3,0.728553137003841,enrol_2_ontime_all_0914,mse
0.00191235369526432,-0.00449270751842779,0.0204872296141621,0.0242472098390814,0.925630520669398,0.853003456912046,10279,6339,1,1.15116892506347,2.40019440046392,16,TRUE,FALSE,"","",-0.0382426163484933,0.042067323739022,-0.0520172388030272,0.0430318237661717,4,0.725855130784708,enrol_2_ontime_all_0914,mse
-0.010673154016029,-0.0155404410518614,0.019520445184306,0.0236676915175558,0.584538156869478,0.511431768223379,11332,9566,1,1.0186955827698,2.02450118318389,16,TRUE,FALSE,"","",-0.0489332265772687,0.0275869185452107,-0.0619291164262707,0.030848234322548,5,0.736561053755785,enrol_2_ontime_all_0914,mse
0.0510779691739027,0.0817381088696119,0.0341850783721855,0.105337066303033,0.135133862236331,0.437768350039439,4545,2748,1,1,1,16,TRUE,FALSE,"","",-0.0159247844355809,0.118080722783386,-0.124722541084333,0.288198758823557,1,0.677820267686425,enrol_2_ontime_all_0914,"(15, 17)"
-0.070135642567164,-0.0458709218217936,0.0310325429109746,0.0950452300071546,0.023817060062649,0.62936413422251,5422,3360,1,1,1,16,TRUE,FALSE,**,"",-0.130959426672674,-0.00931185846165382,-0.232159572635817,0.140417728992229,2,0.731284475965327,enrol_2_ontime_all_0914,"(15, 17)"
-0.00362128146509155,0.18739988708658,0.027789354334958,0.0857846756641973,0.896319725242335,0.028922735336031,6505,4276,1,1,1,16,TRUE,FALSE,"",**,-0.0580884159616092,0.0508458530314261,0.0192619227847533,0.355537851388407,3,0.728553137003841,enrol_2_ontime_all_0914,"(15, 17)"
0.0103215301756474,0.0814638916539041,0.0241508924047667,0.0732061990098057,0.669104930900717,0.265794139446564,7918,5612,1,1,1,16,TRUE,FALSE,"","",-0.0370142189376954,0.0576572792889902,-0.062020258405315,0.224948041713123,4,0.725855130784708,enrol_2_ontime_all_0914,"(15, 17)"
-0.00972285668365647,0.00903467495663057,0.0200099600483339,0.0614524692261903,0.627037462608769,0.883117095587098,10836,9358,1,1,1,16,TRUE,FALSE,"","",-0.0489423783783909,0.0294966650110779,-0.111412164726702,0.129481514639964,5,0.736561053755785,enrol_2_ontime_all_0914,"(15, 17)"
0.0436533093646827,0.0508870143699314,0.0273461504240608,0.0326060976582265,0.110416530450816,0.118604124167656,4051,2653,1,0.931380028315273,1.91779947522381,16,TRUE,FALSE,"","",-0.00994514546647636,0.0972517641958418,-0.0130209370401926,0.114794965780055,1,0.869024856596558,enrol_2_anytime_all_0914,mse
-0.0632526088007146,-0.0747724346587342,0.0353424194278927,0.0397492423488472,0.0735008747012388,0.0599578555237358,2959,2660,1,0.725826609603401,1.69845477645821,16,TRUE,FALSE,*,*,-0.132523750879384,0.00601853327795508,-0.152680949662475,0.00313608034500627,2,0.901497241922774,enrol_2_anytime_all_0914,mse
-0.0148025302239327,-0.0237797224834813,0.0233132437584381,0.0261543369943506,0.525467009705878,0.363240542855986,4734,3768,1,0.837945835657069,1.979137047855,16,TRUE,FALSE,"","",-0.0604964879904714,0.0308914275426059,-0.0750422229924084,0.0274827780254459,3,0.905889884763124,enrol_2_anytime_all_0914,mse
0.0158138214448318,0.0148334383703914,0.0245697054191011,0.029745382445482,0.519814812373884,0.618004574625392,4572,4513,1,0.737899364220171,1.53305611194333,16,TRUE,FALSE,"","",-0.0323428011766063,0.0639704440662699,-0.0434675112227533,0.0731343879635362,4,0.907444668008048,enrol_2_anytime_all_0914,mse
-0.0212853961838722,-0.0243546692063092,0.0125423578221404,0.0152340079171938,0.0896813624396697,0.109886391143116,10322,9147,1,0.96947099819812,1.96900030537817,16,TRUE,FALSE,*,"",-0.0458684175152673,0.00329762514752299,-0.0542133247240091,0.00550398631139065,5,0.917764328942684,enrol_2_anytime_all_0914,mse
0.0403513957894242,0.0701457161880246,0.0247351022380874,0.0797392587016844,0.102818306816137,0.379028031262539,4545,2748,1,1,1,16,TRUE,FALSE,"","",-0.00812940459722723,0.0888321961760755,-0.0861432308672768,0.226434663243326,1,0.869024856596558,enrol_2_anytime_all_0914,"(15, 17)"
-0.0648994972739967,-0.0776105527515618,0.0216746619609511,0.0670391661888005,0.00275114562121961,0.246990685357497,5422,3360,1,1,1,16,TRUE,FALSE,***,"",-0.107381834717461,-0.0224171598305325,-0.209007318481611,0.0537862129784872,2,0.901497241922774,enrol_2_anytime_all_0914,"(15, 17)"
-0.0250057443455929,0.0156541887663484,0.0183687223628801,0.0566286190026444,0.173411979641284,0.782213211648171,6505,4276,1,1,1,16,TRUE,FALSE,"","",-0.0610084401768379,0.0109969514856522,-0.0953379044788347,0.126646282011531,3,0.905889884763124,enrol_2_anytime_all_0914,"(15, 17)"
0.0025410712571472,0.032465340697319,0.0157200136629266,0.0483067231784107,0.871584935039945,0.501541226023302,7918,5612,1,1,1,16,TRUE,FALSE,"","",-0.028270155522189,0.0333522980364834,-0.062215836732366,0.127146518127004,4,0.907444668008048,enrol_2_anytime_all_0914,"(15, 17)"
-0.0192878975522279,-0.0822536347461336,0.0121065030035601,0.0370320845307116,0.111118721821591,0.0263411321998632,10836,9358,1,1,1,16,TRUE,FALSE,"",**,-0.0430166434392057,0.00444084833474988,-0.154836520426328,-0.00967074906593878,5,0.917764328942684,enrol_2_anytime_all_0914,"(15, 17)"
0.0576204097185831,0.0641768500390063,0.0465442080383683,0.0568193614589582,0.215726575398129,0.258691560653228,3389,2478,1,0.859601667610738,1.71075889059395,16,TRUE,FALSE,"","",-0.0336062380366188,0.148847057473785,-0.0471890984205518,0.175542798498564,1,0.477055449330784,enrol_3_ontime_all_0914,mse
-0.0364381946667842,-0.0410638172857043,0.0465631969230458,0.0569855425400388,0.433889332304257,0.471155272277707,3672,2887,1,0.804445544534992,1.61524341313278,16,TRUE,FALSE,"","",-0.127702060635954,0.0548256713023856,-0.15275548066418,0.0706278460927717,2,0.532702915681639,enrol_3_ontime_all_0914,mse
0.0037672453861799,0.00678440423163784,0.0354195381062561,0.0437453392346335,0.915296206175529,0.876751454672395,5583,4020,1,0.904666579307721,1.77201976838162,16,TRUE,FALSE,"","",-0.065655049302082,0.0731895400744418,-0.0789564606682438,0.0925252691315194,3,0.546734955185659,enrol_3_ontime_all_0914,mse
0.0186544795920871,0.0153986206848464,0.0249890689911192,0.0308898044178203,0.45536205843573,0.618130456008499,9064,6026,1,1.07211686547814,2.02018373547894,16,TRUE,FALSE,"","",-0.0303240956305066,0.0676330548146808,-0.0451453959740813,0.0759426373437742,4,0.569919517102616,enrol_3_ontime_all_0914,mse
0.0161627704785059,0.0146503724569569,0.0275424713353749,0.0341294498496902,0.557317349178237,0.667734773097015,8380,8299,1,0.855770522700464,1.70079548603433,16,TRUE,FALSE,"","",-0.0378204733388289,0.0701460142958407,-0.0522433492484359,0.0815440941623497,5,0.613385546457814,enrol_3_ontime_all_0914,mse
0.0546115594977896,0.0653479208649035,0.0376829306496471,0.114406435845291,0.147270947689545,0.567870211667197,4545,2748,1,1,1,16,TRUE,FALSE,"","",-0.0192469845755186,0.128470103571098,-0.158888693391867,0.289584535121674,1,0.477055449330784,enrol_3_ontime_all_0914,"(15, 17)"
-0.0479636246100628,-0.000659426538116792,0.0344179150614041,0.103828449570637,0.163448803594265,0.99493257658398,5422,3360,1,1,1,16,TRUE,FALSE,"","",-0.115422738130415,0.0194954889102893,-0.204163187696564,0.202844334620331,2,0.532702915681639,enrol_3_ontime_all_0914,"(15, 17)"
-0.00689839290698613,0.160475701176978,0.0311066040615332,0.0949907108284409,0.824495904565693,0.0911460382471867,6505,4276,1,1,1,16,TRUE,FALSE,"",*,-0.0678673368675912,0.054070551053619,-0.0257060920467662,0.346657494400722,3,0.546734955185659,enrol_3_ontime_all_0914,"(15, 17)"
0.0232294396581327,0.124769713687714,0.0271812794114997,0.0827167673296536,0.392766143114651,0.13145298130652,7918,5612,1,1,1,16,TRUE,FALSE,"","",-0.0300458679884067,0.0765047473046721,-0.0373551502784069,0.286894577653835,4,0.569919517102616,enrol_3_ontime_all_0914,"(15, 17)"
0.0076336176188081,0.0330662499685801,0.0222808938482272,0.0685971022411321,0.731893209278734,0.62978060894867,10836,9358,1,1,1,16,TRUE,FALSE,"","",-0.0360369343237172,0.0513041695613334,-0.101384070424039,0.167516570361199,5,0.613385546457814,enrol_3_ontime_all_0914,"(15, 17)"
0.041891894885816,0.0406967185201654,0.0275240004134497,0.034209350232514,0.128005746494357,0.234188984818639,5783,3030,1,1.13759586190403,2.07843256901627,16,TRUE,FALSE,"","",-0.0120551459245455,0.0958389356961775,-0.026353607935562,0.107747044975893,1,0.733269598470363,enrol_3_anytime_all_0914,mse
-0.0348065287983004,-0.0400720264371026,0.035024935325721,0.0425648720903979,0.320337651660333,0.346482392740792,4131,3002,1,0.855772102073746,1.72983981620329,16,TRUE,FALSE,"","",-0.103455402036714,0.0338423444401128,-0.123499175734282,0.0433551228600772,2,0.785657998423956,enrol_3_anytime_all_0914,mse
-0.0415303454767559,-0.0524394421178256,0.0273893247380324,0.0306602018773445,0.12944432023873,0.0872025824720748,5600,4041,1,0.913723730516214,2.14004188230068,16,TRUE,FALSE,"",*,-0.0952134219632994,0.0121527310097875,-0.112533437797421,0.00765455356176955,3,0.802176696542894,enrol_3_anytime_all_0914,mse
0.00100419699364118,-0.0010191963946562,0.0142043821984142,0.017429382349502,0.943639480859935,0.953369669460115,14480,7168,1,1.41398122607516,2.65905268089757,16,TRUE,FALSE,"","",-0.0268363921152506,0.0288447861025329,-0.03518078579968,0.0331423930103676,4,0.819919517102616,enrol_3_anytime_all_0914,mse
-0.0220711728477951,-0.0231932260213585,0.0167315544605408,0.02073516935623,0.187124108742418,0.26333417476576,9372,8787,1,0.919895436280485,1.82897557862037,16,TRUE,FALSE,"","",-0.0548650195904551,0.0107226738948649,-0.0638341579595694,0.0174477059168523,5,0.870772516909933,enrol_3_anytime_all_0914,mse
0.0455624024457961,0.0404533971704806,0.0321357306510882,0.10098239092003,0.156245860586074,0.688715729489341,4545,2748,1,1,1,16,TRUE,FALSE,"","",-0.0174236296303367,0.108548434521929,-0.157472089032778,0.238378883373739,1,0.733269598470363,enrol_3_anytime_all_0914,"(15, 17)"
-0.0375782797353872,0.00896101992549703,0.0282628783672089,0.0873470709431936,0.183650603664403,0.918287617272478,5422,3360,1,1,1,16,TRUE,FALSE,"","",-0.0929735213351167,0.0178169618643423,-0.162239239123162,0.180161278974156,2,0.785657998423956,enrol_3_anytime_all_0914,"(15, 17)"
-0.0417622205133021,0.00223634091926317,0.0243986774899019,0.0743274670662298,0.0869594937605957,0.975997127561412,6505,4276,1,1,1,16,TRUE,FALSE,*,"",-0.0895836283935099,0.0060591873669056,-0.143445494530547,0.147918176369074,3,0.802176696542894,enrol_3_anytime_all_0914,"(15, 17)"
-0.00157424090918701,0.0434228135344017,0.0207210016059799,0.0632378643350163,0.939440415639003,0.492297989742817,7918,5612,1,1,1,16,TRUE,FALSE,"","",-0.0421874040569077,0.0390389222385337,-0.0805234005622302,0.167369027631034,4,0.819919517102616,enrol_3_anytime_all_0914,"(15, 17)"
-0.0188245324738801,-0.0727656274658162,0.0150487170303939,0.0465210679213502,0.210968724907798,0.117783864886854,10836,9358,1,1,1,16,TRUE,FALSE,"","",-0.0483200178534521,0.010670952905692,-0.163946920591663,0.0184156656600302,5,0.870772516909933,enrol_3_anytime_all_0914,"(15, 17)"
0.36823140393296,0.419365181764995,0.156574580509943,0.182672600160693,0.0186830400428848,0.0216918835832523,3188,2403,1,0.862424405822115,1.85031616968636,16,TRUE,FALSE,**,**,0.0613452261334712,0.675117581732448,0.0613268854500369,0.777403478079953,1,12.9393847233498,quality,mse
0.088184212485146,0.0557776904517056,0.135112421418915,0.163775053681238,0.513967193355391,0.733423545441148,4084,2930,1,0.889366239570935,1.78157559689265,16,TRUE,FALSE,"","",-0.176636133495927,0.353004558466219,-0.26522141476352,0.376776795666931,2,13.0526733147785,quality,mse
-0.0641412592952264,-0.105907037817573,0.110590837966284,0.127905149321483,0.56192331770279,0.407663529917447,5534,3984,1,0.942779546280168,2.02602822611585,16,TRUE,FALSE,"","",-0.280899301709142,0.152616783118689,-0.35660113048768,0.144787054852534,3,13.1865877819839,quality,mse
-0.0471325418666098,-0.0800227116915551,0.102476972547315,0.121400519443799,0.645564309374669,0.509791203670399,6401,5097,1,0.916462362917526,1.91969948052938,16,TRUE,FALSE,"","",-0.247987408059348,0.153722324326128,-0.3179677298014,0.15792230641829,4,13.2576873724029,quality,mse
-0.0759183292397836,-0.109837151221782,0.0797083298514017,0.0899772315037165,0.340867982309527,0.222191441485022,9762,8757,1,0.967492789784228,2.29044062338299,16,TRUE,FALSE,"","",-0.232146655748531,0.0803099972689638,-0.286192524969067,0.066518222525502,5,13.5682928088765,quality,mse
0.332904639512709,0.635872439497469,0.127667976547753,0.379619966767656,0.009118439052244,0.0939295826818922,4238,2608,1,1,1,16,TRUE,FALSE,***,*,0.0826754054791122,0.583133873546305,-0.108182695367137,1.37992757436207,1,12.9393847233498,quality,"(15, 17)"
0.0513873766894406,0.355442621337588,0.116231796667475,0.347239801417695,0.658408755135105,0.30601341259559,5019,3189,1,1,1,16,TRUE,FALSE,"","",-0.176426944778809,0.279201698157691,-0.325147389441095,1.03603263211627,2,13.0526733147785,quality,"(15, 17)"
-0.0495168322771526,-0.225874811514782,0.102954280237171,0.306910183670056,0.630545330719922,0.461752675891062,6084,4080,1,1,1,16,TRUE,FALSE,"","",-0.251307221542008,0.152273556987703,-0.827418771508091,0.375669148478527,3,13.1865877819839,quality,"(15, 17)"
-0.0431801709381503,-0.173238830074638,0.0920341918748534,0.273162600205297,0.638944328632695,0.525952435943257,7407,5374,1,1,1,16,TRUE,FALSE,"","",-0.223567187012863,0.137206845136562,-0.70863752647702,0.362159866327744,4,13.2576873724029,quality,"(15, 17)"
-0.0702784614071277,-0.405894333961669,0.0765928175107712,0.231862355696762,0.358849569763254,0.0800177391101558,10249,8959,1,1,1,16,TRUE,FALSE,"",*,-0.220400383728239,0.0798434609139838,-0.860344551127323,0.0485558832039854,5,13.5682928088765,quality,"(15, 17)"
0.237596828933825,0.273986647374677,0.196715039742454,0.236230194043201,0.227115588243259,0.246118404000728,2362,2103,1,0.758321958351588,1.56009164980717,16,TRUE,FALSE,"","",-0.147964648961385,0.623158306829035,-0.189024532949997,0.736997827699352,1,13.0293646792816,quality_bacyear_plus1,mse
0.0750626663492753,0.0322822194266976,0.143231579025104,0.170063297139406,0.600233287946554,0.849446476646233,3557,2747,1,0.845906597007206,1.76844519186044,16,TRUE,FALSE,"","",-0.205671228539929,0.35579656123848,-0.301041842966539,0.365606281819934,2,13.1159622047596,quality_bacyear_plus1,mse
-0.0127875040050611,-0.0452831497266359,0.116459937116632,0.139921335683522,0.912566609235773,0.746215965470198,5019,3763,1,0.901890694589162,1.84075954684349,16,TRUE,FALSE,"","",-0.24104898075366,0.215473972743538,-0.319528967666339,0.228962668213067,3,13.2331283192711,quality_bacyear_plus1,mse
-0.126491890373266,-0.165098351151485,0.200300715733504,0.232554024069031,0.527707160489641,0.477744151413948,2893,3628,1,0.618113971814672,1.35665003180398,16,TRUE,FALSE,"","",-0.519081293210933,0.266097512464401,-0.620904238326786,0.290707536023816,4,13.2737779555601,quality_bacyear_plus1,mse
-0.0564827365704801,-0.0962565162800004,0.105389206583737,0.120823622089777,0.591997098831992,0.425642897724318,6833,7381,1,0.796721909881652,1.82138679467183,16,TRUE,FALSE,"","",-0.263045581474604,0.150080108333644,-0.333070815575964,0.140557783015963,5,13.6094414211255,quality_bacyear_plus1,mse
0.23550233970434,0.299666117098631,0.130573624682478,0.393043533336177,0.0712943361790907,0.445806540035574,4030,2564,1,1,1,16,TRUE,FALSE,*,"",-0.0204219646733174,0.491426644081997,-0.470699208240276,1.07003144243754,1,13.0293646792816,quality_bacyear_plus1,"(15, 17)"
-0.0114082797834101,0.498267334015658,0.115088442264155,0.342463056014251,0.921038071057566,0.145682529627266,4810,3090,1,1,1,16,TRUE,FALSE,"","",-0.236981626621154,0.214165067054334,-0.172960255772275,1.16949492380359,2,13.1159622047596,quality_bacyear_plus1,"(15, 17)"
0.000573280638882068,-0.0850353929936532,0.1025689792048,0.302810874772085,0.995540470493274,0.778848353580233,5833,4004,1,1,1,16,TRUE,FALSE,"","",-0.200461918602526,0.20160847988029,-0.678544707546941,0.508473921559634,3,13.2331283192711,quality_bacyear_plus1,"(15, 17)"
-0.0049746356048388,-0.056620980131207,0.091457624953753,0.272050585396741,0.956622221210456,0.835130069986367,7163,5292,1,1,1,16,TRUE,FALSE,"","",-0.184231580514195,0.174282309304517,-0.58984012750882,0.476598167246406,4,13.2737779555601,quality_bacyear_plus1,"(15, 17)"
-0.0063016246833314,-0.240420882672041,0.0770710244358128,0.233111875607104,0.934834492967989,0.302374809082062,9996,8827,1,1,1,16,TRUE,FALSE,"","",-0.157360832577524,0.144757583210862,-0.697320158861965,0.216478393517884,5,13.6094414211255,quality_bacyear_plus1,"(15, 17)"
0.115279118732637,0.0885485182508532,0.278654975100826,0.331286248315714,0.679094995380133,0.789248170176819,1487,1722,1,0.650877783511899,1.36207654795628,16,TRUE,FALSE,"","",-0.430884632464981,0.661442869930256,-0.560772528447946,0.737869564949652,1,13.1557953708338,quality_bacyear_plus2,mse
0.0736027813877485,0.0264510212901499,0.137816274620683,0.161004218123573,0.593296901779819,0.869504622043072,3176,2631,1,0.864104833734829,1.86789814946352,16,TRUE,FALSE,"","",-0.196517116868791,0.343722679644288,-0.289117246232053,0.342019288812353,2,13.2103537509726,quality_bacyear_plus2,mse
0.055757223382841,0.0583190673599887,0.186433865997989,0.225640489049783,0.764884806136947,0.796051824920222,2425,2710,1,0.669999940883926,1.38817785083949,16,TRUE,FALSE,"","",-0.309653153973218,0.4211676007389,-0.383936291177586,0.500574425897563,3,13.2993581576504,quality_bacyear_plus2,mse
-0.0408957988780259,-0.0542134822523295,0.149735444345673,0.182342883584761,0.784760694363962,0.766225160757723,3459,3831,1,0.709390972302316,1.45606809570726,16,TRUE,FALSE,"","",-0.334377269795544,0.252585672039493,-0.41160553407846,0.303178569573802,4,13.3309619433305,quality_bacyear_plus2,mse
-0.121521488703692,-0.145609281706335,0.135684051832048,0.161611422667794,0.370455206086565,0.367596906872935,4529,6076,1,0.666517246033421,1.42294808447241,16,TRUE,FALSE,"","",-0.387462230294507,0.144419252887123,-0.462367670135212,0.171149106722542,5,13.6102483315556,quality_bacyear_plus2,mse
0.175575224016647,-0.0970550667745123,0.134041539525222,0.413344230332759,0.190244278750847,0.81436050973033,3396,2351,1,1,1,16,TRUE,FALSE,"","",-0.0871461934527881,0.438296641486083,-0.90720975822672,0.713099624677695,1,13.1557953708338,quality_bacyear_plus2,"(15, 17)"
-0.00996525021379568,0.458495402598793,0.114089016190124,0.34037980134542,0.930396274987193,0.177976627515239,4107,2888,1,1,1,16,TRUE,FALSE,"","",-0.233579721946438,0.213649221518846,-0.208649008038231,1.12563981323582,2,13.2103537509726,quality_bacyear_plus2,"(15, 17)"
-0.0111189383852093,0.167472747412369,0.101070736470289,0.301914400816827,0.912400293356511,0.579097997126614,5069,3741,1,1,1,16,TRUE,FALSE,"","",-0.209217581866975,0.186979705096556,-0.424279478188612,0.759224973013349,3,13.2993581576504,quality_bacyear_plus2,"(15, 17)"
0.0328256397076672,-0.113610211665133,0.0899869301558682,0.270214748579477,0.715273915620987,0.67416101740303,6389,5010,1,1,1,16,TRUE,FALSE,"","",-0.143548743397834,0.209200022813169,-0.643231118880907,0.416010695550641,4,13.3309619433305,quality_bacyear_plus2,"(15, 17)"
-0.0243036984688558,-0.24707785907416,0.0729729248598371,0.219428073652869,0.739095859856756,0.26016195427844,9322,8528,1,1,1,16,TRUE,FALSE,"","",-0.167330631194137,0.118723234256425,-0.677156883433784,0.183001165285463,5,13.6102483315556,quality_bacyear_plus2,"(15, 17)"
0.198556227653349,0.191374442205834,0.266386130846541,0.328030155012943,0.45604808070135,0.559620672957861,3049,2413,1,0.814290543923249,1.60557645845382,16,TRUE,FALSE,"","",-0.323560588805872,0.720673044112569,-0.451564661619534,0.834313546031202,1,5.18546845124283,tot_enrol_yrs,mse
-0.249716489878045,-0.331693864984434,0.249169882107676,0.287671884044791,0.316250042581501,0.248898709589431,3672,2887,1,0.804512421077984,1.78024732102653,16,TRUE,FALSE,"","",-0.738089458809089,0.238656479052999,-0.895530757712223,0.232143027743356,2,5.30260047281324,tot_enrol_yrs,mse
-0.145121983538319,-0.197083758375895,0.200215655901526,0.238613062576678,0.468557341132828,0.408829366528448,5017,3839,1,0.853159854212522,1.78204737715165,16,TRUE,FALSE,"","",-0.53754466910531,0.247300702028673,-0.664765361026184,0.270597844274395,3,5.34507042253521,tot_enrol_yrs,mse
0.0480622931983721,0.0340985350471019,0.144108841619969,0.178379899317142,0.738746443814934,0.84840272912272,7576,5611,1,0.97071985724724,1.88287766531221,16,TRUE,FALSE,"","",-0.234391036376768,0.330515622773512,-0.315526067614497,0.383723137708701,4,5.42756539235413,tot_enrol_yrs,mse
0.155899425903314,0.180510853437399,0.139799446499969,0.171014790533223,0.264779794541654,0.29118403458542,8380,8299,1,0.858571931405778,1.73669297451619,16,TRUE,FALSE,"","",-0.118107489236624,0.429906341043252,-0.154678136007718,0.515699842882516,5,5.75436098255607,tot_enrol_yrs,mse
0.25723616732205,0.0338553960327666,0.200261348462667,0.601245155377245,0.198966251270249,0.955095804826531,4545,2748,1,1,1,16,TRUE,FALSE,"","",-0.135276075664777,0.649748410308878,-1.14458510850663,1.21229590057217,1,5.18546845124283,tot_enrol_yrs,"(15, 17)"
-0.279619568487304,-0.232550841552298,0.183988652504826,0.560956813509135,0.12856997475767,0.678463271868889,5422,3360,1,1,1,16,TRUE,FALSE,"","",-0.640237327396763,0.0809981904221555,-1.3320261960302,0.866924512925607,2,5.30260047281324,tot_enrol_yrs,"(15, 17)"
-0.165035129656696,-0.14042155697784,0.161952264064883,0.48900771036545,0.308186045081072,0.773992782802806,6505,4276,1,1,1,16,TRUE,FALSE,"","",-0.482461567223866,0.152391307910474,-1.09887666929412,0.818033555338442,3,5.34507042253521,tot_enrol_yrs,"(15, 17)"
0.0462870800617061,0.466397348113096,0.139169867903116,0.416935294854484,0.739440680770418,0.263296976167881,7918,5612,1,1,1,16,TRUE,FALSE,"","",-0.2264858610284,0.319060021151813,-0.350795829801693,1.28359052602789,4,5.42756539235413,tot_enrol_yrs,"(15, 17)"
0.156777469300947,0.208768368635678,0.114244705231435,0.349353167964882,0.169971535637202,0.550116577830838,10836,9358,1,1,1,16,TRUE,FALSE,"","",-0.0671421529526662,0.380697091554559,-0.475963840575491,0.893500577846846,5,5.75436098255607,tot_enrol_yrs,"(15, 17)"
0.0955860297343438,0.122369665933192,0.156078125679896,0.188768945987192,0.540257098713584,0.516822593615443,3192,2434,1,0.834784849209141,1.69233359985788,16,TRUE,FALSE,"","",-0.210327096598253,0.401499156066941,-0.247617468201704,0.492356800068088,1,3.9961759082218,max_enrol_degetu,mse
-0.12317896396036,-0.16492445950148,0.128062626684089,0.149152819517775,0.336117400095722,0.268838430386785,4349,3073,1,0.877494731728922,1.89434642524716,16,TRUE,FALSE,"","",-0.374181712261175,0.127823784340455,-0.457263985756318,0.127415066753359,2,4.14263199369582,max_enrol_degetu,mse
-0.153073520759447,-0.198606168122719,0.137645866999943,0.157495281199282,0.266102802488122,0.207298281943988,3984,3533,1,0.76563727413626,1.74058072556969,16,TRUE,FALSE,"","",-0.422859420079335,0.116712378560441,-0.507296919273312,0.110084583027874,3,4.25928297055058,max_enrol_degetu,mse
0.115593801827981,0.115472458878887,0.109858386586697,0.134985296391352,0.292704428050446,0.392304996151443,5456,4827,1,0.805008919940091,1.6286103826501,16,TRUE,FALSE,"","",-0.0997286358819447,0.330916239537906,-0.149098722048163,0.380043639805938,4,4.30533199195171,max_enrol_degetu,mse
-0.0319000561907785,-0.040311604438239,0.0694269615248069,0.0857403923888875,0.64589203520175,0.638241530031997,9352,8743,1,0.900663230711884,1.79983601259098,16,TRUE,FALSE,"","",-0.1679769007794,0.104176788397843,-0.208362773520459,0.127739564643981,5,4.56674973300107,max_enrol_degetu,mse
0.145265427978199,-0.0636183039959253,0.119977800083953,0.37610798003961,0.225983863133756,0.865679411789835,4545,2748,1,1,1,16,TRUE,FALSE,"","",-0.0898910601863486,0.380421916142746,-0.80078994487356,0.673553336881709,1,3.9961759082218,max_enrol_degetu,"(15, 17)"
-0.144954349889636,0.106849142147768,0.107852183917414,0.326889132764668,0.178945344567169,0.743768777669699,5422,3360,1,1,1,16,TRUE,FALSE,"","",-0.356344630367767,0.0664359305884953,-0.533853558070982,0.747551842366518,2,4.14263199369582,max_enrol_degetu,"(15, 17)"
-0.19189831730691,-0.146779203784989,0.0939590640721639,0.286555887458047,0.0411157466760902,0.608498153237505,6505,4276,1,1,1,16,TRUE,FALSE,**,"",-0.376058082888351,-0.00773855172546858,-0.708428743202762,0.414870335632784,3,4.25928297055058,max_enrol_degetu,"(15, 17)"
0.0281312174849866,0.393599545887032,0.0817284366009018,0.247703748140178,0.7306932175958,0.112061951195187,7918,5612,1,1,1,16,TRUE,FALSE,"","",-0.132056518252781,0.188318953222754,-0.0918998004677178,0.879098892241781,4,4.30533199195171,max_enrol_degetu,"(15, 17)"
-0.0266688979419705,-0.115319023832381,0.0607268609794107,0.187299395644942,0.660544536385125,0.53809681618633,10836,9358,1,1,1,16,TRUE,FALSE,"","",-0.145693545461615,0.0923557495776745,-0.482425839296468,0.251787791631706,5,4.56674973300107,max_enrol_degetu,"(15, 17)"
-0.0134577684350368,-0.0218132130526989,0.0374707469093179,0.045647734228915,0.719479890584915,0.632750059128805,4106,2574,1,1.06255016817882,2.03945130504837,16,TRUE,FALSE,"","",-0.0869004323772999,0.0599848955072263,-0.111282772141372,0.0676563460359745,1,0.608440797186401,grad_5_all,mse
-0.0637817000902692,-0.0686079954381538,0.0378339327487646,0.046635965922836,0.0918279302817736,0.141253488263413,4170,2943,1,0.969671393959799,1.88661309204625,16,TRUE,FALSE,*,"",-0.137936208277848,0.0103728080973094,-0.160014488646912,0.0227984977706047,2,0.63969896519285,grad_5_all,mse
0.0622207500174283,0.0696029713394661,0.0503960893751845,0.0605900225552987,0.216966567431703,0.250657836749177,3236,3084,1,0.74121924897527,1.54581149662957,16,TRUE,FALSE,"","",-0.0365555851579332,0.16099708519279,-0.0491534728689193,0.188359415547852,3,0.634036144578313,grad_5_all,mse
-0.0741409588103013,-0.0889600781456614,0.050885767883256,0.059132208781873,0.145114237464712,0.132471514494648,3386,3824,1,0.67043072600598,1.48799997058052,16,TRUE,FALSE,"","",-0.173877063861483,0.0255951462408806,-0.204859207358133,0.0269390510668097,4,0.657433578292821,grad_5_all,mse
-0.0085574029142208,-0.0127353196955704,0.0326415133741775,0.0401178482863224,0.793195639697258,0.750903898557313,6453,7300,1,0.776360415776119,1.57733557123984,16,TRUE,FALSE,"","",-0.0725347691276086,0.055419963299167,-0.0913663023367623,0.0658956629456215,5,0.632183908045977,grad_5_all,mse
-0.00414175713146747,0.0939170512909779,0.0403049724241767,0.123770307192469,0.918153094812802,0.4479715183182,3592,2435,1,1,1,16,TRUE,FALSE,"","",-0.0831395030828539,0.0748559888199189,-0.148672750806262,0.336506853388218,1,0.608440797186401,grad_5_all,"(15, 17)"
-0.0585181642342596,-0.123230241379727,0.0364336788596537,0.11158545166833,0.108239684439377,0.269438046575511,4346,3009,1,1,1,16,TRUE,FALSE,"","",-0.129928174799181,0.0128918463306616,-0.341937726649655,0.0954772438902001,2,0.63969896519285,grad_5_all,"(15, 17)"
-0.00587937662013238,0.154548017546122,0.0323517216473615,0.0986921762103116,0.855792238067973,0.117357940789012,5458,3880,1,1,1,16,TRUE,FALSE,"","",-0.0692887510489608,0.0575299978086961,-0.0388886478260883,0.347984682918333,3,0.634036144578313,grad_5_all,"(15, 17)"
-0.0487266058438194,-0.0833504544684283,0.0276517148851361,0.0832322968028177,0.0780431237756049,0.316623985846939,6916,5198,1,1,1,16,TRUE,FALSE,*,"",-0.102923967018686,0.00547075533104742,-0.246485756201951,0.0797848472650945,4,0.657433578292821,grad_5_all,"(15, 17)"
-0.00650574140494564,-0.0120366539025045,0.0227782577795869,0.0700680873390988,0.775175390717695,0.863606474115395,9972,8964,1,1,1,16,TRUE,FALSE,"","",-0.051151126652936,0.0381396438430447,-0.149370105087138,0.125296797282129,5,0.632183908045977,grad_5_all,"(15, 17)"
0.0685101414439686,0.0821459241056279,0.0506692582017761,0.0593175210012312,0.176341828528176,0.166098054129855,2245,2066,1,0.784264223424389,1.69763831810814,16,TRUE,FALSE,"","",-0.0308016046315125,0.16782188751945,-0.0341164170567853,0.198408265268041,1,0.733880422039859,grad_7_all,mse
-0.0807252383771817,-0.0925349003133191,0.045325048646734,0.0534716821914179,0.0749076689236044,0.0835337895958764,2832,2559,1,0.782547309402948,1.67858852675661,16,TRUE,FALSE,*,*,-0.16956233372478,0.00811185697041693,-0.197339397408498,0.0122695967818599,2,0.774223894637817,grad_7_all,mse
0.0777161145773633,0.0877361039599611,0.0487660757190073,0.0572402242894551,0.111014182353844,0.125332511667141,2851,2929,1,0.704852412326556,1.53284566628113,16,TRUE,FALSE,"","",-0.0178653938318911,0.173297622986618,-0.0244547356473709,0.199926943567293,3,0.780120481927711,grad_7_all,mse
-0.0196784192884114,-0.0204880905702214,0.0174334691129496,0.0215603079210507,0.258993845936991,0.341975625836081,10960,6382,1,1.30475819610302,2.47600566826896,16,TRUE,FALSE,"","",-0.0538480187497927,0.0144911801729699,-0.0627462940954808,0.021770112955038,4,0.797625777275297,grad_7_all,mse
-0.0168161720194786,-0.0176002608706143,0.023184772274669,0.0288142359602461,0.468261215125288,0.541319917261427,7787,8130,1,0.864192924007299,1.71273759335642,16,TRUE,FALSE,"","",-0.0622583256778299,0.0286259816388726,-0.0740761633526966,0.038875641611468,5,0.796934865900383,grad_7_all,mse
0.045967316233235,0.14773010967653,0.0354223895761894,0.110484247290366,0.19439353676365,0.181185203950731,3592,2435,1,1,1,16,TRUE,FALSE,"","",-0.0234605673360962,0.115395199802566,-0.0688190150125877,0.364279234365649,1,0.733880422039859,grad_7_all,"(15, 17)"
-0.0593841964795556,-0.142222090986513,0.0320202250434587,0.0986390599817551,0.0636556571913443,0.149346518111861,4346,3009,1,1,1,16,TRUE,FALSE,*,"",-0.122143837564735,0.00337544460562342,-0.335554648550753,0.0511104665777267,2,0.774223894637817,grad_7_all,"(15, 17)"
-0.0032845822862142,0.169934741746775,0.0281642751661884,0.0876495860011615,0.907159372822275,0.0525260791500806,5458,3880,1,1,1,16,TRUE,FALSE,"",*,-0.0584865616119434,0.051917397039515,-0.00185844681550179,0.341727930309051,3,0.780120481927711,grad_7_all,"(15, 17)"
-0.0305974037381918,-0.0402036848723422,0.0232255822405053,0.0696740721083237,0.187704268005654,0.563922534261882,6916,5198,1,1,1,16,TRUE,FALSE,"","",-0.0761195449295821,0.0149247374531985,-0.176764866204657,0.0963574964599723,4,0.797625777275297,grad_7_all,"(15, 17)"
-0.0171098587385612,-0.0364566477538324,0.0190857530518948,0.0591652148199218,0.370000293824359,0.537773209563248,9972,8964,1,1,1,16,TRUE,FALSE,"","",-0.054517934720275,0.0202982172431526,-0.152420468800879,0.0795071732932143,5,0.796934865900383,grad_7_all,"(15, 17)"
0.0827952842718687,0.10851390228716,0.0856812139410549,0.092390146263899,0.333885169452009,0.240187552378945,1283,1647,1,0.600497162642728,1.52436587434928,16,TRUE,FALSE,"","",-0.085139895052599,0.250730463596336,-0.0725707843900817,0.289598588964402,1,0.75263774912075,grad_9_all,mse
-0.0946750174652671,-0.111612056923966,0.0591166089194843,0.0668760064665855,0.109267087485179,0.0951292277572849,2072,2197,1,0.663769973732987,1.53781709806503,16,TRUE,FALSE,"",*,-0.210543570947456,0.0211935360169222,-0.242689029598474,0.0194649157505415,2,0.805268109125118,grad_9_all,mse
0.104447038233226,0.116075718184572,0.0545001498869181,0.062643558617313,0.0553073143834352,0.0638887561456011,2436,2794,1,0.654859871091313,1.47281407448323,16,TRUE,FALSE,*,*,-0.00237325554513305,0.211267332011586,-0.0067056567053617,0.238857093074505,3,0.80421686746988,grad_9_all,mse
-0.0155444776840286,-0.0149570563344035,0.0160235072855675,0.0197932795363346,0.331994370090269,0.44985105073891,11389,6496,1,1.34485108023851,2.53699024941496,16,TRUE,FALSE,"","",-0.0469505519637409,0.0158615965956838,-0.0537518842256193,0.0238377715568124,4,0.822498586772188,grad_9_all,mse
-0.0137401946410383,-0.0128177754842973,0.0218482438929148,0.0270855030115048,0.529419498844176,0.636046386759643,7787,8130,1,0.864288219524441,1.7209049264639,16,TRUE,FALSE,"","",-0.0565627526711512,0.0290823633890747,-0.0659053613868467,0.0402698104182521,5,0.831034482758621,grad_9_all,mse
0.061800928975464,0.20216811565743,0.0341462545862986,0.10709359257022,0.070313009538527,0.0590567785914892,3592,2435,1,1,1,16,TRUE,FALSE,*,*,-0.0051257300136813,0.128727587964609,-0.00773532578020078,0.412071557095061,1,0.75263774912075,grad_9_all,"(15, 17)"
-0.0661217797610461,-0.13308507473335,0.0306878811464799,0.0945239424761396,0.031188884504047,0.159145594307576,4346,3009,1,1,1,16,TRUE,FALSE,**,"",-0.126270026808147,-0.00597353271394542,-0.318352001986584,0.0521818525198839,2,0.805268109125118,grad_9_all,"(15, 17)"
0.00469759363733213,0.17307569399447,0.0268756771414566,0.084242860890304,0.8612448207764,0.0399287737786864,5458,3880,1,1,1,16,TRUE,FALSE,"",**,-0.0479787335599227,0.057373920834587,0.00795968664947391,0.338191701339466,3,0.80421686746988,grad_9_all,"(15, 17)"
-0.0267798220796938,-0.0098622727378368,0.0219769253205435,0.0649286178153075,0.223017805777389,0.879270476752541,6916,5198,1,1,1,16,TRUE,FALSE,"","",-0.069854595707959,0.0162949515485715,-0.137122363655839,0.117397818180166,4,0.822498586772188,grad_9_all,"(15, 17)"
-0.0144947405047713,-0.0114603849064627,0.017950087146797,0.0558206628884567,0.419377026471592,0.837332106402133,9972,8964,1,1,1,16,TRUE,FALSE,"","",-0.0496769113124934,0.0206874303029508,-0.120868884167838,0.0979481143549123,5,0.831034482758621,grad_9_all,"(15, 17)"
13.0419697033686,13.8479821274175,11.8326989620114,14.5960997551872,0.270375874119329,0.342750130493954,2567,1739,1,0.953871989690992,1.85825406824104,16,TRUE,FALSE,"","",-10.1501202621738,36.234059668911,-14.7603733927495,42.4563376475845,1,263.438080495356,max_ects_credits,mse
4.71783441135824,8.08279312828961,12.8433114297974,15.3196246288673,0.713367024066207,0.597769779980589,2368,1872,1,0.837352026738687,1.7490618571851,16,TRUE,FALSE,"","",-20.4550559910447,29.8907248137611,-21.9436711442902,38.1092574008694,2,267.408740359897,max_ects_credits,mse
-26.8347888964665,-31.9488254176426,15.1366917451958,17.0319970425854,0.0762567967062601,0.0606810917127527,2136,2125,1,0.710856759085677,1.68088468120544,16,TRUE,FALSE,*,*,-56.5027047170504,2.8331269241173,-65.33153962111,1.43388878582472,3,272.885654885655,max_ects_credits,mse
-18.8401981884145,-22.6262233651878,13.8695152536858,16.0586175479084,0.174340254649914,0.158841958359809,2441,2737,1,0.683015860584358,1.52502546081176,16,TRUE,FALSE,"","",-46.0244480856386,8.34405170880954,-54.1011137590882,8.84866702871261,4,270.734025559105,max_ects_credits,mse
-1.61248005065568,-3.29425204528036,7.32250463140745,8.91734109911032,0.825708533562605,0.711814032862495,5973,5496,1,0.921497665316989,1.8691764215619,16,TRUE,FALSE,"","",-15.9645891282143,12.7396290269029,-20.7722405995366,14.1837365089759,5,268.943331425301,max_ects_credits,mse
12.6764053967746,-3.00092198540494,11.094242701666,34.4893998713407,0.253200074642879,0.930663579478137,2730,1773,1,1,1,16,TRUE,FALSE,"","",-9.06831029849074,34.42112109204,-70.6001457332327,64.5983017624228,1,263.438080495356,max_ects_credits,"(15, 17)"
1.94768412753183,17.9824277022018,10.0828277933251,30.8027723678205,0.846827053520844,0.559359920106771,3250,2131,1,1,1,16,TRUE,FALSE,"","",-17.8146583473853,21.710026602449,-42.3910061387263,78.3558615431299,2,267.408740359897,max_ects_credits,"(15, 17)"
-22.9763378298118,-48.7433040605457,9.06008153543693,27.7082010980306,0.011212775699501,0.0785494474773647,3951,2746,1,1,1,16,TRUE,FALSE,**,*,-40.7340976392682,-5.21857802035539,-103.051378212686,5.56477009159419,3,272.885654885655,max_ects_credits,"(15, 17)"
-11.9547646520088,-33.6246109540299,7.80577891087575,23.6071683703618,0.125639088164036,0.154348358574407,4895,3593,1,1,1,16,TRUE,FALSE,"","",-27.2540913173252,3.34456201330772,-79.894660959939,12.6454390518792,4,270.734025559105,max_ects_credits,"(15, 17)"
-3.50925579033037,14.3204311548285,6.58033302068578,20.452330328611,0.593829694135258,0.483811282038468,6791,5756,1,1,1,16,TRUE,FALSE,"","",-16.4067085108745,9.38819693021376,-25.766136289249,54.406998598906,5,268.943331425301,max_ects_credits,"(15, 17)"
-0.0100180321242689,-0.00645198467311792,0.0602757865849991,0.07243613210559,0.867996995395579,0.929025199701908,2316,2155,1,0.711872260131672,1.47068566667011,16,TRUE,FALSE,"","",-0.128158573830867,0.108122509582329,-0.148426803600074,0.135522834253838,1,0.60038240917782,master_anytime_all,mse
-0.0345344247642978,-0.0425597671033742,0.0432778476248044,0.0522811205052574,0.424887890290151,0.415612791097123,3878,2940,1,0.8240128303528,1.68420647229071,16,TRUE,FALSE,"","",-0.119359006108914,0.0502901565803189,-0.145030763293679,0.0599112290869302,2,0.634357762017337,master_anytime_all,mse
-0.0559280781881837,-0.0671592983403304,0.0368743342318739,0.0432530363794491,0.129337132452694,0.120493116183229,4734,3768,1,0.837463576489223,1.80346172448258,16,TRUE,FALSE,"","",-0.128201773282656,0.0163456169062891,-0.151935249644051,0.0176166529633898,3,0.656209987195903,master_anytime_all,mse
-0.0301335647697054,-0.0388076490751885,0.0242968566532733,0.0281534418310158,0.214892249013687,0.168069467526566,8624,5821,1,1.03582117395519,2.2641442756612,16,TRUE,FALSE,"","",-0.0777554038101212,0.0174882742707103,-0.0939883950639795,0.0163730969136025,4,0.683601609657948,master_anytime_all,mse
-0.00742309820754694,-0.0128021551654174,0.023791374838596,0.0289238001562766,0.755034477780712,0.658043048686892,8824,8531,1,0.876490199952948,1.79537614098367,16,TRUE,FALSE,"","",-0.0540541928911951,0.0392079964761012,-0.0694928034717195,0.0438884931408847,5,0.735849056603774,master_anytime_all,mse
0.0444875578617994,-0.0385205710857868,0.035632231414729,0.10928276773896,0.211840644708083,0.724474327741692,4545,2748,1,1,1,16,TRUE,FALSE,"","",-0.0253516157110694,0.114326731434668,-0.252714795854149,0.175673653682575,1,0.60038240917782,master_anytime_all,"(15, 17)"
-0.0457476602879468,0.0214285706843766,0.0331833894877803,0.100381189980347,0.168008452611035,0.830958847539531,5422,3360,1,1,1,16,TRUE,FALSE,"","",-0.110787103683996,0.0192917831081026,-0.175318561677104,0.218175703045857,2,0.634357762017337,master_anytime_all,"(15, 17)"
-0.0465680396299908,-0.0979431336285439,0.0290479185888307,0.0881419321979292,0.108902537167839,0.266483157066927,6505,4276,1,1,1,16,TRUE,FALSE,"","",-0.103501960064099,0.0103658808041174,-0.270701320736485,0.0748150534793973,3,0.656209987195903,master_anytime_all,"(15, 17)"
-0.029287392161073,0.0441967711825488,0.0253938529759915,0.0768652662776004,0.248776581497648,0.56529795694314,7918,5612,1,1,1,16,TRUE,FALSE,"","",-0.0790593439940164,0.0204845596718703,-0.106459150721548,0.194852693086646,4,0.683601609657948,master_anytime_all,"(15, 17)"
-0.00722585502025308,-0.0286181345432088,0.0199683790496089,0.0616790340543935,0.717453008140934,0.642658632732746,10836,9358,1,1,1,16,TRUE,FALSE,"","",-0.0463638779574866,0.0319121679169804,-0.14950904128982,0.0922727722034024,5,0.735849056603774,master_anytime_all,"(15, 17)"
0.036287173841988,0.042505337886201,0.0638328849817111,0.0761985783271121,0.569714874075579,0.576965091136338,2043,2040,1,0.66376752457455,1.38327910351733,16,TRUE,FALSE,"","",-0.0888252807221658,0.161399628406142,-0.106843875634939,0.191854551407341,1,0.246653919694073,master_select_anytime_all,mse
-0.0217974339987957,-0.0362545831598096,0.0381373650458993,0.043447976672759,0.567626468611434,0.404034984045058,3996,2996,1,0.845767996080267,1.91757631652411,16,TRUE,FALSE,"","",-0.0965466694887583,0.0529518014911668,-0.121412617438417,0.0489034511187981,2,0.282111899133176,master_select_anytime_all,mse
-0.00581518787523772,-0.0119660443577345,0.0408457455385157,0.0495867408752681,0.886788161986229,0.809310673730226,4172,3629,1,0.780089927724884,1.5874566514073,16,TRUE,FALSE,"","",-0.0858728491307284,0.074242473380253,-0.10915605647326,0.0852239677577909,3,0.28809218950064,master_select_anytime_all,mse
-0.0160464115799286,-0.015724837247294,0.0460860675399263,0.0558741616273068,0.727702325040943,0.778378250899067,3920,4248,1,0.680945056622987,1.4034307106494,16,TRUE,FALSE,"","",-0.106375103958184,0.074282280798327,-0.125238194036815,0.0937885195422272,4,0.310865191146881,master_select_anytime_all,mse
-0.0560681990039125,-0.0658771570847723,0.027423849576087,0.0319021684870838,0.040903678830167,0.0389254348839659,8380,8299,1,0.858202580946323,1.89487327801836,16,TRUE,FALSE,**,**,-0.109818944173043,-0.002317453834782,-0.128405407319457,-0.00334890685008801,5,0.390530437878248,master_select_anytime_all,mse
0.0543293236618522,0.0711826079948197,0.0337162508764639,0.0997049210146634,0.107099305527364,0.475268767773788,4545,2748,1,1,1,16,TRUE,FALSE,"","",-0.0117545280560171,0.120413175379721,-0.124239037193921,0.26660425318356,1,0.246653919694073,master_select_anytime_all,"(15, 17)"
-0.0370423595004143,0.086694896948931,0.0306817119253121,0.0900023874405953,0.227312506481814,0.335421536509461,5422,3360,1,1,1,16,TRUE,FALSE,"","",-0.097178514874026,0.0230937958731973,-0.0897097824346358,0.263099576332498,2,0.282111899133176,master_select_anytime_all,"(15, 17)"
-0.00248328644748841,-0.0202211301113652,0.0287009159726809,0.0867371256186889,0.931050753735874,0.815659528819335,6505,4276,1,1,1,16,TRUE,FALSE,"","",-0.0587370817539431,0.0537705088589663,-0.190225896323995,0.149783636101265,3,0.28809218950064,master_select_anytime_all,"(15, 17)"
-0.0197392088395602,-0.0174436276670661,0.0256656729544914,0.0770454834078266,0.441839966866693,0.820884975866662,7918,5612,1,1,1,16,TRUE,FALSE,"","",-0.0700439278303633,0.030565510151243,-0.168452775146406,0.133565519812274,4,0.310865191146881,master_select_anytime_all,"(15, 17)"
-0.0382895424374938,-0.151144389523344,0.0223383163254787,0.0681640104544058,0.0865150110467326,0.0265982611018598,10836,9358,1,1,1,16,TRUE,FALSE,*,**,-0.0820726424354321,0.00549355756044439,-0.28474585001398,-0.0175429290327088,5,0.390530437878248,master_select_anytime_all,"(15, 17)"
0.145515102976333,0.127655647975992,0.258738109747357,0.311563412266544,0.573841439112029,0.68200691439579,1233,1459,1,0.680380361767275,1.40555290003502,16,TRUE,FALSE,"","",-0.361611592128487,0.652641798081153,-0.483008640066435,0.738319936018419,1,13.5228031219009,quality_first_grad_degree,mse
0.188530255822201,0.141930656664265,0.189137973229712,0.226568510105756,0.318867953580048,0.531029044989434,1867,1862,1,0.733295914381684,1.54455508499398,16,TRUE,FALSE,"","",-0.182180171708035,0.559240683352437,-0.302143623143016,0.586004936471545,2,13.5409176998767,quality_first_grad_degree,mse
0.19470958787128,0.197820879231635,0.11858429524204,0.147866406709753,0.100600184264278,0.180950174593173,3350,2908,1,0.899277241084396,1.75287933557458,16,TRUE,FALSE,"","",-0.037715630803118,0.427134806545678,-0.0919972779194801,0.48763903638275,3,13.5709510275777,quality_first_grad_degree,mse
-0.104278474686417,-0.115657537656894,0.16772051675494,0.203993069430843,0.534113156367462,0.570735939243661,2673,3108,1,0.682200045789181,1.41251565241777,16,TRUE,FALSE,"","",-0.433010687526101,0.224453738153266,-0.515483953741345,0.284168878427558,4,13.6081988185079,quality_first_grad_degree,mse
-0.136061542331696,-0.163356388838942,0.154823331187627,0.182124666547548,0.379499922711831,0.369746567284284,3303,4974,1,0.638973556582364,1.3842798226654,16,TRUE,FALSE,"","",-0.439515271459444,0.167392186796052,-0.520320735272135,0.193607957594251,5,13.852236477432,quality_first_grad_degree,mse
0.218125302638693,-0.0549788594134917,0.137584158050013,0.430612794943834,0.112876506935505,0.898405493743373,2572,1938,1,1,1,16,TRUE,FALSE,"","",-0.0515396471393319,0.487790252416719,-0.898979937503406,0.789022218676422,1,13.5228031219009,quality_first_grad_degree,"(15, 17)"
-0.0155869340728785,0.523292082205522,0.122136884761362,0.362027334769638,0.898450837835173,0.148331782677787,3218,2348,1,1,1,16,TRUE,FALSE,"","",-0.254975228205148,0.223801360059391,-0.186281493942968,1.23286565835401,2,13.5409176998767,quality_first_grad_degree,"(15, 17)"
0.1590755698438,0.388014373706156,0.103969015637485,0.307911270396818,0.126009644126748,0.207615272036353,4024,3114,1,1,1,16,TRUE,FALSE,"","",-0.0447037008056708,0.362854840493271,-0.215491716271607,0.991520463683919,3,13.5709510275777,quality_first_grad_degree,"(15, 17)"
0.0121909342543205,-0.205855980262406,0.0943306906980694,0.282331928206698,0.897170801195561,0.465923658474069,5203,4156,1,1,1,16,TRUE,FALSE,"","",-0.172697219513895,0.197079088022536,-0.759226559547535,0.347514599022723,4,13.6081988185079,quality_first_grad_degree,"(15, 17)"
-0.0328647008285188,-0.248965427565359,0.0759319810736059,0.228615235284167,0.66514725726481,0.276147257293741,7721,7250,1,1,1,16,TRUE,FALSE,"","",-0.181691383732786,0.115961982075749,-0.697051288722326,0.199120433591608,5,13.852236477432,quality_first_grad_degree,"(15, 17)"
