freq,id,year_bac_plus,echelon
30886,1,1,0
30886,1,2,0
30886,1,3,0
11000,2,1,0
11000,2,2,0
11000,2,3,0bis
3542,3,1,0
3542,3,2,0
3542,3,3,1
506,4,1,0
506,4,2,0
506,4,3,2
289,5,1,0
289,5,2,0
289,5,3,3
170,6,1,0
170,6,2,0
170,6,3,4
197,7,1,0
197,7,2,0
197,7,3,5
121,8,1,0
121,8,2,0
121,8,3,6
12,9,1,0
12,9,2,0
12,9,3,7
7630,10,1,0
7630,10,2,0
7630,10,3,"enrolled + FA app.
but not eligible"
980,11,1,0
980,11,2,0
980,11,3,"not enrolled + FA app.
but not eligible"
18337,12,1,0
18337,12,2,0
18337,12,3,
1424,13,1,0
1424,13,2,0bis
1424,13,3,0
9703,14,1,0
9703,14,2,0bis
9703,14,3,0bis
1084,15,1,0
1084,15,2,0bis
1084,15,3,1
152,16,1,0
152,16,2,0bis
152,16,3,2
75,17,1,0
75,17,2,0bis
75,17,3,3
60,18,1,0
60,18,2,0bis
60,18,3,4
56,19,1,0
56,19,2,0bis
56,19,3,5
29,20,1,0
29,20,2,0bis
29,20,3,6
8,21,1,0
8,21,2,0bis
8,21,3,7
1765,22,1,0
1765,22,2,0bis
1765,22,3,"enrolled + FA app.
but not eligible"
272,23,1,0
272,23,2,0bis
272,23,3,"not enrolled + FA app.
but not eligible"
3730,24,1,0
3730,24,2,0bis
3730,24,3,
1774,25,1,0
1774,25,2,1
1774,25,3,0
1590,26,1,0
1590,26,2,1
1590,26,3,0bis
3467,27,1,0
3467,27,2,1
3467,27,3,1
532,28,1,0
532,28,2,1
532,28,3,2
268,29,1,0
268,29,2,1
268,29,3,3
138,30,1,0
138,30,2,1
138,30,3,4
154,31,1,0
154,31,2,1
154,31,3,5
57,32,1,0
57,32,2,1
57,32,3,6
20,33,1,0
20,33,2,1
20,33,3,7
498,34,1,0
498,34,2,1
498,34,3,"enrolled + FA app.
but not eligible"
98,35,1,0
98,35,2,1
98,35,3,"not enrolled + FA app.
but not eligible"
2484,36,1,0
2484,36,2,1
2484,36,3,
158,37,1,0
158,37,2,2
158,37,3,0
159,38,1,0
159,38,2,2
159,38,3,0bis
419,39,1,0
419,39,2,2
419,39,3,1
335,40,1,0
335,40,2,2
335,40,3,2
161,41,1,0
161,41,2,2
161,41,3,3
82,42,1,0
82,42,2,2
82,42,3,4
56,43,1,0
56,43,2,2
56,43,3,5
33,44,1,0
33,44,2,2
33,44,3,6
3,45,1,0
3,45,2,2
3,45,3,7
84,46,1,0
84,46,2,2
84,46,3,"enrolled + FA app.
but not eligible"
20,47,1,0
20,47,2,2
20,47,3,"not enrolled + FA app.
but not eligible"
409,48,1,0
409,48,2,2
409,48,3,
97,49,1,0
97,49,2,3
97,49,3,0
64,50,1,0
64,50,2,3
64,50,3,0bis
177,51,1,0
177,51,2,3
177,51,3,1
158,52,1,0
158,52,2,3
158,52,3,2
242,53,1,0
242,53,2,3
242,53,3,3
121,54,1,0
121,54,2,3
121,54,3,4
76,55,1,0
76,55,2,3
76,55,3,5
31,56,1,0
31,56,2,3
31,56,3,6
3,57,1,0
3,57,2,3
3,57,3,7
48,58,1,0
48,58,2,3
48,58,3,"enrolled + FA app.
but not eligible"
11,59,1,0
11,59,2,3
11,59,3,"not enrolled + FA app.
but not eligible"
262,60,1,0
262,60,2,3
262,60,3,
47,61,1,0
47,61,2,4
47,61,3,0
32,62,1,0
32,62,2,4
32,62,3,0bis
68,63,1,0
68,63,2,4
68,63,3,1
62,64,1,0
62,64,2,4
62,64,3,2
103,65,1,0
103,65,2,4
103,65,3,3
166,66,1,0
166,66,2,4
166,66,3,4
107,67,1,0
107,67,2,4
107,67,3,5
35,68,1,0
35,68,2,4
35,68,3,6
5,69,1,0
5,69,2,4
5,69,3,7
34,70,1,0
34,70,2,4
34,70,3,"enrolled + FA app.
but not eligible"
8,71,1,0
8,71,2,4
8,71,3,"not enrolled + FA app.
but not eligible"
227,72,1,0
227,72,2,4
227,72,3,
41,73,1,0
41,73,2,5
41,73,3,0
36,74,1,0
36,74,2,5
36,74,3,0bis
63,75,1,0
63,75,2,5
63,75,3,1
45,76,1,0
45,76,2,5
45,76,3,2
66,77,1,0
66,77,2,5
66,77,3,3
116,78,1,0
116,78,2,5
116,78,3,4
283,79,1,0
283,79,2,5
283,79,3,5
90,80,1,0
90,80,2,5
90,80,3,6
7,81,1,0
7,81,2,5
7,81,3,7
53,82,1,0
53,82,2,5
53,82,3,"enrolled + FA app.
but not eligible"
12,83,1,0
12,83,2,5
12,83,3,"not enrolled + FA app.
but not eligible"
250,84,1,0
250,84,2,5
250,84,3,
23,85,1,0
23,85,2,6
23,85,3,0
18,86,1,0
18,86,2,6
18,86,3,0bis
35,87,1,0
35,87,2,6
35,87,3,1
21,88,1,0
21,88,2,6
21,88,3,2
30,89,1,0
30,89,2,6
30,89,3,3
22,90,1,0
22,90,2,6
22,90,3,4
82,91,1,0
82,91,2,6
82,91,3,5
170,92,1,0
170,92,2,6
170,92,3,6
18,93,1,0
18,93,2,6
18,93,3,7
27,94,1,0
27,94,2,6
27,94,3,"enrolled + FA app.
but not eligible"
7,95,1,0
7,95,2,6
7,95,3,"not enrolled + FA app.
but not eligible"
151,96,1,0
151,96,2,6
151,96,3,
2,97,1,0
2,97,2,7
2,97,3,0
2,98,1,0
2,98,2,7
2,98,3,0bis
2,99,1,0
2,99,2,7
2,99,3,1
2,100,1,0
2,100,2,7
2,100,3,2
3,101,1,0
3,101,2,7
3,101,3,3
3,102,1,0
3,102,2,7
3,102,3,5
8,103,1,0
8,103,2,7
8,103,3,6
26,104,1,0
26,104,2,7
26,104,3,7
3,105,1,0
3,105,2,7
3,105,3,"enrolled + FA app.
but not eligible"
17,106,1,0
17,106,2,7
17,106,3,
1221,107,1,0
1221,107,2,"enrolled + FA app.
but not eligible"
1221,107,3,0
813,108,1,0
813,108,2,"enrolled + FA app.
but not eligible"
813,108,3,0bis
116,109,1,0
116,109,2,"enrolled + FA app.
but not eligible"
116,109,3,1
59,110,1,0
59,110,2,"enrolled + FA app.
but not eligible"
59,110,3,2
27,111,1,0
27,111,2,"enrolled + FA app.
but not eligible"
27,111,3,3
21,112,1,0
21,112,2,"enrolled + FA app.
but not eligible"
21,112,3,4
27,113,1,0
27,113,2,"enrolled + FA app.
but not eligible"
27,113,3,5
22,114,1,0
22,114,2,"enrolled + FA app.
but not eligible"
22,114,3,6
13,115,1,0
13,115,2,"enrolled + FA app.
but not eligible"
13,115,3,7
2325,116,1,0
2325,116,2,"enrolled + FA app.
but not eligible"
2325,116,3,"enrolled + FA app.
but not eligible"
172,117,1,0
172,117,2,"enrolled + FA app.
but not eligible"
172,117,3,"not enrolled + FA app.
but not eligible"
6845,118,1,0
6845,118,2,"enrolled + FA app.
but not eligible"
6845,118,3,
42,119,1,0
42,119,2,"not enrolled + FA app.
but not eligible"
42,119,3,0
21,120,1,0
21,120,2,"not enrolled + FA app.
but not eligible"
21,120,3,0bis
7,121,1,0
7,121,2,"not enrolled + FA app.
but not eligible"
7,121,3,1
2,122,1,0
2,122,2,"not enrolled + FA app.
but not eligible"
2,122,3,2
3,123,1,0
3,123,2,"not enrolled + FA app.
but not eligible"
3,123,3,3
1,124,1,0
1,124,2,"not enrolled + FA app.
but not eligible"
1,124,3,4
2,125,1,0
2,125,2,"not enrolled + FA app.
but not eligible"
2,125,3,5
1,126,1,0
1,126,2,"not enrolled + FA app.
but not eligible"
1,126,3,6
1,127,1,0
1,127,2,"not enrolled + FA app.
but not eligible"
1,127,3,7
20,128,1,0
20,128,2,"not enrolled + FA app.
but not eligible"
20,128,3,"enrolled + FA app.
but not eligible"
62,129,1,0
62,129,2,"not enrolled + FA app.
but not eligible"
62,129,3,"not enrolled + FA app.
but not eligible"
829,130,1,0
829,130,2,"not enrolled + FA app.
but not eligible"
829,130,3,
4934,131,1,0
4934,131,2,
4934,131,3,0
3207,132,1,0
3207,132,2,
3207,132,3,0bis
1240,133,1,0
1240,133,2,
1240,133,3,1
287,134,1,0
287,134,2,
287,134,3,2
199,135,1,0
199,135,2,
199,135,3,3
148,136,1,0
148,136,2,
148,136,3,4
170,137,1,0
170,137,2,
170,137,3,5
120,138,1,0
120,138,2,
120,138,3,6
27,139,1,0
27,139,2,
27,139,3,7
1884,140,1,0
1884,140,2,
1884,140,3,"enrolled + FA app.
but not eligible"
321,141,1,0
321,141,2,
321,141,3,"not enrolled + FA app.
but not eligible"
59222,142,1,0
59222,142,2,
59222,142,3,
40,143,1,0bis
40,143,2,0
40,143,3,0
1572,144,1,0bis
1572,144,2,0
1572,144,3,0bis
46,145,1,0bis
46,145,2,0
46,145,3,1
18,146,1,0bis
18,146,2,0
18,146,3,2
16,147,1,0bis
16,147,2,0
16,147,3,3
5,148,1,0bis
5,148,2,0
5,148,3,4
9,149,1,0bis
9,149,2,0
9,149,3,5
4,150,1,0bis
4,150,2,0
4,150,3,6
1,151,1,0bis
1,151,2,0
1,151,3,7
709,152,1,0bis
709,152,2,0
709,152,3,"enrolled + FA app.
but not eligible"
70,153,1,0bis
70,153,2,0
70,153,3,"not enrolled + FA app.
but not eligible"
1182,154,1,0bis
1182,154,2,0
1182,154,3,
307,155,1,0bis
307,155,2,0bis
307,155,3,0
18890,156,1,0bis
18890,156,2,0bis
18890,156,3,0bis
1984,157,1,0bis
1984,157,2,0bis
1984,157,3,1
246,158,1,0bis
246,158,2,0bis
246,158,3,2
160,159,1,0bis
160,159,2,0bis
160,159,3,3
91,160,1,0bis
91,160,2,0bis
91,160,3,4
99,161,1,0bis
99,161,2,0bis
99,161,3,5
52,162,1,0bis
52,162,2,0bis
52,162,3,6
28,163,1,0bis
28,163,2,0bis
28,163,3,7
2566,164,1,0bis
2566,164,2,0bis
2566,164,3,"enrolled + FA app.
but not eligible"
502,165,1,0bis
502,165,2,0bis
502,165,3,"not enrolled + FA app.
but not eligible"
7967,166,1,0bis
7967,166,2,0bis
7967,166,3,
16,167,1,0bis
16,167,2,1
16,167,3,0
1435,168,1,0bis
1435,168,2,1
1435,168,3,0bis
1404,169,1,0bis
1404,169,2,1
1404,169,3,1
231,170,1,0bis
231,170,2,1
231,170,3,2
115,171,1,0bis
115,171,2,1
115,171,3,3
63,172,1,0bis
63,172,2,1
63,172,3,4
67,173,1,0bis
67,173,2,1
67,173,3,5
30,174,1,0bis
30,174,2,1
30,174,3,6
9,175,1,0bis
9,175,2,1
9,175,3,7
232,176,1,0bis
232,176,2,1
232,176,3,"enrolled + FA app.
but not eligible"
55,177,1,0bis
55,177,2,1
55,177,3,"not enrolled + FA app.
but not eligible"
1197,178,1,0bis
1197,178,2,1
1197,178,3,
1,179,1,0bis
1,179,2,2
1,179,3,0
114,180,1,0bis
114,180,2,2
114,180,3,0bis
178,181,1,0bis
178,181,2,2
178,181,3,1
138,182,1,0bis
138,182,2,2
138,182,3,2
61,183,1,0bis
61,183,2,2
61,183,3,3
33,184,1,0bis
33,184,2,2
33,184,3,4
24,185,1,0bis
24,185,2,2
24,185,3,5
11,186,1,0bis
11,186,2,2
11,186,3,6
1,187,1,0bis
1,187,2,2
1,187,3,7
56,188,1,0bis
56,188,2,2
56,188,3,"enrolled + FA app.
but not eligible"
10,189,1,0bis
10,189,2,2
10,189,3,"not enrolled + FA app.
but not eligible"
205,190,1,0bis
205,190,2,2
205,190,3,
1,191,1,0bis
1,191,2,3
1,191,3,0
79,192,1,0bis
79,192,2,3
79,192,3,0bis
64,193,1,0bis
64,193,2,3
64,193,3,1
70,194,1,0bis
70,194,2,3
70,194,3,2
79,195,1,0bis
79,195,2,3
79,195,3,3
49,196,1,0bis
49,196,2,3
49,196,3,4
31,197,1,0bis
31,197,2,3
31,197,3,5
8,198,1,0bis
8,198,2,3
8,198,3,6
2,199,1,0bis
2,199,2,3
2,199,3,7
31,200,1,0bis
31,200,2,3
31,200,3,"enrolled + FA app.
but not eligible"
8,201,1,0bis
8,201,2,3
8,201,3,"not enrolled + FA app.
but not eligible"
134,202,1,0bis
134,202,2,3
134,202,3,
1,203,1,0bis
1,203,2,4
1,203,3,0
33,204,1,0bis
33,204,2,4
33,204,3,0bis
22,205,1,0bis
22,205,2,4
22,205,3,1
19,206,1,0bis
19,206,2,4
19,206,3,2
52,207,1,0bis
52,207,2,4
52,207,3,3
53,208,1,0bis
53,208,2,4
53,208,3,4
47,209,1,0bis
47,209,2,4
47,209,3,5
13,210,1,0bis
13,210,2,4
13,210,3,6
2,211,1,0bis
2,211,2,4
2,211,3,7
16,212,1,0bis
16,212,2,4
16,212,3,"enrolled + FA app.
but not eligible"
6,213,1,0bis
6,213,2,4
6,213,3,"not enrolled + FA app.
but not eligible"
98,214,1,0bis
98,214,2,4
98,214,3,
20,215,1,0bis
20,215,2,5
20,215,3,0bis
22,216,1,0bis
22,216,2,5
22,216,3,1
14,217,1,0bis
14,217,2,5
14,217,3,2
24,218,1,0bis
24,218,2,5
24,218,3,3
48,219,1,0bis
48,219,2,5
48,219,3,4
106,220,1,0bis
106,220,2,5
106,220,3,5
34,221,1,0bis
34,221,2,5
34,221,3,6
6,222,1,0bis
6,222,2,5
6,222,3,7
16,223,1,0bis
16,223,2,5
16,223,3,"enrolled + FA app.
but not eligible"
6,224,1,0bis
6,224,2,5
6,224,3,"not enrolled + FA app.
but not eligible"
90,225,1,0bis
90,225,2,5
90,225,3,
13,226,1,0bis
13,226,2,6
13,226,3,0bis
17,227,1,0bis
17,227,2,6
17,227,3,1
3,228,1,0bis
3,228,2,6
3,228,3,2
6,229,1,0bis
6,229,2,6
6,229,3,3
10,230,1,0bis
10,230,2,6
10,230,3,4
30,231,1,0bis
30,231,2,6
30,231,3,5
57,232,1,0bis
57,232,2,6
57,232,3,6
11,233,1,0bis
11,233,2,6
11,233,3,7
13,234,1,0bis
13,234,2,6
13,234,3,"enrolled + FA app.
but not eligible"
4,235,1,0bis
4,235,2,6
4,235,3,"not enrolled + FA app.
but not eligible"
38,236,1,0bis
38,236,2,6
38,236,3,
1,237,1,0bis
1,237,2,7
1,237,3,0bis
2,238,1,0bis
2,238,2,7
2,238,3,1
1,239,1,0bis
1,239,2,7
1,239,3,2
1,240,1,0bis
1,240,2,7
1,240,3,3
1,241,1,0bis
1,241,2,7
1,241,3,4
1,242,1,0bis
1,242,2,7
1,242,3,5
17,243,1,0bis
17,243,2,7
17,243,3,6
37,244,1,0bis
37,244,2,7
37,244,3,7
4,245,1,0bis
4,245,2,7
4,245,3,"enrolled + FA app.
but not eligible"
21,246,1,0bis
21,246,2,7
21,246,3,
16,247,1,0bis
16,247,2,"enrolled + FA app.
but not eligible"
16,247,3,0
601,248,1,0bis
601,248,2,"enrolled + FA app.
but not eligible"
601,248,3,0bis
61,249,1,0bis
61,249,2,"enrolled + FA app.
but not eligible"
61,249,3,1
11,250,1,0bis
11,250,2,"enrolled + FA app.
but not eligible"
11,250,3,2
18,251,1,0bis
18,251,2,"enrolled + FA app.
but not eligible"
18,251,3,3
6,252,1,0bis
6,252,2,"enrolled + FA app.
but not eligible"
6,252,3,4
12,253,1,0bis
12,253,2,"enrolled + FA app.
but not eligible"
12,253,3,5
4,254,1,0bis
4,254,2,"enrolled + FA app.
but not eligible"
4,254,3,6
4,255,1,0bis
4,255,2,"enrolled + FA app.
but not eligible"
4,255,3,7
589,256,1,0bis
589,256,2,"enrolled + FA app.
but not eligible"
589,256,3,"enrolled + FA app.
but not eligible"
36,257,1,0bis
36,257,2,"enrolled + FA app.
but not eligible"
36,257,3,"not enrolled + FA app.
but not eligible"
1750,258,1,0bis
1750,258,2,"enrolled + FA app.
but not eligible"
1750,258,3,
2,259,1,0bis
2,259,2,"not enrolled + FA app.
but not eligible"
2,259,3,0
27,260,1,0bis
27,260,2,"not enrolled + FA app.
but not eligible"
27,260,3,0bis
2,261,1,0bis
2,261,2,"not enrolled + FA app.
but not eligible"
2,261,3,1
2,262,1,0bis
2,262,2,"not enrolled + FA app.
but not eligible"
2,262,3,3
7,263,1,0bis
7,263,2,"not enrolled + FA app.
but not eligible"
7,263,3,"enrolled + FA app.
but not eligible"
19,264,1,0bis
19,264,2,"not enrolled + FA app.
but not eligible"
19,264,3,"not enrolled + FA app.
but not eligible"
286,265,1,0bis
286,265,2,"not enrolled + FA app.
but not eligible"
286,265,3,
43,266,1,0bis
43,266,2,
43,266,3,0
1094,267,1,0bis
1094,267,2,
1094,267,3,0bis
213,268,1,0bis
213,268,2,
213,268,3,1
46,269,1,0bis
46,269,2,
46,269,3,2
43,270,1,0bis
43,270,2,
43,270,3,3
25,271,1,0bis
25,271,2,
25,271,3,4
28,272,1,0bis
28,272,2,
28,272,3,5
14,273,1,0bis
14,273,2,
14,273,3,6
11,274,1,0bis
11,274,2,
11,274,3,7
238,275,1,0bis
238,275,2,
238,275,3,"enrolled + FA app.
but not eligible"
57,276,1,0bis
57,276,2,
57,276,3,"not enrolled + FA app.
but not eligible"
11546,277,1,0bis
11546,277,2,
11546,277,3,
5815,278,1,1
5815,278,2,0
5815,278,3,0
2163,279,1,1
2163,279,2,0
2163,279,3,0bis
2454,280,1,1
2454,280,2,0
2454,280,3,1
319,281,1,1
319,281,2,0
319,281,3,2
187,282,1,1
187,282,2,0
187,282,3,3
111,283,1,1
111,283,2,0
111,283,3,4
103,284,1,1
103,284,2,0
103,284,3,5
67,285,1,1
67,285,2,0
67,285,3,6
4,286,1,1
4,286,2,0
4,286,3,7
1022,287,1,1
1022,287,2,0
1022,287,3,"enrolled + FA app.
but not eligible"
167,288,1,1
167,288,2,0
167,288,3,"not enrolled + FA app.
but not eligible"
6006,289,1,1
6006,289,2,0
6006,289,3,
285,290,1,1
285,290,2,0bis
285,290,3,0
9292,291,1,1
9292,291,2,0bis
9292,291,3,0bis
2614,292,1,1
2614,292,2,0bis
2614,292,3,1
338,293,1,1
338,293,2,0bis
338,293,3,2
143,294,1,1
143,294,2,0bis
143,294,3,3
108,295,1,1
108,295,2,0bis
108,295,3,4
100,296,1,1
100,296,2,0bis
100,296,3,5
49,297,1,1
49,297,2,0bis
49,297,3,6
15,298,1,1
15,298,2,0bis
15,298,3,7
1220,299,1,1
1220,299,2,0bis
1220,299,3,"enrolled + FA app.
but not eligible"
224,300,1,1
224,300,2,0bis
224,300,3,"not enrolled + FA app.
but not eligible"
5386,301,1,1
5386,301,2,0bis
5386,301,3,
4692,302,1,1
4692,302,2,1
4692,302,3,0
9384,303,1,1
9384,303,2,1
9384,303,3,0bis
31599,304,1,1
31599,304,2,1
31599,304,3,1
5038,305,1,1
5038,305,2,1
5038,305,3,2
1613,306,1,1
1613,306,2,1
1613,306,3,3
692,307,1,1
692,307,2,1
692,307,3,4
587,308,1,1
587,308,2,1
587,308,3,5
270,309,1,1
270,309,2,1
270,309,3,6
50,310,1,1
50,310,2,1
50,310,3,7
2893,311,1,1
2893,311,2,1
2893,311,3,"enrolled + FA app.
but not eligible"
735,312,1,1
735,312,2,1
735,312,3,"not enrolled + FA app.
but not eligible"
19385,313,1,1
19385,313,2,1
19385,313,3,
385,314,1,1
385,314,2,2
385,314,3,0
593,315,1,1
593,315,2,2
593,315,3,0bis
3524,316,1,1
3524,316,2,2
3524,316,3,1
2937,317,1,1
2937,317,2,2
2937,317,3,2
1091,318,1,1
1091,318,2,2
1091,318,3,3
438,319,1,1
438,319,2,2
438,319,3,4
321,320,1,1
321,320,2,2
321,320,3,5
123,321,1,1
123,321,2,2
123,321,3,6
28,322,1,1
28,322,2,2
28,322,3,7
516,323,1,1
516,323,2,2
516,323,3,"enrolled + FA app.
but not eligible"
147,324,1,1
147,324,2,2
147,324,3,"not enrolled + FA app.
but not eligible"
3336,325,1,1
3336,325,2,2
3336,325,3,
124,326,1,1
124,326,2,3
124,326,3,0
209,327,1,1
209,327,2,3
209,327,3,0bis
898,328,1,1
898,328,2,3
898,328,3,1
854,329,1,1
854,329,2,3
854,329,3,2
1005,330,1,1
1005,330,2,3
1005,330,3,3
420,331,1,1
420,331,2,3
420,331,3,4
296,332,1,1
296,332,2,3
296,332,3,5
103,333,1,1
103,333,2,3
103,333,3,6
17,334,1,1
17,334,2,3
17,334,3,7
211,335,1,1
211,335,2,3
211,335,3,"enrolled + FA app.
but not eligible"
71,336,1,1
71,336,2,3
71,336,3,"not enrolled + FA app.
but not eligible"
1482,337,1,1
1482,337,2,3
1482,337,3,
59,338,1,1
59,338,2,4
59,338,3,0
83,339,1,1
83,339,2,4
83,339,3,0bis
315,340,1,1
315,340,2,4
315,340,3,1
272,341,1,1
272,341,2,4
272,341,3,2
345,342,1,1
345,342,2,4
345,342,3,3
473,343,1,1
473,343,2,4
473,343,3,4
292,344,1,1
292,344,2,4
292,344,3,5
65,345,1,1
65,345,2,4
65,345,3,6
9,346,1,1
9,346,2,4
9,346,3,7
122,347,1,1
122,347,2,4
122,347,3,"enrolled + FA app.
but not eligible"
22,348,1,1
22,348,2,4
22,348,3,"not enrolled + FA app.
but not eligible"
732,349,1,1
732,349,2,4
732,349,3,
43,350,1,1
43,350,2,5
43,350,3,0
73,351,1,1
73,351,2,5
73,351,3,0bis
247,352,1,1
247,352,2,5
247,352,3,1
157,353,1,1
157,353,2,5
157,353,3,2
206,354,1,1
206,354,2,5
206,354,3,3
245,355,1,1
245,355,2,5
245,355,3,4
732,356,1,1
732,356,2,5
732,356,3,5
220,357,1,1
220,357,2,5
220,357,3,6
17,358,1,1
17,358,2,5
17,358,3,7
84,359,1,1
84,359,2,5
84,359,3,"enrolled + FA app.
but not eligible"
26,360,1,1
26,360,2,5
26,360,3,"not enrolled + FA app.
but not eligible"
761,361,1,1
761,361,2,5
761,361,3,
45,362,1,1
45,362,2,6
45,362,3,0
34,363,1,1
34,363,2,6
34,363,3,0bis
78,364,1,1
78,364,2,6
78,364,3,1
43,365,1,1
43,365,2,6
43,365,3,2
44,366,1,1
44,366,2,6
44,366,3,3
51,367,1,1
51,367,2,6
51,367,3,4
180,368,1,1
180,368,2,6
180,368,3,5
403,369,1,1
403,369,2,6
403,369,3,6
50,370,1,1
50,370,2,6
50,370,3,7
45,371,1,1
45,371,2,6
45,371,3,"enrolled + FA app.
but not eligible"
17,372,1,1
17,372,2,6
17,372,3,"not enrolled + FA app.
but not eligible"
361,373,1,1
361,373,2,6
361,373,3,
3,374,1,1
3,374,2,7
3,374,3,0bis
11,375,1,1
11,375,2,7
11,375,3,1
4,376,1,1
4,376,2,7
4,376,3,2
6,377,1,1
6,377,2,7
6,377,3,3
7,378,1,1
7,378,2,7
7,378,3,4
12,379,1,1
12,379,2,7
12,379,3,5
22,380,1,1
22,380,2,7
22,380,3,6
47,381,1,1
47,381,2,7
47,381,3,7
6,382,1,1
6,382,2,7
6,382,3,"enrolled + FA app.
but not eligible"
3,383,1,1
3,383,2,7
3,383,3,"not enrolled + FA app.
but not eligible"
63,384,1,1
63,384,2,7
63,384,3,
113,385,1,1
113,385,2,"enrolled + FA app.
but not eligible"
113,385,3,0
153,386,1,1
153,386,2,"enrolled + FA app.
but not eligible"
153,386,3,0bis
100,387,1,1
100,387,2,"enrolled + FA app.
but not eligible"
100,387,3,1
17,388,1,1
17,388,2,"enrolled + FA app.
but not eligible"
17,388,3,2
13,389,1,1
13,389,2,"enrolled + FA app.
but not eligible"
13,389,3,3
10,390,1,1
10,390,2,"enrolled + FA app.
but not eligible"
10,390,3,4
17,391,1,1
17,391,2,"enrolled + FA app.
but not eligible"
17,391,3,5
10,392,1,1
10,392,2,"enrolled + FA app.
but not eligible"
10,392,3,6
7,393,1,1
7,393,2,"enrolled + FA app.
but not eligible"
7,393,3,7
207,394,1,1
207,394,2,"enrolled + FA app.
but not eligible"
207,394,3,"enrolled + FA app.
but not eligible"
27,395,1,1
27,395,2,"enrolled + FA app.
but not eligible"
27,395,3,"not enrolled + FA app.
but not eligible"
1139,396,1,1
1139,396,2,"enrolled + FA app.
but not eligible"
1139,396,3,
8,397,1,1
8,397,2,"not enrolled + FA app.
but not eligible"
8,397,3,0
16,398,1,1
16,398,2,"not enrolled + FA app.
but not eligible"
16,398,3,0bis
17,399,1,1
17,399,2,"not enrolled + FA app.
but not eligible"
17,399,3,1
5,400,1,1
5,400,2,"not enrolled + FA app.
but not eligible"
5,400,3,2
4,401,1,1
4,401,2,"not enrolled + FA app.
but not eligible"
4,401,3,3
2,402,1,1
2,402,2,"not enrolled + FA app.
but not eligible"
2,402,3,4
3,403,1,1
3,403,2,"not enrolled + FA app.
but not eligible"
3,403,3,5
2,404,1,1
2,404,2,"not enrolled + FA app.
but not eligible"
2,404,3,6
4,405,1,1
4,405,2,"not enrolled + FA app.
but not eligible"
4,405,3,"enrolled + FA app.
but not eligible"
12,406,1,1
12,406,2,"not enrolled + FA app.
but not eligible"
12,406,3,"not enrolled + FA app.
but not eligible"
389,407,1,1
389,407,2,"not enrolled + FA app.
but not eligible"
389,407,3,
709,408,1,1
709,408,2,
709,408,3,0
1050,409,1,1
1050,409,2,
1050,409,3,0bis
1592,410,1,1
1592,410,2,
1592,410,3,1
398,411,1,1
398,411,2,
398,411,3,2
200,412,1,1
200,412,2,
200,412,3,3
129,413,1,1
129,413,2,
129,413,3,4
146,414,1,1
146,414,2,
146,414,3,5
116,415,1,1
116,415,2,
116,415,3,6
29,416,1,1
29,416,2,
29,416,3,7
291,417,1,1
291,417,2,
291,417,3,"enrolled + FA app.
but not eligible"
80,418,1,1
80,418,2,
80,418,3,"not enrolled + FA app.
but not eligible"
33825,419,1,1
33825,419,2,
33825,419,3,
752,420,1,2
752,420,2,0
752,420,3,0
263,421,1,2
263,421,2,0
263,421,3,0bis
400,422,1,2
400,422,2,0
400,422,3,1
101,423,1,2
101,423,2,0
101,423,3,2
51,424,1,2
51,424,2,0
51,424,3,3
28,425,1,2
28,425,2,0
28,425,3,4
28,426,1,2
28,426,2,0
28,426,3,5
17,427,1,2
17,427,2,0
17,427,3,6
3,428,1,2
3,428,2,0
3,428,3,7
173,429,1,2
173,429,2,0
173,429,3,"enrolled + FA app.
but not eligible"
28,430,1,2
28,430,2,0
28,430,3,"not enrolled + FA app.
but not eligible"
1050,431,1,2
1050,431,2,0
1050,431,3,
36,432,1,2
36,432,2,0bis
36,432,3,0
1139,433,1,2
1139,433,2,0bis
1139,433,3,0bis
442,434,1,2
442,434,2,0bis
442,434,3,1
113,435,1,2
113,435,2,0bis
113,435,3,2
60,436,1,2
60,436,2,0bis
60,436,3,3
38,437,1,2
38,437,2,0bis
38,437,3,4
32,438,1,2
32,438,2,0bis
32,438,3,5
21,439,1,2
21,439,2,0bis
21,439,3,6
5,440,1,2
5,440,2,0bis
5,440,3,7
170,441,1,2
170,441,2,0bis
170,441,3,"enrolled + FA app.
but not eligible"
39,442,1,2
39,442,2,0bis
39,442,3,"not enrolled + FA app.
but not eligible"
917,443,1,2
917,443,2,0bis
917,443,3,
959,444,1,2
959,444,2,1
959,444,3,0
2190,445,1,2
2190,445,2,1
2190,445,3,0bis
9047,446,1,2
9047,446,2,1
9047,446,3,1
2566,447,1,2
2566,447,2,1
2566,447,3,2
873,448,1,2
873,448,2,1
873,448,3,3
320,449,1,2
320,449,2,1
320,449,3,4
259,450,1,2
259,450,2,1
259,450,3,5
118,451,1,2
118,451,2,1
118,451,3,6
20,452,1,2
20,452,2,1
20,452,3,7
909,453,1,2
909,453,2,1
909,453,3,"enrolled + FA app.
but not eligible"
256,454,1,2
256,454,2,1
256,454,3,"not enrolled + FA app.
but not eligible"
6621,455,1,2
6621,455,2,1
6621,455,3,
337,456,1,2
337,456,2,2
337,456,3,0
666,457,1,2
666,457,2,2
666,457,3,0bis
5956,458,1,2
5956,458,2,2
5956,458,3,1
7886,459,1,2
7886,459,2,2
7886,459,3,2
2722,460,1,2
2722,460,2,2
2722,460,3,3
754,461,1,2
754,461,2,2
754,461,3,4
461,462,1,2
461,462,2,2
461,462,3,5
157,463,1,2
157,463,2,2
157,463,3,6
18,464,1,2
18,464,2,2
18,464,3,7
953,465,1,2
953,465,2,2
953,465,3,"enrolled + FA app.
but not eligible"
272,466,1,2
272,466,2,2
272,466,3,"not enrolled + FA app.
but not eligible"
7104,467,1,2
7104,467,2,2
7104,467,3,
95,468,1,2
95,468,2,3
95,468,3,0
166,469,1,2
166,469,2,3
166,469,3,0bis
1181,470,1,2
1181,470,2,3
1181,470,3,1
1886,471,1,2
1886,471,2,3
1886,471,3,2
2341,472,1,2
2341,472,2,3
2341,472,3,3
845,473,1,2
845,473,2,3
845,473,3,4
416,474,1,2
416,474,2,3
416,474,3,5
127,475,1,2
127,475,2,3
127,475,3,6
18,476,1,2
18,476,2,3
18,476,3,7
371,477,1,2
371,477,2,3
371,477,3,"enrolled + FA app.
but not eligible"
119,478,1,2
119,478,2,3
119,478,3,"not enrolled + FA app.
but not eligible"
2751,479,1,2
2751,479,2,3
2751,479,3,
32,480,1,2
32,480,2,4
32,480,3,0
63,481,1,2
63,481,2,4
63,481,3,0bis
317,482,1,2
317,482,2,4
317,482,3,1
410,483,1,2
410,483,2,4
410,483,3,2
636,484,1,2
636,484,2,4
636,484,3,3
709,485,1,2
709,485,2,4
709,485,3,4
417,486,1,2
417,486,2,4
417,486,3,5
97,487,1,2
97,487,2,4
97,487,3,6
13,488,1,2
13,488,2,4
13,488,3,7
149,489,1,2
149,489,2,4
149,489,3,"enrolled + FA app.
but not eligible"
62,490,1,2
62,490,2,4
62,490,3,"not enrolled + FA app.
but not eligible"
1029,491,1,2
1029,491,2,4
1029,491,3,
37,492,1,2
37,492,2,5
37,492,3,0
52,493,1,2
52,493,2,5
52,493,3,0bis
194,494,1,2
194,494,2,5
194,494,3,1
158,495,1,2
158,495,2,5
158,495,3,2
240,496,1,2
240,496,2,5
240,496,3,3
385,497,1,2
385,497,2,5
385,497,3,4
776,498,1,2
776,498,2,5
776,498,3,5
216,499,1,2
216,499,2,5
216,499,3,6
13,500,1,2
13,500,2,5
13,500,3,7
107,501,1,2
107,501,2,5
107,501,3,"enrolled + FA app.
but not eligible"
36,502,1,2
36,502,2,5
36,502,3,"not enrolled + FA app.
but not eligible"
831,503,1,2
831,503,2,5
831,503,3,
16,504,1,2
16,504,2,6
16,504,3,0
18,505,1,2
18,505,2,6
18,505,3,0bis
57,506,1,2
57,506,2,6
57,506,3,1
37,507,1,2
37,507,2,6
37,507,3,2
50,508,1,2
50,508,2,6
50,508,3,3
63,509,1,2
63,509,2,6
63,509,3,4
184,510,1,2
184,510,2,6
184,510,3,5
347,511,1,2
347,511,2,6
347,511,3,6
44,512,1,2
44,512,2,6
44,512,3,7
48,513,1,2
48,513,2,6
48,513,3,"enrolled + FA app.
but not eligible"
12,514,1,2
12,514,2,6
12,514,3,"not enrolled + FA app.
but not eligible"
340,515,1,2
340,515,2,6
340,515,3,
3,516,1,2
3,516,2,7
3,516,3,1
3,517,1,2
3,517,2,7
3,517,3,2
7,518,1,2
7,518,2,7
7,518,3,3
7,519,1,2
7,519,2,7
7,519,3,4
12,520,1,2
12,520,2,7
12,520,3,5
14,521,1,2
14,521,2,7
14,521,3,6
44,522,1,2
44,522,2,7
44,522,3,7
4,523,1,2
4,523,2,7
4,523,3,"enrolled + FA app.
but not eligible"
1,524,1,2
1,524,2,7
1,524,3,"not enrolled + FA app.
but not eligible"
36,525,1,2
36,525,2,7
36,525,3,
25,526,1,2
25,526,2,"enrolled + FA app.
but not eligible"
25,526,3,0
43,527,1,2
43,527,2,"enrolled + FA app.
but not eligible"
43,527,3,0bis
39,528,1,2
39,528,2,"enrolled + FA app.
but not eligible"
39,528,3,1
22,529,1,2
22,529,2,"enrolled + FA app.
but not eligible"
22,529,3,2
13,530,1,2
13,530,2,"enrolled + FA app.
but not eligible"
13,530,3,3
11,531,1,2
11,531,2,"enrolled + FA app.
but not eligible"
11,531,3,4
6,532,1,2
6,532,2,"enrolled + FA app.
but not eligible"
6,532,3,5
5,533,1,2
5,533,2,"enrolled + FA app.
but not eligible"
5,533,3,6
2,534,1,2
2,534,2,"enrolled + FA app.
but not eligible"
2,534,3,7
62,535,1,2
62,535,2,"enrolled + FA app.
but not eligible"
62,535,3,"enrolled + FA app.
but not eligible"
6,536,1,2
6,536,2,"enrolled + FA app.
but not eligible"
6,536,3,"not enrolled + FA app.
but not eligible"
419,537,1,2
419,537,2,"enrolled + FA app.
but not eligible"
419,537,3,
2,538,1,2
2,538,2,"not enrolled + FA app.
but not eligible"
2,538,3,0
5,539,1,2
5,539,2,"not enrolled + FA app.
but not eligible"
5,539,3,0bis
7,540,1,2
7,540,2,"not enrolled + FA app.
but not eligible"
7,540,3,1
8,541,1,2
8,541,2,"not enrolled + FA app.
but not eligible"
8,541,3,2
3,542,1,2
3,542,2,"not enrolled + FA app.
but not eligible"
3,542,3,3
2,543,1,2
2,543,2,"not enrolled + FA app.
but not eligible"
2,543,3,4
1,544,1,2
1,544,2,"not enrolled + FA app.
but not eligible"
1,544,3,5
2,545,1,2
2,545,2,"not enrolled + FA app.
but not eligible"
2,545,3,"enrolled + FA app.
but not eligible"
8,546,1,2
8,546,2,"not enrolled + FA app.
but not eligible"
8,546,3,"not enrolled + FA app.
but not eligible"
163,547,1,2
163,547,2,"not enrolled + FA app.
but not eligible"
163,547,3,
160,548,1,2
160,548,2,
160,548,3,0
227,549,1,2
227,549,2,
227,549,3,0bis
606,550,1,2
606,550,2,
606,550,3,1
430,551,1,2
430,551,2,
430,551,3,2
249,552,1,2
249,552,2,
249,552,3,3
121,553,1,2
121,553,2,
121,553,3,4
128,554,1,2
128,554,2,
128,554,3,5
61,555,1,2
61,555,2,
61,555,3,6
20,556,1,2
20,556,2,
20,556,3,7
87,557,1,2
87,557,2,
87,557,3,"enrolled + FA app.
but not eligible"
36,558,1,2
36,558,2,
36,558,3,"not enrolled + FA app.
but not eligible"
16928,559,1,2
16928,559,2,
16928,559,3,
307,560,1,3
307,560,2,0
307,560,3,0
132,561,1,3
132,561,2,0
132,561,3,0bis
198,562,1,3
198,562,2,0
198,562,3,1
67,563,1,3
67,563,2,0
67,563,3,2
38,564,1,3
38,564,2,0
38,564,3,3
31,565,1,3
31,565,2,0
31,565,3,4
26,566,1,3
26,566,2,0
26,566,3,5
14,567,1,3
14,567,2,0
14,567,3,6
1,568,1,3
1,568,2,0
1,568,3,7
85,569,1,3
85,569,2,0
85,569,3,"enrolled + FA app.
but not eligible"
12,570,1,3
12,570,2,0
12,570,3,"not enrolled + FA app.
but not eligible"
579,571,1,3
579,571,2,0
579,571,3,
21,572,1,3
21,572,2,0bis
21,572,3,0
414,573,1,3
414,573,2,0bis
414,573,3,0bis
194,574,1,3
194,574,2,0bis
194,574,3,1
56,575,1,3
56,575,2,0bis
56,575,3,2
37,576,1,3
37,576,2,0bis
37,576,3,3
32,577,1,3
32,577,2,0bis
32,577,3,4
27,578,1,3
27,578,2,0bis
27,578,3,5
14,579,1,3
14,579,2,0bis
14,579,3,6
5,580,1,3
5,580,2,0bis
5,580,3,7
90,581,1,3
90,581,2,0bis
90,581,3,"enrolled + FA app.
but not eligible"
15,582,1,3
15,582,2,0bis
15,582,3,"not enrolled + FA app.
but not eligible"
466,583,1,3
466,583,2,0bis
466,583,3,
403,584,1,3
403,584,2,1
403,584,3,0
905,585,1,3
905,585,2,1
905,585,3,0bis
2937,586,1,3
2937,586,2,1
2937,586,3,1
1112,587,1,3
1112,587,2,1
1112,587,3,2
571,588,1,3
571,588,2,1
571,588,3,3
252,589,1,3
252,589,2,1
252,589,3,4
187,590,1,3
187,590,2,1
187,590,3,5
68,591,1,3
68,591,2,1
68,591,3,6
11,592,1,3
11,592,2,1
11,592,3,7
367,593,1,3
367,593,2,1
367,593,3,"enrolled + FA app.
but not eligible"
84,594,1,3
84,594,2,1
84,594,3,"not enrolled + FA app.
but not eligible"
3138,595,1,3
3138,595,2,1
3138,595,3,
211,596,1,3
211,596,2,2
211,596,3,0
479,597,1,3
479,597,2,2
479,597,3,0bis
3092,598,1,3
3092,598,2,2
3092,598,3,1
4405,599,1,3
4405,599,2,2
4405,599,3,2
2188,600,1,3
2188,600,2,2
2188,600,3,3
713,601,1,3
713,601,2,2
713,601,3,4
387,602,1,3
387,602,2,2
387,602,3,5
117,603,1,3
117,603,2,2
117,603,3,6
22,604,1,3
22,604,2,2
22,604,3,7
601,605,1,3
601,605,2,2
601,605,3,"enrolled + FA app.
but not eligible"
199,606,1,3
199,606,2,2
199,606,3,"not enrolled + FA app.
but not eligible"
4770,607,1,3
4770,607,2,2
4770,607,3,
133,608,1,3
133,608,2,3
133,608,3,0
296,609,1,3
296,609,2,3
296,609,3,0bis
2009,610,1,3
2009,610,2,3
2009,610,3,1
4394,611,1,3
4394,611,2,3
4394,611,3,2
8509,612,1,3
8509,612,2,3
8509,612,3,3
2596,613,1,3
2596,613,2,3
2596,613,3,4
1047,614,1,3
1047,614,2,3
1047,614,3,5
234,615,1,3
234,615,2,3
234,615,3,6
41,616,1,3
41,616,2,3
41,616,3,7
1047,617,1,3
1047,617,2,3
1047,617,3,"enrolled + FA app.
but not eligible"
308,618,1,3
308,618,2,3
308,618,3,"not enrolled + FA app.
but not eligible"
7486,619,1,3
7486,619,2,3
7486,619,3,
52,620,1,3
52,620,2,4
52,620,3,0
84,621,1,3
84,621,2,4
84,621,3,0bis
445,622,1,3
445,622,2,4
445,622,3,1
771,623,1,3
771,623,2,4
771,623,3,2
2045,624,1,3
2045,624,2,4
2045,624,3,3
2372,625,1,3
2372,625,2,4
2372,625,3,4
1117,626,1,3
1117,626,2,4
1117,626,3,5
224,627,1,3
224,627,2,4
224,627,3,6
31,628,1,3
31,628,2,4
31,628,3,7
381,629,1,3
381,629,2,4
381,629,3,"enrolled + FA app.
but not eligible"
124,630,1,3
124,630,2,4
124,630,3,"not enrolled + FA app.
but not eligible"
2852,631,1,3
2852,631,2,4
2852,631,3,
23,632,1,3
23,632,2,5
23,632,3,0
56,633,1,3
56,633,2,5
56,633,3,0bis
207,634,1,3
207,634,2,5
207,634,3,1
307,635,1,3
307,635,2,5
307,635,3,2
602,636,1,3
602,636,2,5
602,636,3,3
851,637,1,3
851,637,2,5
851,637,3,4
1605,638,1,3
1605,638,2,5
1605,638,3,5
441,639,1,3
441,639,2,5
441,639,3,6
35,640,1,3
35,640,2,5
35,640,3,7
225,641,1,3
225,641,2,5
225,641,3,"enrolled + FA app.
but not eligible"
76,642,1,3
76,642,2,5
76,642,3,"not enrolled + FA app.
but not eligible"
1719,643,1,3
1719,643,2,5
1719,643,3,
17,644,1,3
17,644,2,6
17,644,3,0
13,645,1,3
13,645,2,6
13,645,3,0bis
53,646,1,3
53,646,2,6
53,646,3,1
49,647,1,3
49,647,2,6
49,647,3,2
91,648,1,3
91,648,2,6
91,648,3,3
107,649,1,3
107,649,2,6
107,649,3,4
308,650,1,3
308,650,2,6
308,650,3,5
528,651,1,3
528,651,2,6
528,651,3,6
57,652,1,3
57,652,2,6
57,652,3,7
53,653,1,3
53,653,2,6
53,653,3,"enrolled + FA app.
but not eligible"
28,654,1,3
28,654,2,6
28,654,3,"not enrolled + FA app.
but not eligible"
474,655,1,3
474,655,2,6
474,655,3,
7,656,1,3
7,656,2,7
7,656,3,0bis
2,657,1,3
2,657,2,7
2,657,3,1
5,658,1,3
5,658,2,7
5,658,3,2
4,659,1,3
4,659,2,7
4,659,3,3
3,660,1,3
3,660,2,7
3,660,3,4
12,661,1,3
12,661,2,7
12,661,3,5
27,662,1,3
27,662,2,7
27,662,3,6
57,663,1,3
57,663,2,7
57,663,3,7
11,664,1,3
11,664,2,7
11,664,3,"enrolled + FA app.
but not eligible"
4,665,1,3
4,665,2,7
4,665,3,"not enrolled + FA app.
but not eligible"
53,666,1,3
53,666,2,7
53,666,3,
21,667,1,3
21,667,2,"enrolled + FA app.
but not eligible"
21,667,3,0
28,668,1,3
28,668,2,"enrolled + FA app.
but not eligible"
28,668,3,0bis
25,669,1,3
25,669,2,"enrolled + FA app.
but not eligible"
25,669,3,1
21,670,1,3
21,670,2,"enrolled + FA app.
but not eligible"
21,670,3,2
13,671,1,3
13,671,2,"enrolled + FA app.
but not eligible"
13,671,3,3
8,672,1,3
8,672,2,"enrolled + FA app.
but not eligible"
8,672,3,4
6,673,1,3
6,673,2,"enrolled + FA app.
but not eligible"
6,673,3,5
5,674,1,3
5,674,2,"enrolled + FA app.
but not eligible"
5,674,3,6
1,675,1,3
1,675,2,"enrolled + FA app.
but not eligible"
1,675,3,7
48,676,1,3
48,676,2,"enrolled + FA app.
but not eligible"
48,676,3,"enrolled + FA app.
but not eligible"
14,677,1,3
14,677,2,"enrolled + FA app.
but not eligible"
14,677,3,"not enrolled + FA app.
but not eligible"
403,678,1,3
403,678,2,"enrolled + FA app.
but not eligible"
403,678,3,
3,679,1,3
3,679,2,"not enrolled + FA app.
but not eligible"
3,679,3,0bis
5,680,1,3
5,680,2,"not enrolled + FA app.
but not eligible"
5,680,3,1
2,681,1,3
2,681,2,"not enrolled + FA app.
but not eligible"
2,681,3,2
4,682,1,3
4,682,2,"not enrolled + FA app.
but not eligible"
4,682,3,3
6,683,1,3
6,683,2,"not enrolled + FA app.
but not eligible"
6,683,3,4
1,684,1,3
1,684,2,"not enrolled + FA app.
but not eligible"
1,684,3,6
1,685,1,3
1,685,2,"not enrolled + FA app.
but not eligible"
1,685,3,7
1,686,1,3
1,686,2,"not enrolled + FA app.
but not eligible"
1,686,3,"enrolled + FA app.
but not eligible"
8,687,1,3
8,687,2,"not enrolled + FA app.
but not eligible"
8,687,3,"not enrolled + FA app.
but not eligible"
166,688,1,3
166,688,2,"not enrolled + FA app.
but not eligible"
166,688,3,
80,689,1,3
80,689,2,
80,689,3,0
146,690,1,3
146,690,2,
146,690,3,0bis
379,691,1,3
379,691,2,
379,691,3,1
363,692,1,3
363,692,2,
363,692,3,2
404,693,1,3
404,693,2,
404,693,3,3
279,694,1,3
279,694,2,
279,694,3,4
190,695,1,3
190,695,2,
190,695,3,5
88,696,1,3
88,696,2,
88,696,3,6
9,697,1,3
9,697,2,
9,697,3,7
79,698,1,3
79,698,2,
79,698,3,"enrolled + FA app.
but not eligible"
46,699,1,3
46,699,2,
46,699,3,"not enrolled + FA app.
but not eligible"
16622,700,1,3
16622,700,2,
16622,700,3,
162,701,1,4
162,701,2,0
162,701,3,0
63,702,1,4
63,702,2,0
63,702,3,0bis
78,703,1,4
78,703,2,0
78,703,3,1
27,704,1,4
27,704,2,0
27,704,3,2
27,705,1,4
27,705,2,0
27,705,3,3
21,706,1,4
21,706,2,0
21,706,3,4
19,707,1,4
19,707,2,0
19,707,3,5
13,708,1,4
13,708,2,0
13,708,3,6
1,709,1,4
1,709,2,0
1,709,3,7
45,710,1,4
45,710,2,0
45,710,3,"enrolled + FA app.
but not eligible"
12,711,1,4
12,711,2,0
12,711,3,"not enrolled + FA app.
but not eligible"
329,712,1,4
329,712,2,0
329,712,3,
12,713,1,4
12,713,2,0bis
12,713,3,0
235,714,1,4
235,714,2,0bis
235,714,3,0bis
95,715,1,4
95,715,2,0bis
95,715,3,1
28,716,1,4
28,716,2,0bis
28,716,3,2
31,717,1,4
31,717,2,0bis
31,717,3,3
11,718,1,4
11,718,2,0bis
11,718,3,4
17,719,1,4
17,719,2,0bis
17,719,3,5
5,720,1,4
5,720,2,0bis
5,720,3,6
5,721,1,4
5,721,2,0bis
5,721,3,7
52,722,1,4
52,722,2,0bis
52,722,3,"enrolled + FA app.
but not eligible"
10,723,1,4
10,723,2,0bis
10,723,3,"not enrolled + FA app.
but not eligible"
216,724,1,4
216,724,2,0bis
216,724,3,
198,725,1,4
198,725,2,1
198,725,3,0
362,726,1,4
362,726,2,1
362,726,3,0bis
1110,727,1,4
1110,727,2,1
1110,727,3,1
499,728,1,4
499,728,2,1
499,728,3,2
286,729,1,4
286,729,2,1
286,729,3,3
165,730,1,4
165,730,2,1
165,730,3,4
144,731,1,4
144,731,2,1
144,731,3,5
60,732,1,4
60,732,2,1
60,732,3,6
8,733,1,4
8,733,2,1
8,733,3,7
167,734,1,4
167,734,2,1
167,734,3,"enrolled + FA app.
but not eligible"
37,735,1,4
37,735,2,1
37,735,3,"not enrolled + FA app.
but not eligible"
1490,736,1,4
1490,736,2,1
1490,736,3,
99,737,1,4
99,737,2,2
99,737,3,0
216,738,1,4
216,738,2,2
216,738,3,0bis
1143,739,1,4
1143,739,2,2
1143,739,3,1
1278,740,1,4
1278,740,2,2
1278,740,3,2
866,741,1,4
866,741,2,2
866,741,3,3
422,742,1,4
422,742,2,2
422,742,3,4
283,743,1,4
283,743,2,2
283,743,3,5
82,744,1,4
82,744,2,2
82,744,3,6
13,745,1,4
13,745,2,2
13,745,3,7
254,746,1,4
254,746,2,2
254,746,3,"enrolled + FA app.
but not eligible"
90,747,1,4
90,747,2,2
90,747,3,"not enrolled + FA app.
but not eligible"
2117,748,1,4
2117,748,2,2
2117,748,3,
104,749,1,4
104,749,2,3
104,749,3,0
177,750,1,4
177,750,2,3
177,750,3,0bis
1153,751,1,4
1153,751,2,3
1153,751,3,1
2137,752,1,4
2137,752,2,3
2137,752,3,2
4432,753,1,4
4432,753,2,3
4432,753,3,3
2232,754,1,4
2232,754,2,3
2232,754,3,4
961,755,1,4
961,755,2,3
961,755,3,5
207,756,1,4
207,756,2,3
207,756,3,6
30,757,1,4
30,757,2,3
30,757,3,7
579,758,1,4
579,758,2,3
579,758,3,"enrolled + FA app.
but not eligible"
218,759,1,4
218,759,2,3
218,759,3,"not enrolled + FA app.
but not eligible"
4735,760,1,4
4735,760,2,3
4735,760,3,
70,761,1,4
70,761,2,4
70,761,3,0
115,762,1,4
115,762,2,4
115,762,3,0bis
707,763,1,4
707,763,2,4
707,763,3,1
1372,764,1,4
1372,764,2,4
1372,764,3,2
4322,765,1,4
4322,765,2,4
4322,765,3,3
8095,766,1,4
8095,766,2,4
8095,766,3,4
3233,767,1,4
3233,767,2,4
3233,767,3,5
418,768,1,4
418,768,2,4
418,768,3,6
67,769,1,4
67,769,2,4
67,769,3,7
900,770,1,4
900,770,2,4
900,770,3,"enrolled + FA app.
but not eligible"
372,771,1,4
372,771,2,4
372,771,3,"not enrolled + FA app.
but not eligible"
7666,772,1,4
7666,772,2,4
7666,772,3,
41,773,1,4
41,773,2,5
41,773,3,0
64,774,1,4
64,774,2,5
64,774,3,0bis
285,775,1,4
285,775,2,5
285,775,3,1
399,776,1,4
399,776,2,5
399,776,3,2
1008,777,1,4
1008,777,2,5
1008,777,3,3
2309,778,1,4
2309,778,2,5
2309,778,3,4
4613,779,1,4
4613,779,2,5
4613,779,3,5
787,780,1,4
787,780,2,5
787,780,3,6
64,781,1,4
64,781,2,5
64,781,3,7
525,782,1,4
525,782,2,5
525,782,3,"enrolled + FA app.
but not eligible"
196,783,1,4
196,783,2,5
196,783,3,"not enrolled + FA app.
but not eligible"
4052,784,1,4
4052,784,2,5
4052,784,3,
8,785,1,4
8,785,2,6
8,785,3,0
16,786,1,4
16,786,2,6
16,786,3,0bis
44,787,1,4
44,787,2,6
44,787,3,1
68,788,1,4
68,788,2,6
68,788,3,2
126,789,1,4
126,789,2,6
126,789,3,3
153,790,1,4
153,790,2,6
153,790,3,4
549,791,1,4
549,791,2,6
549,791,3,5
884,792,1,4
884,792,2,6
884,792,3,6
99,793,1,4
99,793,2,6
99,793,3,7
102,794,1,4
102,794,2,6
102,794,3,"enrolled + FA app.
but not eligible"
42,795,1,4
42,795,2,6
42,795,3,"not enrolled + FA app.
but not eligible"
933,796,1,4
933,796,2,6
933,796,3,
4,797,1,4
4,797,2,7
4,797,3,0bis
4,798,1,4
4,798,2,7
4,798,3,1
4,799,1,4
4,799,2,7
4,799,3,2
1,800,1,4
1,800,2,7
1,800,3,3
3,801,1,4
3,801,2,7
3,801,3,4
20,802,1,4
20,802,2,7
20,802,3,5
33,803,1,4
33,803,2,7
33,803,3,6
91,804,1,4
91,804,2,7
91,804,3,7
8,805,1,4
8,805,2,7
8,805,3,"enrolled + FA app.
but not eligible"
6,806,1,4
6,806,2,7
6,806,3,"not enrolled + FA app.
but not eligible"
70,807,1,4
70,807,2,7
70,807,3,
10,808,1,4
10,808,2,"enrolled + FA app.
but not eligible"
10,808,3,0
9,809,1,4
9,809,2,"enrolled + FA app.
but not eligible"
9,809,3,0bis
10,810,1,4
10,810,2,"enrolled + FA app.
but not eligible"
10,810,3,1
10,811,1,4
10,811,2,"enrolled + FA app.
but not eligible"
10,811,3,2
15,812,1,4
15,812,2,"enrolled + FA app.
but not eligible"
15,812,3,3
21,813,1,4
21,813,2,"enrolled + FA app.
but not eligible"
21,813,3,4
14,814,1,4
14,814,2,"enrolled + FA app.
but not eligible"
14,814,3,5
5,815,1,4
5,815,2,"enrolled + FA app.
but not eligible"
5,815,3,6
1,816,1,4
1,816,2,"enrolled + FA app.
but not eligible"
1,816,3,7
42,817,1,4
42,817,2,"enrolled + FA app.
but not eligible"
42,817,3,"enrolled + FA app.
but not eligible"
11,818,1,4
11,818,2,"enrolled + FA app.
but not eligible"
11,818,3,"not enrolled + FA app.
but not eligible"
346,819,1,4
346,819,2,"enrolled + FA app.
but not eligible"
346,819,3,
1,820,1,4
1,820,2,"not enrolled + FA app.
but not eligible"
1,820,3,0
1,821,1,4
1,821,2,"not enrolled + FA app.
but not eligible"
1,821,3,1
4,822,1,4
4,822,2,"not enrolled + FA app.
but not eligible"
4,822,3,2
7,823,1,4
7,823,2,"not enrolled + FA app.
but not eligible"
7,823,3,3
5,824,1,4
5,824,2,"not enrolled + FA app.
but not eligible"
5,824,3,4
7,825,1,4
7,825,2,"not enrolled + FA app.
but not eligible"
7,825,3,5
2,826,1,4
2,826,2,"not enrolled + FA app.
but not eligible"
2,826,3,6
3,827,1,4
3,827,2,"not enrolled + FA app.
but not eligible"
3,827,3,"not enrolled + FA app.
but not eligible"
159,828,1,4
159,828,2,"not enrolled + FA app.
but not eligible"
159,828,3,
53,829,1,4
53,829,2,
53,829,3,0
70,830,1,4
70,830,2,
70,830,3,0bis
183,831,1,4
183,831,2,
183,831,3,1
188,832,1,4
188,832,2,
188,832,3,2
389,833,1,4
389,833,2,
389,833,3,3
464,834,1,4
464,834,2,
464,834,3,4
384,835,1,4
384,835,2,
384,835,3,5
99,836,1,4
99,836,2,
99,836,3,6
19,837,1,4
19,837,2,
19,837,3,7
59,838,1,4
59,838,2,
59,838,3,"enrolled + FA app.
but not eligible"
35,839,1,4
35,839,2,
35,839,3,"not enrolled + FA app.
but not eligible"
16031,840,1,4
16031,840,2,
16031,840,3,
155,841,1,5
155,841,2,0
155,841,3,0
73,842,1,5
73,842,2,0
73,842,3,0bis
99,843,1,5
99,843,2,0
99,843,3,1
17,844,1,5
17,844,2,0
17,844,3,2
23,845,1,5
23,845,2,0
23,845,3,3
28,846,1,5
28,846,2,0
28,846,3,4
39,847,1,5
39,847,2,0
39,847,3,5
12,848,1,5
12,848,2,0
12,848,3,6
5,849,1,5
5,849,2,0
5,849,3,7
48,850,1,5
48,850,2,0
48,850,3,"enrolled + FA app.
but not eligible"
4,851,1,5
4,851,2,0
4,851,3,"not enrolled + FA app.
but not eligible"
323,852,1,5
323,852,2,0
323,852,3,
12,853,1,5
12,853,2,0bis
12,853,3,0
199,854,1,5
199,854,2,0bis
199,854,3,0bis
86,855,1,5
86,855,2,0bis
86,855,3,1
21,856,1,5
21,856,2,0bis
21,856,3,2
26,857,1,5
26,857,2,0bis
26,857,3,3
18,858,1,5
18,858,2,0bis
18,858,3,4
33,859,1,5
33,859,2,0bis
33,859,3,5
12,860,1,5
12,860,2,0bis
12,860,3,6
3,861,1,5
3,861,2,0bis
3,861,3,7
49,862,1,5
49,862,2,0bis
49,862,3,"enrolled + FA app.
but not eligible"
13,863,1,5
13,863,2,0bis
13,863,3,"not enrolled + FA app.
but not eligible"
269,864,1,5
269,864,2,0bis
269,864,3,
140,865,1,5
140,865,2,1
140,865,3,0
258,866,1,5
258,866,2,1
258,866,3,0bis
665,867,1,5
665,867,2,1
665,867,3,1
301,868,1,5
301,868,2,1
301,868,3,2
202,869,1,5
202,869,2,1
202,869,3,3
169,870,1,5
169,870,2,1
169,870,3,4
159,871,1,5
159,871,2,1
159,871,3,5
82,872,1,5
82,872,2,1
82,872,3,6
6,873,1,5
6,873,2,1
6,873,3,7
154,874,1,5
154,874,2,1
154,874,3,"enrolled + FA app.
but not eligible"
29,875,1,5
29,875,2,1
29,875,3,"not enrolled + FA app.
but not eligible"
1011,876,1,5
1011,876,2,1
1011,876,3,
64,877,1,5
64,877,2,2
64,877,3,0
149,878,1,5
149,878,2,2
149,878,3,0bis
604,879,1,5
604,879,2,2
604,879,3,1
691,880,1,5
691,880,2,2
691,880,3,2
491,881,1,5
491,881,2,2
491,881,3,3
337,882,1,5
337,882,2,2
337,882,3,4
296,883,1,5
296,883,2,2
296,883,3,5
104,884,1,5
104,884,2,2
104,884,3,6
15,885,1,5
15,885,2,2
15,885,3,7
195,886,1,5
195,886,2,2
195,886,3,"enrolled + FA app.
but not eligible"
55,887,1,5
55,887,2,2
55,887,3,"not enrolled + FA app.
but not eligible"
1430,888,1,5
1430,888,2,2
1430,888,3,
64,889,1,5
64,889,2,3
64,889,3,0
150,890,1,5
150,890,2,3
150,890,3,0bis
640,891,1,5
640,891,2,3
640,891,3,1
991,892,1,5
991,892,2,3
991,892,3,2
1772,893,1,5
1772,893,2,3
1772,893,3,3
1265,894,1,5
1265,894,2,3
1265,894,3,4
944,895,1,5
944,895,2,3
944,895,3,5
246,896,1,5
246,896,2,3
246,896,3,6
30,897,1,5
30,897,2,3
30,897,3,7
318,898,1,5
318,898,2,3
318,898,3,"enrolled + FA app.
but not eligible"
111,899,1,5
111,899,2,3
111,899,3,"not enrolled + FA app.
but not eligible"
2840,900,1,5
2840,900,2,3
2840,900,3,
73,901,1,5
73,901,2,4
73,901,3,0
130,902,1,5
130,902,2,4
130,902,3,0bis
603,903,1,5
603,903,2,4
603,903,3,1
1054,904,1,5
1054,904,2,4
1054,904,3,2
2727,905,1,5
2727,905,2,4
2727,905,3,3
5139,906,1,5
5139,906,2,4
5139,906,3,4
4070,907,1,5
4070,907,2,4
4070,907,3,5
614,908,1,5
614,908,2,4
614,908,3,6
71,909,1,5
71,909,2,4
71,909,3,7
801,910,1,5
801,910,2,4
801,910,3,"enrolled + FA app.
but not eligible"
336,911,1,5
336,911,2,4
336,911,3,"not enrolled + FA app.
but not eligible"
6694,912,1,5
6694,912,2,4
6694,912,3,
117,913,1,5
117,913,2,5
117,913,3,0
172,914,1,5
172,914,2,5
172,914,3,0bis
722,915,1,5
722,915,2,5
722,915,3,1
1102,916,1,5
1102,916,2,5
1102,916,3,2
2967,917,1,5
2967,917,2,5
2967,917,3,3
8118,918,1,5
8118,918,2,5
8118,918,3,4
33861,919,1,5
33861,919,2,5
33861,919,3,5
5559,920,1,5
5559,920,2,5
5559,920,3,6
353,921,1,5
353,921,2,5
353,921,3,7
2855,922,1,5
2855,922,2,5
2855,922,3,"enrolled + FA app.
but not eligible"
1179,923,1,5
1179,923,2,5
1179,923,3,"not enrolled + FA app.
but not eligible"
22989,924,1,5
22989,924,2,5
22989,924,3,
41,925,1,5
41,925,2,6
41,925,3,0
37,926,1,5
37,926,2,6
37,926,3,0bis
126,927,1,5
126,927,2,6
126,927,3,1
140,928,1,5
140,928,2,6
140,928,3,2
305,929,1,5
305,929,2,6
305,929,3,3
594,930,1,5
594,930,2,6
594,930,3,4
4122,931,1,5
4122,931,2,6
4122,931,3,5
6286,932,1,5
6286,932,2,6
6286,932,3,6
484,933,1,5
484,933,2,6
484,933,3,7
680,934,1,5
680,934,2,6
680,934,3,"enrolled + FA app.
but not eligible"
316,935,1,5
316,935,2,6
316,935,3,"not enrolled + FA app.
but not eligible"
5524,936,1,5
5524,936,2,6
5524,936,3,
9,937,1,5
9,937,2,7
9,937,3,0bis
9,938,1,5
9,938,2,7
9,938,3,1
10,939,1,5
10,939,2,7
10,939,3,2
14,940,1,5
14,940,2,7
14,940,3,3
25,941,1,5
25,941,2,7
25,941,3,4
85,942,1,5
85,942,2,7
85,942,3,5
208,943,1,5
208,943,2,7
208,943,3,6
293,944,1,5
293,944,2,7
293,944,3,7
33,945,1,5
33,945,2,7
33,945,3,"enrolled + FA app.
but not eligible"
18,946,1,5
18,946,2,7
18,946,3,"not enrolled + FA app.
but not eligible"
294,947,1,5
294,947,2,7
294,947,3,
18,948,1,5
18,948,2,"enrolled + FA app.
but not eligible"
18,948,3,0
13,949,1,5
13,949,2,"enrolled + FA app.
but not eligible"
13,949,3,0bis
14,950,1,5
14,950,2,"enrolled + FA app.
but not eligible"
14,950,3,1
16,951,1,5
16,951,2,"enrolled + FA app.
but not eligible"
16,951,3,2
23,952,1,5
23,952,2,"enrolled + FA app.
but not eligible"
23,952,3,3
18,953,1,5
18,953,2,"enrolled + FA app.
but not eligible"
18,953,3,4
60,954,1,5
60,954,2,"enrolled + FA app.
but not eligible"
60,954,3,5
21,955,1,5
21,955,2,"enrolled + FA app.
but not eligible"
21,955,3,6
4,956,1,5
4,956,2,"enrolled + FA app.
but not eligible"
4,956,3,7
60,957,1,5
60,957,2,"enrolled + FA app.
but not eligible"
60,957,3,"enrolled + FA app.
but not eligible"
23,958,1,5
23,958,2,"enrolled + FA app.
but not eligible"
23,958,3,"not enrolled + FA app.
but not eligible"
640,959,1,5
640,959,2,"enrolled + FA app.
but not eligible"
640,959,3,
1,960,1,5
1,960,2,"not enrolled + FA app.
but not eligible"
1,960,3,0
1,961,1,5
1,961,2,"not enrolled + FA app.
but not eligible"
1,961,3,0bis
3,962,1,5
3,962,2,"not enrolled + FA app.
but not eligible"
3,962,3,2
5,963,1,5
5,963,2,"not enrolled + FA app.
but not eligible"
5,963,3,3
10,964,1,5
10,964,2,"not enrolled + FA app.
but not eligible"
10,964,3,4
17,965,1,5
17,965,2,"not enrolled + FA app.
but not eligible"
17,965,3,5
10,966,1,5
10,966,2,"not enrolled + FA app.
but not eligible"
10,966,3,6
2,967,1,5
2,967,2,"not enrolled + FA app.
but not eligible"
2,967,3,"enrolled + FA app.
but not eligible"
9,968,1,5
9,968,2,"not enrolled + FA app.
but not eligible"
9,968,3,"not enrolled + FA app.
but not eligible"
258,969,1,5
258,969,2,"not enrolled + FA app.
but not eligible"
258,969,3,
56,970,1,5
56,970,2,
56,970,3,0
80,971,1,5
80,971,2,
80,971,3,0bis
188,972,1,5
188,972,2,
188,972,3,1
198,973,1,5
198,973,2,
198,973,3,2
317,974,1,5
317,974,2,
317,974,3,3
543,975,1,5
543,975,2,
543,975,3,4
1438,976,1,5
1438,976,2,
1438,976,3,5
512,977,1,5
512,977,2,
512,977,3,6
69,978,1,5
69,978,2,
69,978,3,7
100,979,1,5
100,979,2,
100,979,3,"enrolled + FA app.
but not eligible"
76,980,1,5
76,980,2,
76,980,3,"not enrolled + FA app.
but not eligible"
28730,981,1,5
28730,981,2,
28730,981,3,
65,982,1,6
65,982,2,0
65,982,3,0
37,983,1,6
37,983,2,0
37,983,3,0bis
52,984,1,6
52,984,2,0
52,984,3,1
15,985,1,6
15,985,2,0
15,985,3,2
14,986,1,6
14,986,2,0
14,986,3,3
15,987,1,6
15,987,2,0
15,987,3,4
19,988,1,6
19,988,2,0
19,988,3,5
25,989,1,6
25,989,2,0
25,989,3,6
6,990,1,6
6,990,2,0
6,990,3,7
46,991,1,6
46,991,2,0
46,991,3,"enrolled + FA app.
but not eligible"
9,992,1,6
9,992,2,0
9,992,3,"not enrolled + FA app.
but not eligible"
199,993,1,6
199,993,2,0
199,993,3,
5,994,1,6
5,994,2,0bis
5,994,3,0
81,995,1,6
81,995,2,0bis
81,995,3,0bis
36,996,1,6
36,996,2,0bis
36,996,3,1
11,997,1,6
11,997,2,0bis
11,997,3,2
8,998,1,6
8,998,2,0bis
8,998,3,3
10,999,1,6
10,999,2,0bis
10,999,3,4
13,1000,1,6
13,1000,2,0bis
13,1000,3,5
14,1001,1,6
14,1001,2,0bis
14,1001,3,6
7,1002,1,6
7,1002,2,0bis
7,1002,3,7
17,1003,1,6
17,1003,2,0bis
17,1003,3,"enrolled + FA app.
but not eligible"
1,1004,1,6
1,1004,2,0bis
1,1004,3,"not enrolled + FA app.
but not eligible"
104,1005,1,6
104,1005,2,0bis
104,1005,3,
80,1006,1,6
80,1006,2,1
80,1006,3,0
99,1007,1,6
99,1007,2,1
99,1007,3,0bis
224,1008,1,6
224,1008,2,1
224,1008,3,1
95,1009,1,6
95,1009,2,1
95,1009,3,2
65,1010,1,6
65,1010,2,1
65,1010,3,3
52,1011,1,6
52,1011,2,1
52,1011,3,4
80,1012,1,6
80,1012,2,1
80,1012,3,5
61,1013,1,6
61,1013,2,1
61,1013,3,6
17,1014,1,6
17,1014,2,1
17,1014,3,7
66,1015,1,6
66,1015,2,1
66,1015,3,"enrolled + FA app.
but not eligible"
10,1016,1,6
10,1016,2,1
10,1016,3,"not enrolled + FA app.
but not eligible"
423,1017,1,6
423,1017,2,1
423,1017,3,
36,1018,1,6
36,1018,2,2
36,1018,3,0
36,1019,1,6
36,1019,2,2
36,1019,3,0bis
169,1020,1,6
169,1020,2,2
169,1020,3,1
130,1021,1,6
130,1021,2,2
130,1021,3,2
103,1022,1,6
103,1022,2,2
103,1022,3,3
70,1023,1,6
70,1023,2,2
70,1023,3,4
96,1024,1,6
96,1024,2,2
96,1024,3,5
83,1025,1,6
83,1025,2,2
83,1025,3,6
8,1026,1,6
8,1026,2,2
8,1026,3,7
54,1027,1,6
54,1027,2,2
54,1027,3,"enrolled + FA app.
but not eligible"
16,1028,1,6
16,1028,2,2
16,1028,3,"not enrolled + FA app.
but not eligible"
401,1029,1,6
401,1029,2,2
401,1029,3,
30,1030,1,6
30,1030,2,3
30,1030,3,0
37,1031,1,6
37,1031,2,3
37,1031,3,0bis
163,1032,1,6
163,1032,2,3
163,1032,3,1
180,1033,1,6
180,1033,2,3
180,1033,3,2
290,1034,1,6
290,1034,2,3
290,1034,3,3
183,1035,1,6
183,1035,2,3
183,1035,3,4
250,1036,1,6
250,1036,2,3
250,1036,3,5
140,1037,1,6
140,1037,2,3
140,1037,3,6
18,1038,1,6
18,1038,2,3
18,1038,3,7
88,1039,1,6
88,1039,2,3
88,1039,3,"enrolled + FA app.
but not eligible"
15,1040,1,6
15,1040,2,3
15,1040,3,"not enrolled + FA app.
but not eligible"
610,1041,1,6
610,1041,2,3
610,1041,3,
20,1042,1,6
20,1042,2,4
20,1042,3,0
35,1043,1,6
35,1043,2,4
35,1043,3,0bis
151,1044,1,6
151,1044,2,4
151,1044,3,1
172,1045,1,6
172,1045,2,4
172,1045,3,2
338,1046,1,6
338,1046,2,4
338,1046,3,3
541,1047,1,6
541,1047,2,4
541,1047,3,4
767,1048,1,6
767,1048,2,4
767,1048,3,5
304,1049,1,6
304,1049,2,4
304,1049,3,6
33,1050,1,6
33,1050,2,4
33,1050,3,7
138,1051,1,6
138,1051,2,4
138,1051,3,"enrolled + FA app.
but not eligible"
52,1052,1,6
52,1052,2,4
52,1052,3,"not enrolled + FA app.
but not eligible"
1158,1053,1,6
1158,1053,2,4
1158,1053,3,
40,1054,1,6
40,1054,2,5
40,1054,3,0
73,1055,1,6
73,1055,2,5
73,1055,3,0bis
258,1056,1,6
258,1056,2,5
258,1056,3,1
319,1057,1,6
319,1057,2,5
319,1057,3,2
726,1058,1,6
726,1058,2,5
726,1058,3,3
1607,1059,1,6
1607,1059,2,5
1607,1059,3,4
8830,1060,1,6
8830,1060,2,5
8830,1060,3,5
4244,1061,1,6
4244,1061,2,5
4244,1061,3,6
245,1062,1,6
245,1062,2,5
245,1062,3,7
935,1063,1,6
935,1063,2,5
935,1063,3,"enrolled + FA app.
but not eligible"
400,1064,1,6
400,1064,2,5
400,1064,3,"not enrolled + FA app.
but not eligible"
7776,1065,1,6
7776,1065,2,5
7776,1065,3,
87,1066,1,6
87,1066,2,6
87,1066,3,0
84,1067,1,6
84,1067,2,6
84,1067,3,0bis
252,1068,1,6
252,1068,2,6
252,1068,3,1
294,1069,1,6
294,1069,2,6
294,1069,3,2
511,1070,1,6
511,1070,2,6
511,1070,3,3
984,1071,1,6
984,1071,2,6
984,1071,3,4
8733,1072,1,6
8733,1072,2,6
8733,1072,3,5
46883,1073,1,6
46883,1073,2,6
46883,1073,3,6
5972,1074,1,6
5972,1074,2,6
5972,1074,3,7
3709,1075,1,6
3709,1075,2,6
3709,1075,3,"enrolled + FA app.
but not eligible"
1893,1076,1,6
1893,1076,2,6
1893,1076,3,"not enrolled + FA app.
but not eligible"
31291,1077,1,6
31291,1077,2,6
31291,1077,3,
13,1078,1,6
13,1078,2,7
13,1078,3,0bis
23,1079,1,6
23,1079,2,7
23,1079,3,1
10,1080,1,6
10,1080,2,7
10,1080,3,2
30,1081,1,6
30,1081,2,7
30,1081,3,3
58,1082,1,6
58,1082,2,7
58,1082,3,4
212,1083,1,6
212,1083,2,7
212,1083,3,5
1472,1084,1,6
1472,1084,2,7
1472,1084,3,6
4950,1085,1,6
4950,1085,2,7
4950,1085,3,7
505,1086,1,6
505,1086,2,7
505,1086,3,"enrolled + FA app.
but not eligible"
287,1087,1,6
287,1087,2,7
287,1087,3,"not enrolled + FA app.
but not eligible"
3705,1088,1,6
3705,1088,2,7
3705,1088,3,
8,1089,1,6
8,1089,2,"enrolled + FA app.
but not eligible"
8,1089,3,0
11,1090,1,6
11,1090,2,"enrolled + FA app.
but not eligible"
11,1090,3,0bis
4,1091,1,6
4,1091,2,"enrolled + FA app.
but not eligible"
4,1091,3,1
8,1092,1,6
8,1092,2,"enrolled + FA app.
but not eligible"
8,1092,3,2
5,1093,1,6
5,1093,2,"enrolled + FA app.
but not eligible"
5,1093,3,3
10,1094,1,6
10,1094,2,"enrolled + FA app.
but not eligible"
10,1094,3,4
36,1095,1,6
36,1095,2,"enrolled + FA app.
but not eligible"
36,1095,3,5
82,1096,1,6
82,1096,2,"enrolled + FA app.
but not eligible"
82,1096,3,6
28,1097,1,6
28,1097,2,"enrolled + FA app.
but not eligible"
28,1097,3,7
41,1098,1,6
41,1098,2,"enrolled + FA app.
but not eligible"
41,1098,3,"enrolled + FA app.
but not eligible"
31,1099,1,6
31,1099,2,"enrolled + FA app.
but not eligible"
31,1099,3,"not enrolled + FA app.
but not eligible"
707,1100,1,6
707,1100,2,"enrolled + FA app.
but not eligible"
707,1100,3,
2,1101,1,6
2,1101,2,"not enrolled + FA app.
but not eligible"
2,1101,3,0
1,1102,1,6
1,1102,2,"not enrolled + FA app.
but not eligible"
1,1102,3,0bis
1,1103,1,6
1,1103,2,"not enrolled + FA app.
but not eligible"
1,1103,3,1
2,1104,1,6
2,1104,2,"not enrolled + FA app.
but not eligible"
2,1104,3,2
3,1105,1,6
3,1105,2,"not enrolled + FA app.
but not eligible"
3,1105,3,3
4,1106,1,6
4,1106,2,"not enrolled + FA app.
but not eligible"
4,1106,3,4
8,1107,1,6
8,1107,2,"not enrolled + FA app.
but not eligible"
8,1107,3,5
37,1108,1,6
37,1108,2,"not enrolled + FA app.
but not eligible"
37,1108,3,6
11,1109,1,6
11,1109,2,"not enrolled + FA app.
but not eligible"
11,1109,3,7
8,1110,1,6
8,1110,2,"not enrolled + FA app.
but not eligible"
8,1110,3,"not enrolled + FA app.
but not eligible"
246,1111,1,6
246,1111,2,"not enrolled + FA app.
but not eligible"
246,1111,3,
39,1112,1,6
39,1112,2,
39,1112,3,0
44,1113,1,6
44,1113,2,
44,1113,3,0bis
76,1114,1,6
76,1114,2,
76,1114,3,1
68,1115,1,6
68,1115,2,
68,1115,3,2
75,1116,1,6
75,1116,2,
75,1116,3,3
174,1117,1,6
174,1117,2,
174,1117,3,4
721,1118,1,6
721,1118,2,
721,1118,3,5
2219,1119,1,6
2219,1119,2,
2219,1119,3,6
586,1120,1,6
586,1120,2,
586,1120,3,7
120,1121,1,6
120,1121,2,
120,1121,3,"enrolled + FA app.
but not eligible"
79,1122,1,6
79,1122,2,
79,1122,3,"not enrolled + FA app.
but not eligible"
30590,1123,1,6
30590,1123,2,
30590,1123,3,
1,1124,1,7
1,1124,2,0
1,1124,3,0
1,1125,1,7
1,1125,2,0
1,1125,3,0bis
1,1126,1,7
1,1126,2,0
1,1126,3,1
1,1127,1,7
1,1127,2,0
1,1127,3,2
1,1128,1,7
1,1128,2,0
1,1128,3,5
2,1129,1,7
2,1129,2,0
2,1129,3,7
2,1130,1,7
2,1130,2,0
2,1130,3,"enrolled + FA app.
but not eligible"
3,1131,1,7
3,1131,2,0
3,1131,3,
18,1132,1,7
18,1132,2,0bis
18,1132,3,0bis
6,1133,1,7
6,1133,2,0bis
6,1133,3,1
2,1134,1,7
2,1134,2,0bis
2,1134,3,2
2,1135,1,7
2,1135,2,0bis
2,1135,3,3
2,1136,1,7
2,1136,2,0bis
2,1136,3,5
1,1137,1,7
1,1137,2,0bis
1,1137,3,6
4,1138,1,7
4,1138,2,0bis
4,1138,3,7
7,1139,1,7
7,1139,2,0bis
7,1139,3,"enrolled + FA app.
but not eligible"
33,1140,1,7
33,1140,2,0bis
33,1140,3,
9,1141,1,7
9,1141,2,1
9,1141,3,0bis
7,1142,1,7
7,1142,2,1
7,1142,3,1
6,1143,1,7
6,1143,2,1
6,1143,3,2
5,1144,1,7
5,1144,2,1
5,1144,3,3
1,1145,1,7
1,1145,2,1
1,1145,3,4
7,1146,1,7
7,1146,2,1
7,1146,3,5
2,1147,1,7
2,1147,2,1
2,1147,3,6
4,1148,1,7
4,1148,2,1
4,1148,3,7
4,1149,1,7
4,1149,2,1
4,1149,3,"enrolled + FA app.
but not eligible"
1,1150,1,7
1,1150,2,1
1,1150,3,"not enrolled + FA app.
but not eligible"
17,1151,1,7
17,1151,2,1
17,1151,3,
10,1152,1,7
10,1152,2,2
10,1152,3,0bis
7,1153,1,7
7,1153,2,2
7,1153,3,1
4,1154,1,7
4,1154,2,2
4,1154,3,2
5,1155,1,7
5,1155,2,2
5,1155,3,3
4,1156,1,7
4,1156,2,2
4,1156,3,4
5,1157,1,7
5,1157,2,2
5,1157,3,5
3,1158,1,7
3,1158,2,2
3,1158,3,6
4,1159,1,7
4,1159,2,2
4,1159,3,7
4,1160,1,7
4,1160,2,2
4,1160,3,"enrolled + FA app.
but not eligible"
21,1161,1,7
21,1161,2,2
21,1161,3,
3,1162,1,7
3,1162,2,3
3,1162,3,0bis
5,1163,1,7
5,1163,2,3
5,1163,3,1
10,1164,1,7
10,1164,2,3
10,1164,3,2
10,1165,1,7
10,1165,2,3
10,1165,3,3
7,1166,1,7
7,1166,2,3
7,1166,3,4
12,1167,1,7
12,1167,2,3
12,1167,3,5
12,1168,1,7
12,1168,2,3
12,1168,3,6
3,1169,1,7
3,1169,2,3
3,1169,3,7
5,1170,1,7
5,1170,2,3
5,1170,3,"enrolled + FA app.
but not eligible"
36,1171,1,7
36,1171,2,3
36,1171,3,
3,1172,1,7
3,1172,2,4
3,1172,3,0bis
12,1173,1,7
12,1173,2,4
12,1173,3,1
6,1174,1,7
6,1174,2,4
6,1174,3,2
19,1175,1,7
19,1175,2,4
19,1175,3,3
14,1176,1,7
14,1176,2,4
14,1176,3,4
16,1177,1,7
16,1177,2,4
16,1177,3,5
13,1178,1,7
13,1178,2,4
13,1178,3,6
7,1179,1,7
7,1179,2,4
7,1179,3,7
5,1180,1,7
5,1180,2,4
5,1180,3,"enrolled + FA app.
but not eligible"
1,1181,1,7
1,1181,2,4
1,1181,3,"not enrolled + FA app.
but not eligible"
60,1182,1,7
60,1182,2,4
60,1182,3,
19,1183,1,7
19,1183,2,5
19,1183,3,0bis
13,1184,1,7
13,1184,2,5
13,1184,3,1
10,1185,1,7
10,1185,2,5
10,1185,3,2
19,1186,1,7
19,1186,2,5
19,1186,3,3
48,1187,1,7
48,1187,2,5
48,1187,3,4
134,1188,1,7
134,1188,2,5
134,1188,3,5
101,1189,1,7
101,1189,2,5
101,1189,3,6
46,1190,1,7
46,1190,2,5
46,1190,3,7
29,1191,1,7
29,1191,2,5
29,1191,3,"enrolled + FA app.
but not eligible"
17,1192,1,7
17,1192,2,5
17,1192,3,"not enrolled + FA app.
but not eligible"
211,1193,1,7
211,1193,2,5
211,1193,3,
9,1194,1,7
9,1194,2,6
9,1194,3,0bis
14,1195,1,7
14,1195,2,6
14,1195,3,1
18,1196,1,7
18,1196,2,6
18,1196,3,2
25,1197,1,7
25,1197,2,6
25,1197,3,3
56,1198,1,7
56,1198,2,6
56,1198,3,4
230,1199,1,7
230,1199,2,6
230,1199,3,5
1171,1200,1,7
1171,1200,2,6
1171,1200,3,6
436,1201,1,7
436,1201,2,6
436,1201,3,7
168,1202,1,7
168,1202,2,6
168,1202,3,"enrolled + FA app.
but not eligible"
78,1203,1,7
78,1203,2,6
78,1203,3,"not enrolled + FA app.
but not eligible"
1133,1204,1,7
1133,1204,2,6
1133,1204,3,
1,1205,1,7
1,1205,2,7
1,1205,3,0
11,1206,1,7
11,1206,2,7
11,1206,3,0bis
23,1207,1,7
23,1207,2,7
23,1207,3,1
11,1208,1,7
11,1208,2,7
11,1208,3,2
19,1209,1,7
19,1209,2,7
19,1209,3,3
32,1210,1,7
32,1210,2,7
32,1210,3,4
121,1211,1,7
121,1211,2,7
121,1211,3,5
1159,1212,1,7
1159,1212,2,7
1159,1212,3,6
6994,1213,1,7
6994,1213,2,7
6994,1213,3,7
683,1214,1,7
683,1214,2,7
683,1214,3,"enrolled + FA app.
but not eligible"
428,1215,1,7
428,1215,2,7
428,1215,3,"not enrolled + FA app.
but not eligible"
4734,1216,1,7
4734,1216,2,7
4734,1216,3,
3,1217,1,7
3,1217,2,"enrolled + FA app.
but not eligible"
3,1217,3,0bis
1,1218,1,7
1,1218,2,"enrolled + FA app.
but not eligible"
1,1218,3,1
3,1219,1,7
3,1219,2,"enrolled + FA app.
but not eligible"
3,1219,3,5
10,1220,1,7
10,1220,2,"enrolled + FA app.
but not eligible"
10,1220,3,6
36,1221,1,7
36,1221,2,"enrolled + FA app.
but not eligible"
36,1221,3,7
19,1222,1,7
19,1222,2,"enrolled + FA app.
but not eligible"
19,1222,3,"enrolled + FA app.
but not eligible"
15,1223,1,7
15,1223,2,"enrolled + FA app.
but not eligible"
15,1223,3,"not enrolled + FA app.
but not eligible"
219,1224,1,7
219,1224,2,"enrolled + FA app.
but not eligible"
219,1224,3,
3,1225,1,7
3,1225,2,"not enrolled + FA app.
but not eligible"
3,1225,3,6
9,1226,1,7
9,1226,2,"not enrolled + FA app.
but not eligible"
9,1226,3,7
2,1227,1,7
2,1227,2,"not enrolled + FA app.
but not eligible"
2,1227,3,"not enrolled + FA app.
but not eligible"
39,1228,1,7
39,1228,2,"not enrolled + FA app.
but not eligible"
39,1228,3,
1,1229,1,7
1,1229,2,
1,1229,3,0
3,1230,1,7
3,1230,2,
3,1230,3,0bis
7,1231,1,7
7,1231,2,
7,1231,3,1
3,1232,1,7
3,1232,2,
3,1232,3,2
8,1233,1,7
8,1233,2,
8,1233,3,3
9,1234,1,7
9,1234,2,
9,1234,3,4
28,1235,1,7
28,1235,2,
28,1235,3,5
125,1236,1,7
125,1236,2,
125,1236,3,6
341,1237,1,7
341,1237,2,
341,1237,3,7
23,1238,1,7
23,1238,2,
23,1238,3,"enrolled + FA app.
but not eligible"
18,1239,1,7
18,1239,2,
18,1239,3,"not enrolled + FA app.
but not eligible"
3669,1240,1,7
3669,1240,2,
3669,1240,3,
